name,emb,u,v,t,disp_um,outcome,is_div,both_detected,crowd_um,z_um,pu,pv,chosen,chosen_disp_um,rank,s_true,s_best,n_cand,s_chosen,chosen_gt,chosen_dz_um,true_dz_um,true_dxy_um,chosen_dxy_um,true_target_taken_by,taker_gt,snr_u,snr_v,taker_dist_um,taker_disp_um,taker_score,taker_dz_um,taker_gt_child_detected,src_dup_um,src_logit,taker_logit,chosen_logit,true_logit,chosen_true_um,true_dup_um,to_div,since_div,chosen_n_strong_sources,margin,mech,zjit
44b6_1574802b,44b6,166000000021,167000000021,27,3.494694639736067,wrong_link_parent,False,True,10.399037219038467,87.75,6546,6907,6807.0,1.6663418401991885,2,0.9783113598823547,0.9969233870506287,6,0.9969233870506287,,-1.6553592083510011,-3.8457352840341628,6.272482590924594,0.19100005163864564,,,15.088238716125488,13.988222122192383,,,,,,10.399037219038467,10.967605590820312,,9.008772850036621,7.803886413574219,6.754077875049029,6.754077875049029,,,1.0,0.018612027168273926,"L1a wrong partner chosen, near-tie (margin < 0.1)",True
44b6_1574802b,44b6,191000000021,192000000021,52,11.058659290913162,wrong_link_both,False,True,10.800804582598737,78.0,11774,11937,11949.0,8.54122060663335,2,0.9576146006584167,0.9862403273582458,3,0.9862403273582458,,4.805303318426013,-9.745412293821573,8.203059563262643,7.061268262083104,11769.0,,20.02151107788086,19.076576232910156,13.125647885495004,1.8291024917191376,0.9996614456176758,-11.043643524870276,,10.800804582598737,14.081477165222168,15.089399337768555,10.083003044128418,14.900647163391113,15.352727976596723,11.236629245699984,,,1.0,0.0286257266998291,"L1a wrong partner chosen, near-tie (margin < 0.1)",True
44b6_1574802b,44b6,169000000021,170000000021,30,3.8540258983302125,wrong_link_child,False,True,6.130491286811075,81.25,7435,7548,,,1,0.9907921552658081,0.9907921552658081,6,,,,-6.1636256985366344,3.744489763393927,,7324.0,,14.87655258178711,12.717777252197266,6.130491286811075,1.806775311222278,0.9966932535171509,-4.596788068767637,,6.130491286811075,7.391086101531982,8.405013084411621,,9.069668769836426,,11.208471794811896,,,,,L2 true target stolen by an unannotated competitor; cell left unlinked,True
44b6_1574802b,44b6,197000000021,198000000021,58,1.4647552056572457,wrong_link_parent,False,True,9.159556457908007,58.5,12754,12953,12913.0,6.672981775754976,2,0.9866277575492859,0.9893553853034973,7,0.9893553853034973,,-5.815639751031995,1.8669360796920955,1.7644206184364757,3.2721583191793373,,,20.409835815429688,19.96709632873535,,,,,,9.159556457908007,10.159936904907227,,9.204617500305176,7.761650085449219,8.155359649313223,8.155359649313223,,,1.0,0.0027276277542114258,"L1a wrong partner chosen, near-tie (margin < 0.1)",False
44b6_1574802b,44b6,190000000021,191000000021,51,5.202538442914189,wrong_link_child,False,True,9.521638676070541,79.625,11642,11774,,,1,0.8327431082725525,0.8327431082725525,4,,,,-2.3838728573173285,6.988199154208968,,11605.0,,17.61606788635254,20.02151107788086,9.521638676070541,6.432618324270923,0.9928272366523743,3.0743935611099005,,9.521638676070541,8.312503814697266,10.685258865356445,,14.081477165222168,,10.800804582598737,,,,,L2 true target stolen by an unannotated competitor; cell left unlinked,False
44b6_1574802b,44b6,160000000021,161000000021,21,2.0714766773970688,wrong_link_both,False,True,6.617681107898831,92.625,5196,5371,5533.0,9.164802218251058,1,0.9624433517456055,0.9624433517456055,7,0.6252101063728333,,-9.055392876267433,4.547428112477064,5.235550439862181,1.4118992726482131,5137.0,,10.333921432495117,13.916234016418457,9.532126545864097,2.816545375890357,0.9976868629455566,5.97566638700664,,6.617681107898831,8.413256645202637,10.205018997192383,7.404427528381348,12.560042381286621,15.136847785299015,9.177184448289395,,,2.0,-0.3372332453727722,L1c wrong partner: true partner ranked first but taken (greedy),True
44b6_706092f0,44b6,465000000010,466000000010,68,0.0,wrong_link_both,False,True,6.503192412105622,50.375,42426,43041,43371.0,7.44536001569257,1,0.9952645301818848,0.9952645301818848,5,0.7261526584625244,,2.6565229073166847,-0.1516417507082224,4.41219732500466,6.955305299278772,42464.0,,1.2791575193405151,1.400418996810913,6.503192412105622,2.1021333157498883,0.9968008995056152,-0.28609164990484715,,6.503192412105622,8.830728530883789,8.36436939239502,7.081600666046143,9.205428123474121,9.524112403946832,9.524112403946832,,,1.0,-0.26911187171936035,L1c wrong partner: true partner ranked first but taken (greedy),False
44b6_706092f0,44b6,418000000013,419000000013,21,1.625,wrong_link_child,False,True,8.966137849930092,52.0,13143,13727,,,3,0.4833900034427643,0.9935343265533447,8,,,,0.09737071266863495,9.297194378528085,,13107.0,,1.3522355556488037,1.3232042789459229,9.36763478605982,0.3222502434220251,0.9980338215827942,0.3133709985995665,,8.966137849930092,8.551279067993164,9.698569297790527,,9.89352798461914,,7.358125600467513,,,,,L2 true target stolen by an unannotated competitor; cell left unlinked,False
44b6_706092f0,44b6,438000000014,439000000015,41,0.40625,wrong_link_both,False,True,7.069738719209413,50.375,25588,26261,26222.0,1.3167164921518646,3,0.4639268219470978,0.998166561126709,7,0.998166561126709,,0.24816826358437538,-3.324643353931606,8.770046022801404,1.2931182597327389,25646.0,,1.3062604665756226,1.285144567489624,9.340408792298378,0.6535950034465446,0.9966296553611755,-3.611266993917525,,7.069738719209413,9.674575805664062,8.351472854614258,9.383966445922852,8.415384292602539,8.743939455408082,8.743939455408082,8.0,,3.0,0.5342397391796112,"L1b wrong partner chosen, confident (margin > 0.5)",True
44b6_706092f0,44b6,417000000013,418000000013,20,0.5745242597140698,wrong_link_parent,False,True,9.060727207488876,52.0,12478,13143,13107.0,0.18734708235115996,3,0.5712587237358093,0.9979358911514282,8,0.9979358911514282,,-0.060263797640800476,-0.373634796240367,9.22278316552162,0.17738997705451387,,,1.4593536853790283,1.3522355556488037,,,,,,9.060727207488876,9.74277400970459,,9.698569297790527,8.551279067993164,9.36763478605982,8.966137849930092,,,2.0,0.4266771674156189,"L1b wrong partner chosen, intermediate margin",False
44b6_706092f0,44b6,435000000014,436000000014,38,0.9084026158592896,wrong_link_both,False,True,9.328048576345388,50.375,23806,24317,24467.0,0.6413949472366095,2,0.8057354688644409,0.996936559677124,6,0.996936559677124,,0.05212129233404994,3.0425721760839224,7.790843765732089,0.6392736888266883,23694.0,,1.392877221107483,1.5082474946975708,9.328048576345388,1.0822023575655544,0.9976724982261658,2.9068252090364695,,9.328048576345388,7.958230972290039,9.00472354888916,7.8536834716796875,9.321125030517578,8.710294283039671,8.710294283039671,,,1.0,0.1912010908126831,"L1b wrong partner chosen, intermediate margin",True
44b6_706092f0,44b6,434000000014,435000000014,37,1.1490485194281397,wrong_link_both,False,True,9.547081508043266,50.375,23079,23806,23694.0,0.2779284216568838,2,0.4365955889225006,0.997292697429657,6,0.997292697429657,,-0.20619657076895237,-3.113021779805422,8.844145130045312,0.18635230550709866,23147.0,,1.4787402153015137,1.392877221107483,9.547081508043266,0.4368029608692653,0.9970389604568481,-3.2228355016559362,,9.547081508043266,9.405939102172852,8.222105979919434,9.00472354888916,7.958230972290039,9.328048576345388,9.328048576345388,,,2.0,0.5606971085071564,"L1b wrong partner chosen, confident (margin > 0.5)",True
44b6_706092f0,44b6,469000000010,470000000010,72,2.1877232028983924,wrong_link_parent,False,True,8.690998090243989,50.375,44889,45554,45571.0,1.8134372392656926,2,0.9933739900588989,0.9966431856155396,7,0.9966431856155396,,0.03836086764931679,-3.0047800559550524,4.927853519256415,1.813031457142641,,,1.3069617748260498,1.245225429534912,,,,,,8.690998090243989,9.159099578857422,,8.165115356445312,8.450669288635254,7.261124541542292,7.2611245415422925,,,1.0,0.003269195556640625,"L1a wrong partner chosen, near-tie (margin < 0.1)",True
44b6_d5e7d891,44b6,249000000023,250000000023,88,1.1490485194281397,wrong_link_child,False,True,6.832046749292821,91.0,39539,40083,,,1,0.9611728191375732,0.9611728191375732,8,,,,6.089025010354817,1.8655520254011428,,39425.0,,1.4904372692108154,1.4795923233032227,6.832046749292821,0.5651335958632746,0.9937800765037537,6.533605355769396,,6.832046749292821,7.350131034851074,7.726484298706055,,7.481867790222168,,7.814976971271013,,,,,L2 true target stolen by an unannotated competitor; cell left unlinked,True
44b6_d5e7d891,44b6,241000000015,242000000015,80,2.9575446425202108,wrong_link_both,False,True,8.932337802945266,68.25,34599,35149,35176.0,0.9235663330568767,5,0.077146515250206,0.9967166781425476,9,0.9967166781425476,,-0.817033126950264,-10.046212149783969,8.081174987263733,0.4306177435057683,34547.0,,1.524918794631958,1.7664756774902344,15.025521579555663,3.455026801390766,0.9974578022956848,-13.107532484456897,,8.932337802945266,8.685455322265625,9.758649826049805,8.813547134399414,9.236748695373535,12.075614632169325,8.983914185062696,,,1.0,0.9195701628923416,"L1b wrong partner chosen, confident (margin > 0.5)",True
44b6_d5e7d891,44b6,182000000025,183000000025,21,0.5745242597140698,wrong_link_both,False,True,7.827068134577723,52.0,7321,7655,7656.0,3.2847531365746954,3,0.18050284683704376,0.9584060311317444,10,0.9584060311317444,,-3.1001859148964286,0.5353877590969205,6.344124458318992,1.085564581826016,7298.0,,3.6551482677459717,3.717113971710205,10.967553404876066,6.459254523705084,0.5298688411712646,-3.3360319854691625,,7.827068134577723,6.25661563873291,6.7614569664001465,7.061405658721924,7.093703269958496,7.889562045849389,7.889562045849389,,,1.0,0.7779031842947006,"L1b wrong partner chosen, confident (margin > 0.5)",False
44b6_d5e7d891,44b6,244000000016,245000000016,83,0.0,wrong_link_child,False,True,7.380764061581638,58.5,36438,36953,,,1,0.8780113458633423,0.8780113458633423,10,,,,0.12614896520972252,7.311924399646684,,36311.0,,1.6479086875915527,1.7582957744598389,7.380764061581638,0.8475332213202268,0.9969797730445862,0.04034322686493397,,7.380764061581638,8.219456672668457,9.196474075317383,,8.55993938446045,,6.063015168749141,,,,,L2 true target stolen by an unannotated competitor; cell left unlinked,False
44b6_d5e7d891,44b6,163000000024,164000000024,2,1.86167137607581,wrong_link_parent,False,True,5.930468364893565,45.5,652,976,960.0,2.3258209720750025,3,0.7878696918487549,0.9960185885429382,11,0.9960185885429382,,-2.1568392738699913,-9.206792875076644,2.9231937322894708,0.8703376016442577,,,5.311234474182129,4.817976951599121,,,,,,5.930468364893565,8.833494186401367,,8.717041969299316,8.559392929077148,7.4701823386564215,7.264765760170272,,,2.0,0.20814889669418335,"L1b wrong partner chosen, intermediate margin",True
44b6_d5e7d891,44b6,217000000025,218000000025,56,1.6750116604071745,wrong_link_both,False,True,5.102965068101294,68.25,22380,22894,22807.0,2.9219126391562753,9,0.008365471847355366,0.9936645030975342,12,0.9936645030975342,,2.5078935474157333,12.878522280603647,3.3895260889724574,1.4993476667176693,22373.0,,2.690657615661621,2.5793840885162354,13.355981955906977,1.5932727803459397,0.9690439105033875,13.038474917411804,,5.102965068101294,7.531170845031738,7.567663192749023,7.861234664916992,7.37855863571167,11.465149991832437,6.770303719583881,,,2.0,0.9852990312501788,"L1b wrong partner chosen, confident (margin > 0.5)",True
44b6_d5e7d891,44b6,245000000023,246000000023,84,1.86167137607581,wrong_link_both,False,True,7.618754076677393,86.125,36979,37652,37660.0,0.3345785400877025,2,0.9910454154014587,0.9951381087303162,12,0.9951381087303162,,-0.021353699266910553,4.96962871029973,2.044273103688755,0.3338964195897235,37177.0,,1.8618056774139404,2.042067289352417,10.223093906861084,7.382759363680503,0.8156241774559021,4.394403081620112,,7.618754076677393,8.393798828125,7.578680992126465,7.866751670837402,7.899406909942627,5.305535051066524,5.305535051066524,,,2.0,0.004092693328857422,"L1a wrong partner chosen, near-tie (margin < 0.1)",True
44b6_d5e7d891,44b6,178000000025,179000000025,17,0.40625,wrong_link_both,False,True,6.3484057301072045,52.0,5642,6105,6084.0,7.510285611060164,4,0.14653560519218445,0.9835920333862305,15,0.7026395201683044,,-3.283117678016424,-2.963441714644432,9.529318549633809,6.754667147387307,5693.0,,4.207432270050049,4.2702131271362305,10.680562938173093,0.8738028038581264,0.9821552634239197,-3.1438759453594685,,6.3484057301072045,8.309008598327637,8.010764122009277,7.856928825378418,7.7421441078186035,13.117538410025935,9.26214014268438,,,2.0,0.55610391497612,"L1b wrong partner chosen, confident (margin > 0.5)",False
44b6_d5e7d891,44b6,248000000023,249000000023,87,2.9575446425202108,wrong_link_parent,False,True,5.787805090928262,89.375,38931,39539,39425.0,3.592667757118117,2,0.992518424987793,0.9941447377204895,10,0.9941447377204895,,3.2958605475723743,-3.2377448081970215,1.5542648094831981,1.4298828147761105,,,1.6889501810073853,1.4904372692108154,,,,,,5.787805090928262,7.454438209533691,,7.726484298706055,7.350131034851074,6.832046749292821,6.832046749292821,,,3.0,0.0016263127326965332,"L1a wrong partner chosen, near-tie (margin < 0.1)",True
44b6_d5e7d891,44b6,162000000051,163000000051,1,2.03125,wrong_link_child,False,True,7.340489017243522,24.375,442,658,,,1,0.8584397435188293,0.8584397435188293,9,,,,7.132050514221191,2.8116310283039145,,449.0,,5.9736456871032715,5.196406364440918,7.340489017243522,0.6076671313503876,0.9898864030838013,6.899328283441719,,7.340489017243522,8.254215240478516,8.208316802978516,,8.719332695007324,,9.02249453805683,,,,,L2 true target stolen by an unannotated competitor; cell left unlinked,True
44b6_d5e7d891,44b6,181000000034,182000000034,20,1.625,wrong_link_child,False,True,6.137763765577774,6.5,6868,7190,,,1,0.9761256575584412,0.9761256575584412,6,,,,-3.829033234331291,4.793422184723525,,6777.0,,5.558800220489502,5.84782075881958,6.137763765577774,1.2324412591757952,0.9966141581535339,-3.740997557528317,,6.137763765577774,7.581587791442871,8.244673728942871,,7.97410249710083,,11.419705237902052,,,,,L2 true target stolen by an unannotated competitor; cell left unlinked,True
44b6_d5e7d891,44b6,221000000033,222000000033,60,1.9902104160113323,wrong_link_both,False,True,9.109606936813636,6.5,24151,24702,24793.0,1.817265794300074,2,0.7514781951904297,0.9871118664741516,8,0.9871118664741516,,-0.8086891882121563,3.065233815461397,6.052040151892876,1.6274141341409822,24205.0,,2.9137868881225586,2.7485809326171875,9.109606936813636,3.4536765243116467,0.9889274835586548,6.151620786637068,,9.109606936813636,8.271232604980469,8.016706466674805,7.497742652893066,7.933981418609619,6.502255055963096,6.502255055963095,,,1.0,0.23563367128372192,"L1b wrong partner chosen, intermediate margin",True
44b6_d5e7d891,44b6,255000000025,256000000025,94,5.154734625807618,wrong_link_child,False,True,6.308125102014311,97.5,43157,43434,,,1,0.8248240947723389,0.8248240947723389,7,,,,-3.8383606895804405,5.090746267315636,,42909.0,,1.5960240364074707,1.4321978092193604,6.308125102014311,1.5707476653198715,0.9936773180961609,-3.4803513176739216,,6.308125102014311,6.648650169372559,7.757534027099609,,8.00444221496582,,8.54497677787923,,,,,L2 true target stolen by an unannotated competitor; cell left unlinked,True
44b6_d5e7d891,44b6,246000000011,247000000011,85,0.9084026158592896,wrong_link_parent,False,True,8.405464144419168,22.75,37615,38254,38136.0,3.103291980291809,3,0.08338942378759384,0.992988646030426,10,0.992988646030426,,-3.0370829476596555,10.399099642541842,3.2027788290598966,0.6376113894672808,,,1.9022494554519653,2.0581490993499756,,,,,,8.405464144419168,8.087235450744629,,8.288541793823242,7.832829475402832,13.772319942373388,7.847614194007544,,,1.0,0.9095992222428322,"L1b wrong partner chosen, confident (margin > 0.5)",True
44b6_d5e7d891,44b6,216000000025,217000000025,55,1.284675299443404,wrong_link_both,False,True,7.575962144534978,68.25,21917,22380,22373.0,0.9225826180703509,4,0.030728381127119064,0.976143479347229,15,0.976143479347229,,0.6588528985157609,-12.379622018896043,2.8445300527455206,0.6458107658462526,21866.0,,2.868527889251709,2.690657615661621,12.943062399288976,1.2857876844742993,0.9922602772712708,-12.83703098911792,,7.575962144534978,7.494985580444336,7.754211902618408,7.567663192749023,7.531170845031738,13.355981955906977,5.102965068101294,,,1.0,0.9454150982201099,"L1b wrong partner chosen, confident (margin > 0.5)",True
44b6_d5e7d891,44b6,209000000025,210000000025,48,1.8168052317185792,wrong_link_both,False,True,7.5261113107140245,65.0,18548,19065,18950.0,2.738622068257744,5,0.07206778973340988,0.9928190112113953,14,0.9928190112113953,,-2.6989462468773127,10.47508037276566,2.874772790233548,0.46447819024706644,18574.0,,2.975978136062622,2.843245506286621,10.676884638444443,0.5180999975348302,0.9919514656066895,10.303617645055056,,7.5261113107140245,7.997992992401123,7.904412269592285,8.319076538085938,7.777444839477539,13.495447767978238,9.394410234691899,,,2.0,0.9207512214779854,"L1b wrong partner chosen, confident (margin > 0.5)",True
44b6_d5e7d891,44b6,208000000033,209000000034,47,4.0010984819796676,division_second_child,True,True,9.594328997488711,16.25,18143,18749,18572.0,3.40516307789331,2,0.8935397267341614,0.9884456396102905,12,0.9884456396102905,209000000033.0,-0.08463107421994209,-2.9926598018500954,4.574488660690158,3.4041112156221067,,,3.0444486141204834,2.4361729621887207,,,,,,9.594328997488711,7.687098979949951,,7.9113688468933105,6.343148708343506,8.463581838491436,8.463581838491436,0.0,,1.0,0.09490591287612915,L4 division (second child never linked),False
44b6_d5e7d891,44b6,170000000024,171000000024,9,2.2980970388562794,wrong_link_both,False,True,6.650779928067352,50.375,2934,3297,3267.0,3.84236008609305,2,0.4372485280036926,0.9909161925315857,13,0.9909161925315857,,-3.154437071410939,0.18432475626468658,7.7643377477852615,2.1939138072653104,2951.0,,4.682159900665283,4.324889183044434,6.650779928067353,2.626886143168244,0.9855015873908997,-0.2576774712651968,,6.650779928067352,8.122682571411133,8.039607048034668,8.157301902770996,7.931155681610107,7.698484530154311,6.414176422907981,,,2.0,0.5536676645278931,"L1b wrong partner chosen, confident (margin > 0.5)",False
44b6_d5e7d891,44b6,220000000033,221000000033,59,3.5648292823780494,wrong_link_both,False,True,7.119560151401992,9.75,23681,24151,24205.0,1.7868465320115352,3,0.7831387519836426,0.989479124546051,14,0.989479124546051,,-0.25561030115932226,-6.40723108779639,5.045086667171371,1.7684693672503606,23593.0,,2.7751076221466064,2.9137868881225586,11.574616773873096,3.775084607574106,0.9946909546852112,-9.992358832620084,,7.119560151401992,8.282781600952148,8.810096740722656,8.016706466674805,8.271232604980469,9.109606936813636,9.109606936813636,,,3.0,0.20634037256240845,"L1b wrong partner chosen, intermediate margin",True
44b6_d5e7d891,44b6,220000000025,221000000025,59,1.8168052317185792,wrong_link_parent,False,True,6.4921036771491805,69.875,23792,24258,24227.0,0.6607676959923149,2,0.5062750577926636,0.9909517765045166,10,0.9909517765045166,,-0.4981001215055585,6.872576299123466,4.880292031151553,0.4341776330295472,,,2.2753148078918457,2.3707382678985596,,,,,,6.4921036771491805,7.744050025939941,,7.8865814208984375,7.745030403137207,8.624932206147864,7.3046747813588375,,,3.0,0.484676718711853,"L1b wrong partner chosen, intermediate margin",True
44b6_d5e7d891,44b6,244000000023,245000000023,83,1.7235727791422095,wrong_link_child,False,True,7.088308168175589,87.75,36449,36979,,,1,0.9936009049415588,0.9936009049415588,13,,,,-4.796860730275512,2.2088729994921765,,36485.0,,2.0385255813598633,1.8618056774139404,7.088308168175589,2.165811330239399,0.9970241189002991,-6.885789669351652,,7.088308168175589,8.187294960021973,8.02878189086914,,8.393798828125,,7.618754076677393,,,,,L2 true target stolen by an unannotated competitor; cell left unlinked,True
44b6_d5e7d891,44b6,184000000034,185000000034,23,1.86167137607581,wrong_link_child,False,True,4.971108481297818,6.5,8031,8362,,,3,0.5841089487075806,0.9314276576042175,8,,,,8.515028394758701,3.177640600244454,,8013.0,,5.383101940155029,5.374906063079834,6.230673658799595,2.861496298254321,0.9956449270248413,5.843091540969908,,4.971108481297818,7.1932783126831055,7.4546308517456055,,7.622746467590332,,8.882342407986652,,,,,L2 true target stolen by an unannotated competitor; cell left unlinked,True
44b6_d5e7d891,44b6,208000000017,209000000017,47,1.86167137607581,wrong_link_both,False,True,11.756478672808381,50.375,17889,18330,18352.0,1.8741853817858884,2,0.4202270805835724,0.997645914554596,9,0.997645914554596,,-0.08957527065649629,2.7848019818775356,8.959893185229442,1.872043566850604,17883.0,,2.511355400085449,2.3518097400665283,11.756478672808381,3.4697286797751947,0.9967119693756104,5.7868809956125915,,11.756478672808381,9.561479568481445,9.632802963256836,9.298548698425293,9.748422622680664,10.260400371887451,8.989671408446826,,,1.0,0.5774188339710236,"L1b wrong partner chosen, confident (margin > 0.5)",False
44b6_d5e7d891,44b6,196000000017,197000000017,35,0.5745242597140698,wrong_link_parent,False,True,7.060739995588396,47.125,12493,12929,12947.0,3.0897566943700716,3,0.9565946459770203,0.9976233839988708,11,0.9976233839988708,,2.3456109538674355,3.3829983919858932,6.94767182016294,2.011145366079183,,,2.7677831649780273,2.9795918464660645,,,,,,7.060739995588396,9.49424934387207,,9.323442459106445,9.639803886413574,9.00228404906465,8.563221088484465,,,4.0,0.041028738021850586,"L1a wrong partner chosen, near-tie (margin < 0.1)",True
44b6_d5e7d891,44b6,207000000010,208000000010,46,1.7235727791422095,wrong_link_child,False,True,8.213725111334746,37.375,17777,18204,,,1,0.871650755405426,0.871650755405426,11,,,,-6.2516470472328365,1.922896869868357,,17564.0,,2.232855796813965,2.1355197429656982,9.140896381900268,3.585903847714502,0.9814033508300781,-8.945775290951133,,8.213725111334746,6.973984718322754,8.292573928833008,,7.390945911407471,,8.287058639539184,,,,,L2 true target stolen by an unannotated competitor; cell left unlinked,True
44b6_d5e7d891,44b6,214000000011,215000000011,53,0.40625,wrong_link_child,False,True,5.318272056353154,13.0,20897,21257,,,3,0.08288050442934036,0.9396497011184692,11,,,,5.419969513081014,7.321943532222407,,20842.0,,2.313856840133667,2.1808323860168457,13.21384917279952,5.766694121776404,0.9790129661560059,11.17984236869961,,5.318272056353154,7.934683322906494,8.270133972167969,,8.501176834106445,,8.512134091959819,,,,,L2 true target stolen by an unannotated competitor; cell left unlinked,True
44b6_d5e7d891,44b6,247000000024,248000000024,86,1.625,wrong_link_both,False,True,6.711102967007857,92.625,38348,38946,39036.0,5.608475626264119,1,0.9861072301864624,0.9861072301864624,6,0.9296362400054932,,3.9619164634495974,-2.019662592560053,3.692401873222828,3.9696620494754633,38327.0,,1.9551187753677368,1.90631103515625,6.711102967007857,4.097271936024163,0.9907976388931274,0.7947153802961111,,6.711102967007857,7.507885932922363,7.614440441131592,7.028441429138184,7.4212846755981445,9.000847282582988,8.6807196690612,,,1.0,-0.05647099018096924,L1c wrong partner: true partner ranked first but taken (greedy),False
44b6_d5e7d891,44b6,219000000025,220000000025,58,1.7235727791422095,wrong_link_child,False,True,7.464893291942674,71.5,23338,23792,,,1,0.7052431702613831,0.7052431702613831,12,,,,-6.996935482136905,3.994236512365849,,23307.0,,2.515284299850464,2.2753148078918457,7.813330433828089,0.5547715877985261,0.9901925325393677,-6.6186531111598015,,7.464893291942674,7.684022426605225,7.798672199249268,,7.744050025939941,,6.4921036771491805,,,,,L2 true target stolen by an unannotated competitor; cell left unlinked,True
44b6_d5e7d891,44b6,215000000033,216000000033,54,0.5745242597140698,wrong_link_parent,False,True,7.516833060626969,13.0,21391,21721,21834.0,0.27251888051005113,2,0.9593625664710999,0.9919964671134949,12,0.9919964671134949,,0.10232680290937424,-7.2634503692388535,1.6732569479174548,0.2525782366729121,,,2.4518232345581055,2.721252202987671,,,,,,7.516833060626969,7.815614700317383,,7.939677715301514,8.484209060668945,7.52387586265438,5.865218394878678,,7.0,1.0,0.03263390064239502,"L1a wrong partner chosen, near-tie (margin < 0.1)",True
44b6_d5e7d891,44b6,210000000011,211000000011,49,2.1877232028983924,wrong_link_parent,False,True,8.376259291713755,9.75,18935,19522,19504.0,1.3782606497003607,2,0.9511125087738037,0.9895102977752686,12,0.9895102977752686,,-1.1701077036559582,6.698393944650888,2.0979209809031816,0.7283202457418304,,,2.617656707763672,2.5445330142974854,,,,,,8.376259291713755,8.427718162536621,,7.85355281829834,7.775412559509277,8.262989379961546,7.014694126002018,,,1.0,0.038397789001464844,"L1a wrong partner chosen, near-tie (margin < 0.1)",True
44b6_d5e7d891,44b6,215000000025,216000000025,54,2.1877232028983924,wrong_link_child,False,True,5.80068147394798,66.625,21439,21917,,,4,0.22713080048561096,0.9903796911239624,14,,,,9.490352258551866,1.5479383828463933,,21424.0,,2.649712562561035,2.868527889251709,12.705014572059206,3.1041841251479836,0.9829896688461304,12.586622779723257,,5.80068147394798,7.533708095550537,7.623255729675293,,7.494985580444336,,7.575962144534978,,,,,L2 true target stolen by an unannotated competitor; cell left unlinked,True
44b6_d5e7d891,44b6,207000000017,208000000017,46,0.8125,wrong_link_child,False,True,7.16001510807683,50.375,17496,17889,,,5,0.5447401404380798,0.9916354417800903,9,,,,-0.20048850728198886,8.703607076675961,,17553.0,,2.3023622035980225,2.511355400085449,7.954120145205273,2.3675516196958712,0.9972564578056335,-0.9521505683660507,,7.16001510807683,8.665810585021973,8.325484275817871,,9.561479568481445,,11.756478672808381,,,,,L2 true target stolen by an unannotated competitor; cell left unlinked,False
44b6_d5e7d891,44b6,203000000025,204000000025,42,1.284675299443404,wrong_link_both,False,True,6.183459112768345,65.0,15919,16307,16166.0,7.019138233780259,1,0.7560685276985168,0.7560685276985168,16,0.7529863119125366,,3.445911170914769,6.540989242494106,3.3643104616322,6.115063184226362,15833.0,,2.8850464820861816,2.6559247970581055,7.982014001924292,0.7953417858435016,0.9875076413154602,7.106063101440668,,6.183459112768345,7.312106132507324,7.830122947692871,8.441793441772461,7.669706344604492,7.179212737717563,7.179212737717563,,,3.0,-0.0030822157859802246,L1c wrong partner: true partner ranked first but taken (greedy),True
44b6_d5e7d891,44b6,248000000011,249000000011,87,1.6750116604071745,wrong_link_parent,False,True,7.042439343012153,24.375,38874,39344,39525.0,1.4754849056163062,2,0.8988775014877319,0.9857282042503357,12,0.9857282042503357,,-0.3564336448907852,-6.731376796960831,3.01430368324316,1.4317858650969528,,,2.0327558517456055,1.9483442306518555,,,,,,7.042439343012153,7.676669597625732,,7.410289764404297,8.030284881591797,7.097146973536225,7.097146973536225,,,2.0,0.08685070276260376,"L1a wrong partner chosen, near-tie (margin < 0.1)",True
44b6_d5e7d891,44b6,241000000011,242000000011,80,0.9084026158592896,wrong_link_child,False,True,7.329200559641987,27.625,34855,35411,,,1,0.8922207951545715,0.8922207951545715,13,,,,0.7741142399609089,5.736045442824903,,34946.0,,2.167332410812378,1.8715732097625732,7.329200559641988,1.9969216268206826,0.9876337051391602,0.9485262800008059,,7.329200559641987,7.687862396240234,7.280466079711914,,7.793372631072998,,7.4316682986768585,,,,,L2 true target stolen by an unannotated competitor; cell left unlinked,False
44b6_d5e7d891,44b6,247000000023,248000000023,86,2.4375,wrong_link_child,False,True,7.680709770528885,87.75,38235,38931,,,1,0.9625163078308105,0.9625163078308105,15,,,,5.218867395073175,3.7019752817052214,,38522.0,,1.8464046716690063,1.6889501810073853,10.698804112557303,4.649480410854788,0.9822127819061279,9.272466016933322,,7.680709770528885,7.901329040527344,6.395523548126221,,7.454438209533691,,5.787805090928262,,,,,L2 true target stolen by an unannotated competitor; cell left unlinked,True
44b6_d5e7d891,44b6,207000000025,208000000025,46,2.03125,wrong_link_parent,False,True,10.147840358240458,66.625,17569,18228,18026.0,2.503947802420307,5,0.06135480850934982,0.9953433871269226,14,0.9953433871269226,,-2.2736844420433044,-12.802332438528538,1.6461040525665906,1.0488630297878323,,,2.8290224075317383,2.9783129692077637,,,,,,10.147840358240458,8.258716583251953,,8.293006896972656,7.248945236206055,10.744316031366267,5.617719463546626,,,1.0,0.9339885786175728,"L1b wrong partner chosen, confident (margin > 0.5)",True
44b6_d5e7d891,44b6,189000000048,190000000047,28,0.40625,wrong_link_child,False,True,7.196722872377579,11.375,9910,10309,,,1,0.9658752083778381,0.9658752083778381,10,,,,-5.672832183539867,2.916546116323602,,9923.0,,2.987522840499878,2.6009483337402344,7.196722872377579,2.714603281944147,0.9844122529029846,-6.575755145400763,,7.196722872377579,7.358240604400635,7.279303073883057,,7.2080888748168945,,8.40217733253386,,,,,L2 true target stolen by an unannotated competitor; cell left unlinked,True
44b6_d5e7d891,44b6,206000000025,207000000025,45,1.8168052317185792,wrong_link_both,False,True,7.59238137453324,65.0,17104,17569,17494.0,3.56002739929973,3,0.15450423955917358,0.9943165183067322,16,0.9943165183067322,,-3.218302558583673,9.170692630810663,4.893134569778044,1.5219473463883637,17076.0,,2.6910903453826904,2.8290224075317383,10.475475325373763,0.2698994654319865,0.9940133690834045,9.13964542816393,,7.59238137453324,8.291786193847656,8.435426712036133,8.676240921020508,8.258716583251953,13.821878033006222,10.147840358240458,,,3.0,0.8398122787475586,"L1b wrong partner chosen, confident (margin > 0.5)",True
44b6_d5e7d891,44b6,242000000023,243000000023,81,1.21875,wrong_link_parent,False,True,7.667350914428486,87.75,35253,35863,35872.0,3.317127988824882,2,0.9963449835777283,0.9964792132377625,15,0.9964792132377625,,-3.0373261147760786,3.6743334396160208,0.551674538227974,1.3334122268618431,,,1.8449729681015015,2.073129415512085,,,,,,7.667350914428486,8.400870323181152,,8.260679244995117,8.303606033325195,6.845499144528948,6.845499144528948,,,2.0,0.0001342296600341797,"L1a wrong partner chosen, near-tie (margin < 0.1)",True
44b6_d5e7d891,44b6,182000000034,183000000034,21,1.1490485194281397,wrong_link_parent,False,True,11.419705237902052,8.125,7190,7573,7571.0,0.07938168839245356,2,0.9886647462844849,0.9964643716812134,8,0.9964643716812134,,0.072131201333832,3.9098232287797146,4.286058003032405,0.03314426415195834,,,5.84782075881958,5.74666690826416,,,,,,11.419705237902052,7.97410249710083,,7.861758708953857,7.840793609619141,5.773387945181706,5.773387945181706,,,1.0,0.007799625396728516,"L1a wrong partner chosen, near-tie (margin < 0.1)",True
44b6_d5e7d891,44b6,240000000010,241000000010,79,3.0671202393287422,wrong_link_child,False,True,7.131712687470989,32.5,34137,34631,,,1,0.9826037287712097,0.9826037287712097,8,,,,-6.480533727444708,1.92092185315706,,34251.0,,1.840000033378601,1.8864085674285889,10.202415738735281,4.107694632987348,0.9937229752540588,-10.167529908940196,,7.131712687470989,8.267226219177246,7.855882167816162,,8.534534454345703,,5.462615887365808,,,,,L2 true target stolen by an unannotated competitor; cell left unlinked,True
44b6_d5e7d891,44b6,218000000033,219000000033,57,2.1877232028983924,wrong_link_child,False,True,6.321791654461116,11.375,22823,23172,,,1,0.9499091506004333,0.9499091506004333,12,,,,6.363325839862227,2.1983853912746256,,22784.0,,2.5989880561828613,2.682960033416748,6.51869459949752,1.4192522937744825,0.9911898374557495,6.268770081456751,,6.321791654461116,7.790388107299805,7.945625305175781,,8.409709930419922,,5.955618136365057,,10.0,,,L2 true target stolen by an unannotated competitor; cell left unlinked,True
44b6_d5e7d891,44b6,237000000016,238000000016,76,2.368824207280903,wrong_link_child,False,True,7.419115160130432,58.5,32736,33046,,,3,0.2419450432062149,0.5395357608795166,13,,,,-4.411219843197614,7.879826047783008,,32433.0,,1.8377443552017212,1.6186286211013794,8.817244429175206,4.835375971064136,0.9912069439888,-7.626428151968867,,7.419115160130432,7.2831339836120605,8.6204833984375,,8.243934631347656,,8.494779839140373,,,,,L2 true target stolen by an unannotated competitor; cell left unlinked,True
44b6_d5e7d891,44b6,189000000010,190000000010,28,1.1490485194281397,wrong_link_both,False,True,6.789156820568215,32.5,9684,10037,10084.0,3.694364773142378,2,0.9867100119590759,0.9940419793128967,11,0.9940419793128967,,-3.477964880876243,6.513363108970225,0.4213238477009222,1.2458295888390325,9654.0,,3.7362611293792725,3.3395731449127197,6.789156820568215,1.7695471510762533,0.9962182641029358,6.624769036861835,,6.789156820568215,8.948262214660645,9.236150741577148,8.824091911315918,9.376415252685547,10.099160763294359,6.798767097426324,,,3.0,0.007331967353820801,"L1a wrong partner chosen, near-tie (margin < 0.1)",True
44b6_d5e7d891,44b6,234000000023,235000000023,73,0.40625,wrong_link_both,False,True,7.254550007991558,73.125,30765,31397,31385.0,2.743032949487366,2,0.9962013363838196,0.9964327812194824,13,0.9964327812194824,,2.2134664580225945,-2.893508967012167,1.4967288789581756,1.6201222179768628,30869.0,,2.1922552585601807,2.2354886531829834,9.261385294383137,6.025437709105804,0.9882662892341614,-8.507578136399388,,7.254550007991558,8.54454231262207,8.108031272888184,8.327592849731445,8.233119010925293,5.570381112692084,5.570381112692084,,,3.0,0.0002314448356628418,"L1a wrong partner chosen, near-tie (margin < 0.1)",False
44b6_d5e7d891,44b6,217000000033,218000000033,56,2.1877232028983924,wrong_link_both,False,True,8.14956388572289,13.0,22216,22823,22784.0,3.4820663010603212,2,0.9920473098754883,0.9934192299842834,13,0.9934192299842834,,3.4752942700870335,-2.793475811369717,1.9356385427555105,0.21706096212847448,22281.0,,2.6865105628967285,2.5989880561828613,8.14956388572289,6.2175553734706215,0.6716936826705933,-3.0294297812506557,,8.14956388572289,8.377689361572266,8.00941276550293,7.945625305175781,7.790388107299805,6.51869459949752,6.321791654461116,,9.0,1.0,0.001371920108795166,"L1a wrong partner chosen, near-tie (margin < 0.1)",False
44b6_d5e7d891,44b6,210000000033,211000000033,49,1.7235727791422095,wrong_link_both,False,True,8.781378102619842,17.875,19066,19519,19461.0,3.641315732700299,11,0.007304572034627199,0.9833639860153198,14,0.9833639860153198,,-3.2447248958051205,3.474883273243904,10.2446713023032,1.6525557829474822,19027.0,,3.0509111881256104,2.82820987701416,18.346970580367753,10.092600403812371,0.5092747211456299,13.131111897528172,,8.781378102619842,7.772590160369873,7.944023609161377,8.070050239562988,7.788577079772949,12.25583275940723,5.690066058885886,,2.0,2.0,0.9760594139806926,"L1b wrong partner chosen, confident (margin > 0.5)",True
44b6_d5e7d891,44b6,202000000025,203000000025,41,0.9084026158592896,wrong_link_both,False,True,6.810332929562775,65.0,15275,15919,15744.0,3.7459289640025095,2,0.9586142301559448,0.9943021535873413,15,0.9943021535873413,,-3.74373344425112,-0.6941146394237876,5.435033825051609,0.12823299789274373,15356.0,,2.8775668144226074,2.8850464820861816,6.810332929562775,7.375224095527508,0.85932457447052,-6.388273983262479,,6.810332929562775,8.282700538635254,7.934585094451904,8.2457914352417,7.312106132507324,6.183459112768345,6.183459112768345,,,2.0,0.035687923431396484,"L1a wrong partner chosen, near-tie (margin < 0.1)",False
44b6_d5e7d891,44b6,205000000025,206000000025,44,2.03125,wrong_link_both,False,True,9.889659083908036,65.0,16699,17104,17076.0,3.0041981650644227,2,0.4827333390712738,0.9955267310142517,13,0.9955267310142517,,2.5359761463478208,-6.60366928181611,5.793965959869607,1.6105997641038265,16587.0,,2.621656894683838,2.6910903453826904,11.133907233231465,3.8203491837233385,0.994373083114624,-9.640313270501792,,9.889659083908036,8.003385543823242,8.67045783996582,8.435426712036133,8.291786193847656,10.475475325373763,7.59238137453324,,,3.0,0.5127933919429779,"L1b wrong partner chosen, confident (margin > 0.5)",True
44b6_d5e7d891,44b6,188000000011,189000000011,27,1.6750116604071745,wrong_link_child,False,True,6.481913336105432,6.5,9537,9797,,,1,0.9582220315933228,0.9582220315933228,10,,,,0.09764269925653934,4.944670632020336,,9418.0,,4.560385704040527,4.397351264953613,6.481913336105432,3.720141227804855,0.9947966933250427,-3.127529878169298,,6.481913336105432,7.1501874923706055,8.043132781982422,,8.087886810302734,,7.942823099623521,,,,,L2 true target stolen by an unannotated competitor; cell left unlinked,False
44b6_d5e7d891,44b6,190000000017,191000000017,29,0.40625,wrong_link_child,False,True,6.52346942655488,42.25,10055,10474,,,1,0.9959285855293274,0.9959285855293274,11,,,,-3.8507006922736764,3.064651117783854,,10086.0,,3.659687042236328,3.4694135189056396,6.776325920821597,2.200159656679199,0.9966603517532349,-5.892732729203999,,6.52346942655488,9.074237823486328,8.793524742126465,,8.782552719116211,,7.477916016531548,,,,,L2 true target stolen by an unannotated competitor; cell left unlinked,True
44b6_d5e7d891,44b6,186000000060,187000000059,25,2.333728575156074,wrong_link_parent,False,True,7.812595998282124,4.875,8597,9160,9180.0,4.190927608406479,2,0.985660195350647,0.9861307740211487,6,0.9861307740211487,,-3.084859896916896,-3.548924603033811,3.2057992622326528,2.836813993778501,,,3.4138383865356445,3.0485196113586426,,,,,,7.812595998282124,8.513811111450195,,6.8713297843933105,7.25822639465332,6.023618175634555,6.023618175634554,,,1.0,0.000470578670501709,"L1a wrong partner chosen, near-tie (margin < 0.1)",True
44b6_d5e7d891,44b6,193000000017,194000000017,32,3.832554834897995,wrong_link_parent,False,True,5.985057178775615,42.25,11244,11621,11689.0,5.914876684444059,4,0.9507243633270264,0.9931187629699707,7,0.9887202382087708,,-3.4520258363336325,3.6963514583185315,5.788716383424301,4.803049429004976,,,3.2555947303771973,3.128800868988037,,,,,,5.985057178775615,9.19372844696045,,8.910933494567871,10.003962516784668,12.13172062778772,6.344582858273815,,,3.0,0.037995874881744385,"L1a wrong partner chosen, near-tie (margin < 0.1)",True
44b6_d5e7d891,44b6,209000000033,210000000033,48,2.1877232028983924,wrong_link_parent,False,True,8.463581838491436,17.875,18572,19066,18891.0,3.6064390198960514,2,0.5046229362487793,0.9938806295394897,14,0.9938806295394897,,-3.0344341080635786,3.2227248176932335,6.9753494922646695,1.949002834284544,,,2.7975013256073,3.0509111881256104,,,,,,8.463581838491436,7.9113688468933105,,8.666826248168945,7.772590160369873,8.78137810261984,8.781378102619842,,1.0,2.0,0.48925769329071045,"L1b wrong partner chosen, intermediate margin",True
44b6_d5e7d891,44b6,189000000017,190000000017,28,0.5745242597140698,wrong_link_parent,False,True,9.37859123937266,42.25,9648,10055,10019.0,2.19697530765157,2,0.9872686862945557,0.9979389309883118,15,0.9979389309883118,,1.185708113014698,3.778496732003987,5.263705248971631,1.849539611136197,,,3.4572665691375732,3.659687042236328,,,,,,9.37859123937266,9.314794540405273,,9.62988567352295,9.074237823486328,6.52346942655488,6.52346942655488,,,2.0,0.010670244693756104,"L1a wrong partner chosen, near-tie (margin < 0.1)",True
44b6_d5e7d891,44b6,233000000023,234000000023,72,1.4647552056572457,wrong_link_both,False,True,6.044359345059606,73.125,30507,30765,30814.0,3.0361845871292927,11,0.009849782101809978,0.9939518570899963,14,0.9939518570899963,,-3.0079028855543584,7.27544024400413,9.153740580259315,0.41344537510442475,30335.0,,2.2333579063415527,2.1922552585601807,6.921415349615727,9.829647725316724,0.5465862154960632,-1.9628469962626696,,6.044359345059606,7.26318359375,8.01777172088623,8.321605682373047,8.54454231262207,13.51694732951744,7.254550007991558,,,5.0,0.9841020749881864,"L1b wrong partner chosen, confident (margin > 0.5)",True
44b6_d5e7d891,44b6,200000000026,201000000026,39,0.5745242597140698,wrong_link_child,False,True,10.080447398578313,82.875,14282,14754,,,1,0.9844444990158081,0.9844444990158081,9,,,,-5.971852263901383,1.245736407439491,,14408.0,,2.288410186767578,2.405431032180786,10.080447398578313,4.152751779376682,0.9892210960388184,-9.616840824484825,,10.080447398578313,8.965858459472656,8.153829574584961,,8.96277904510498,,8.227449045743649,,,,,L2 true target stolen by an unannotated competitor; cell left unlinked,True
44b6_d5e7d891,44b6,236000000031,237000000031,75,1.6750116604071745,wrong_link_parent,False,True,7.961520862494285,22.75,32040,32840,32693.0,3.142093038307258,2,0.877513587474823,0.9930675029754639,11,0.9930675029754639,,-2.568752837367356,3.192582070827484,5.632322179237351,1.80949095656654,,,1.9776437282562256,1.9868764877319336,,,,,,7.961520862494285,7.885358810424805,,7.488093376159668,6.358299255371094,8.399627667091902,8.399627667091902,,,1.0,0.11555391550064087,"L1b wrong partner chosen, intermediate margin",True
44b6_d5e7d891,44b6,220000000016,221000000016,59,2.03125,wrong_link_both,False,True,8.433486321034096,55.25,23529,24023,24000.0,2.076002111551372,2,0.9945418238639832,0.9984128475189209,10,0.9984128475189209,,-0.21542902616783977,-0.4469215436838567,5.076892800322809,2.0647942032682414,23568.0,,1.949407696723938,2.1460654735565186,10.138708039965225,6.903297361697508,0.9766318202018738,-0.0077515337616205215,,8.433486321034096,9.936434745788574,9.067174911499023,10.15272045135498,9.343839645385742,7.144575886379713,7.144575886379713,,,4.0,0.003871023654937744,"L1a wrong partner chosen, near-tie (margin < 0.1)",False
44b6_d5e7d891,44b6,181000000016,182000000016,20,2.471122277933652,wrong_link_both,False,True,9.930510179002832,39.0,6593,7041,7032.0,1.5577163983365954,2,0.947463870048523,0.9972865581512451,8,0.9972865581512451,,-0.9072050703689456,-3.0811825124546885,6.751172808691864,1.266277749130739,6602.0,,3.3527333736419678,3.135596752166748,10.31711616325065,6.32598058898683,0.9775059223175049,-6.555989425629377,,9.930510179002832,10.449231147766113,9.87708568572998,8.927632331848145,8.876068115234375,8.223628628245287,8.223628628245287,,,1.0,0.04982268810272217,"L1a wrong partner chosen, near-tie (margin < 0.1)",True
44b6_d5e7d891,44b6,200000000033,201000000033,39,0.9084026158592896,wrong_link_parent,False,True,11.070610251834065,17.875,14489,14905,14944.0,2.271519821568823,2,0.9950182437896729,0.9962073564529419,12,0.9962073564529419,,2.2439244762063026,-3.7157040231395513,1.7911500206839581,0.3529946810680389,,,3.6073405742645264,3.4181320667266846,,,,,,11.070610251834065,7.7147440910339355,,7.800416946411133,8.051610946655273,6.305000762176184,6.305000762176184,8.0,,1.0,0.001189112663269043,"L1a wrong partner chosen, near-tie (margin < 0.1)",True
44b6_d5e7d891,44b6,229000000011,230000000011,68,0.40625,wrong_link_child,False,True,9.169482669092588,21.125,28045,28657,,,5,0.05328277871012688,0.9658272862434387,9,,,,-6.448160054627806,10.239198025948877,,28229.0,,1.83516263961792,1.8708630800247192,13.40011054919586,2.064492816609708,0.9925470948219299,-5.732608327642083,,9.169482669092588,9.088311195373535,8.004549026489258,,8.595849990844727,,7.269534087432053,,,,,L2 true target stolen by an unannotated competitor; cell left unlinked,True
44b6_d5e7d891,44b6,219000000016,220000000016,58,0.5745242597140698,wrong_link_child,False,True,5.671619650565308,55.25,23076,23529,,,1,0.9939160943031311,0.9939160943031311,13,,,,0.2903518988750875,5.137679989157282,,23041.0,,2.105307102203369,1.949407696723938,5.671619650565308,2.953449568570452,0.9983312487602234,-2.657959232106805,,5.671619650565308,9.028310775756836,9.732667922973633,,9.936434745788574,,8.433486321034096,,,,,L2 true target stolen by an unannotated competitor; cell left unlinked,False
44b6_d5e7d891,44b6,239000000024,240000000023,78,1.7235727791422095,wrong_link_parent,False,True,8.59471368643471,86.125,33631,34204,34092.0,2.708921211923332,2,0.9852375388145447,0.9955174326896667,13,0.9955174326896667,,-2.4666575845330954,5.071792314294726,2.289078414023281,1.1197564436401024,,,1.4538925886154175,1.3935192823410034,,,,,,8.59471368643471,8.032833099365234,,8.468541145324707,7.986098766326904,8.0014139115493,8.0014139115493,,,2.0,0.01027989387512207,"L1a wrong partner chosen, near-tie (margin < 0.1)",True
44b6_d5e7d891,44b6,211000000033,212000000033,50,0.5745242597140698,wrong_link_parent,False,True,5.690066058885886,16.25,19519,19834,20071.0,1.2284354493877503,3,0.27536624670028687,0.9885928630828857,15,0.9885928630828857,,-0.5010464191436768,-9.717619910370559,4.266250306511234,1.1216087282006069,,,2.82820987701416,2.8279669284820557,,,,,,5.690066058885886,7.788577079772949,,7.357465744018555,8.548295021057129,10.67170434182227,6.635206319491139,,3.0,3.0,0.7132266163825989,"L1b wrong partner chosen, confident (margin > 0.5)",True
44b6_d5e7d891,44b6,199000000033,200000000033,38,1.1490485194281397,wrong_link_child,False,True,6.183286029962955,17.875,13932,14489,,,1,0.994967520236969,0.994967520236969,10,,,,3.6066030003130436,1.6651125901720725,,14003.0,,3.963369131088257,3.6073405742645264,6.183286029962955,2.6747557669823734,0.9971916079521179,5.894596498459578,,6.183286029962955,8.39633560180664,8.018475532531738,,7.7147440910339355,,11.070610251834065,9.0,,,,L2 true target stolen by an unannotated competitor; cell left unlinked,True
44b6_d5e7d891,44b6,235000000031,236000000031,74,2.368824207280903,wrong_link_child,False,True,5.9284198984754894,21.125,31603,32040,,,1,0.9493614435195923,0.9493614435195923,7,,,,-0.8376676104962826,5.310098083346677,,31666.0,,2.4014952182769775,1.9776437282562256,5.9284198984754894,2.2042841582970443,0.9918105602264404,-0.34730265382677317,,5.9284198984754894,7.441128730773926,7.097270965576172,,7.885358810424805,,7.961520862494285,,,,,L2 true target stolen by an unannotated competitor; cell left unlinked,False
44b6_d5e7d891,44b6,193000000046,194000000046,32,1.6750116604071745,wrong_link_both,False,True,6.4652668908698425,27.625,11419,11780,11801.0,6.348817908972853,1,0.9768093228340149,0.9768093228340149,10,0.9720541834831238,,-6.303455683402717,6.3118342366069555,0.7438305970065227,0.7575851692532156,11392.0,,2.849932909011841,2.974734306335449,6.4652668908698425,1.7947261947585889,0.9921385645866394,6.1335122268646955,,6.4652668908698425,7.936470985412598,8.135014533996582,8.12199592590332,8.225088119506836,12.615829342486373,8.081327814090344,,,2.0,-0.004755139350891113,L1c wrong partner: true partner ranked first but taken (greedy),True
44b6_d5e7d891,44b6,178000000010,179000000010,17,2.4375,wrong_link_parent,False,True,7.676376524213256,22.75,5554,6054,5917.0,0.6085300494742427,3,0.6295578479766846,0.9968487620353699,12,0.9968487620353699,,-0.08519277421873994,2.739926487673074,7.243400939239829,0.6025371460200931,,,5.486501216888428,7.038133144378662,,,,,,7.676376524213256,9.023821830749512,,9.059091567993164,8.038750648498535,7.409191690200266,7.409191690200266,,5.0,1.0,0.3672909140586853,"L1b wrong partner chosen, intermediate margin",False
44b6_d5e7d891,44b6,179000000017,180000000017,18,2.1877232028983924,wrong_link_parent,False,True,8.9477273858134,40.625,5853,6255,6223.0,3.5486790365617984,2,0.9958481788635254,0.9974887371063232,8,0.9974887371063232,,3.113778406754136,-5.916265904903412,2.007552466287681,1.702206491047678,,,4.924654483795166,4.711126804351807,,,,,,8.9477273858134,10.61821174621582,,10.600378036499023,9.448247909545898,9.34808116587118,8.54902059366572,,,2.0,0.0016405582427978516,"L1a wrong partner chosen, near-tie (margin < 0.1)",True
44b6_d5e7d891,44b6,178000000011,179000000011,17,2.7252078475778685,wrong_link_parent,False,True,9.405629504247825,9.75,5599,6157,5946.0,3.6267059620007602,2,0.697801947593689,0.9950396418571472,10,0.9950396418571472,,2.9215207872912288,-0.27017480693757534,7.082864286212795,2.1488863218507155,,,4.2259202003479,4.6608805656433105,,,,,,9.405629504247825,8.6453218460083,,8.781764030456543,7.233586311340332,9.316615701612434,6.352066971262485,,5.0,1.0,0.29723769426345825,"L1b wrong partner chosen, intermediate margin",False
44b6_d5e7d891,44b6,230000000024,231000000024,69,0.9084026158592896,wrong_link_both,False,True,7.543064716003328,71.5,28920,29213,29366.0,1.6344712629674325,2,0.600246012210846,0.9937617182731628,15,0.9937617182731628,,-0.9825337640941143,-0.86238001473248,7.5669390056468675,1.3061867063637593,28717.0,,2.2973899841308594,2.2589733600616455,7.543064716003328,2.627813363331747,0.9962588548660278,-3.1684610061347485,,7.543064716003328,7.323972225189209,8.22226333618164,7.726566314697266,8.405734062194824,7.241590177922937,7.241590177922937,,,2.0,0.3935157060623169,"L1b wrong partner chosen, intermediate margin",False
44b6_d5e7d891,44b6,228000000011,229000000011,67,1.284675299443404,wrong_link_parent,False,True,8.574411723200537,21.125,27596,28045,28229.0,3.353409181898613,8,0.0018378804670646787,0.9932929277420044,11,0.9932929277420044,,-2.820510121062398,2.912098206579685,12.45370383091732,1.8138566090588593,,,1.764517903327942,1.83516263961792,,,,,,8.574411723200537,8.654748916625977,,8.004549026489258,9.088311195373535,13.40011054919586,9.169482669092588,,,2.0,0.9914550472749397,"L1b wrong partner chosen, confident (margin > 0.5)",False
44b6_d5e7d891,44b6,191000000025,192000000025,30,1.86167137607581,wrong_link_parent,False,True,6.979564400493626,58.5,10550,10993,10918.0,4.259043693808147,2,0.990471601486206,0.9914606809616089,13,0.9914606809616089,,-3.8874372225254774,3.6195315700024366,1.7311600716270596,1.73990948807412,,,3.9653480052948,3.5803921222686768,,,,,,6.979564400493626,8.280506134033203,,8.479503631591797,8.034849166870117,8.251398395879322,6.0370664638233995,,,1.0,0.000989079475402832,"L1a wrong partner chosen, near-tie (margin < 0.1)",True
44b6_d5e7d891,44b6,172000000015,173000000015,11,1.6750116604071745,wrong_link_parent,False,True,8.598606239310996,30.875,3437,3787,3794.0,0.5814682952122402,2,0.9118001461029053,0.9951258301734924,15,0.9951258301734924,,0.12239021435379982,3.2993559427559376,6.481206457080857,0.5684417417532422,,,4.483494281768799,4.457245826721191,,,,,,8.598606239310996,9.580665588378906,,9.176450729370117,9.219242095947266,7.4106896497554535,7.330484514312199,,,1.0,0.08332568407058716,"L1a wrong partner chosen, near-tie (margin < 0.1)",True
44b6_d5e7d891,44b6,189000000011,190000000011,28,1.4647552056572457,wrong_link_parent,False,True,7.942823099623521,4.875,9797,10168,10197.0,1.2315650397214368,2,0.9848445057868958,0.9948348999023438,11,0.9948348999023438,,-0.24088002974167466,-0.9293611738830805,4.552421839810874,1.207778646249268,,,4.397351264953613,4.966581344604492,,,,,,7.942823099623521,8.087886810302734,,8.081951141357422,8.237565040588379,4.811289472754141,4.81128947275414,,,2.0,0.009990394115447998,"L1a wrong partner chosen, near-tie (margin < 0.1)",False
44b6_d5e7d891,44b6,170000000010,171000000010,9,1.86167137607581,wrong_link_both,False,True,9.678404744841602,8.125,2866,3163,3162.0,0.5664459169251912,5,0.04283919185400009,0.9964197874069214,10,0.9964197874069214,,-0.046317256637848914,12.799439394380897,2.50221840776976,0.5645491019732156,2819.0,,4.698920249938965,4.528944492340088,10.187628090796721,3.1960947781163997,0.996619462966919,9.775493215303868,,9.678404744841602,8.599342346191406,9.006620407104492,8.901274681091309,8.893403053283691,13.051574234865113,9.832780504872115,3.0,,2.0,0.9535805955529213,"L1b wrong partner chosen, confident (margin > 0.5)",True
44b6_d5e7d891,44b6,194000000025,195000000025,33,2.7252078475778685,wrong_link_both,False,True,6.644100143851189,63.375,11831,12344,12134.0,3.9179052786271185,7,0.017958765849471092,0.9910021424293518,15,0.9910021424293518,,-2.9316248819231987,6.681219497229904,9.212355574674412,2.599145498809759,11871.0,,3.0852246284484863,2.8638906478881836,11.33014131866326,0.892489804897677,0.9904143214225769,6.87461450882256,,6.644100143851189,7.993506908416748,7.819801330566406,8.75725269317627,7.482784748077393,12.752420824116147,7.302479331806477,,,2.0,0.9730433765798807,"L1b wrong partner chosen, confident (margin > 0.5)",True
44b6_d5e7d891,44b6,167000000016,168000000016,6,2.7252078475778685,wrong_link_both,False,True,7.159535527746149,32.5,1815,2104,2166.0,8.883690363913189,3,0.48459556698799133,0.9276368618011475,12,0.7689107060432434,,-7.4104299787431955,7.57053741812706,6.642036369825843,4.899538959129539,1819.0,,4.763660907745361,4.679533004760742,9.499555164012147,0.5719831359026931,0.9978035092353821,7.15148258395493,,7.159535527746149,9.545231819152832,9.482803344726562,8.93360710144043,10.125286102294922,18.65195086274129,7.837504789226607,,,4.0,0.2843151390552521,"L1b wrong partner chosen, intermediate margin",True
44b6_d5e7d891,44b6,186000000017,187000000017,25,1.1490485194281397,wrong_link_child,False,True,6.730324255996871,40.625,8516,8869,,,1,0.9779682755470276,0.9779682755470276,7,,,,-0.692279564216733,5.888559171190913,,8480.0,,3.5058979988098145,3.279787063598633,6.730324255996872,1.012404258890803,0.997980535030365,-0.20766815170645714,,6.730324255996871,9.126811981201172,9.837665557861328,,9.456889152526855,,10.062325378498057,,,,,L2 true target stolen by an unannotated competitor; cell left unlinked,False
44b6_d5e7d891,44b6,259000000010,260000000010,98,0.9084026158592896,wrong_link_child,False,True,8.680353314644579,21.125,45290,45938,,,1,0.9667893648147583,0.9667893648147583,12,,,,-4.45531116053462,3.5919232104605165,,45371.0,,1.703290343284607,1.6169947385787964,8.680353314644579,3.0848258669827016,0.9881921410560608,-6.372861683368683,,8.680353314644579,7.865901947021484,7.634397983551025,,7.696115970611572,,9.218933157080917,,,,,L2 true target stolen by an unannotated competitor; cell left unlinked,True
44b6_d5e7d891,44b6,224000000011,225000000011,63,1.9902104160113323,wrong_link_child,False,True,6.331451283718984,21.125,25896,26006,,,1,0.7454745769500732,0.7454745769500732,8,,,,-0.6910630818456411,6.350565382223347,,25527.0,,1.7037875652313232,1.8953900337219238,6.331451283718984,0.2521109908083923,0.9954274892807007,-0.9127170760184526,,6.331451283718984,6.188141822814941,8.623082160949707,,8.90245532989502,,8.28684746491102,,,,,L2 true target stolen by an unannotated competitor; cell left unlinked,False
44b6_d5e7d891,44b6,198000000033,199000000033,37,1.8168052317185792,wrong_link_parent,False,True,7.623029305190849,17.875,13572,13932,14003.0,1.2430821964432759,2,0.9841557741165161,0.9972072243690491,11,0.9972072243690491,,-0.8500527609139681,-6.744649259373546,2.0685886027651694,0.9070080764672273,,,3.9187796115875244,3.963369131088257,,,,,,7.623029305190849,7.83710241317749,,8.018475532531738,8.39633560180664,6.183286029962955,6.183286029962955,10.0,,3.0,0.013051450252532959,"L1a wrong partner chosen, near-tie (margin < 0.1)",True
44b6_d5e7d891,44b6,227000000011,228000000011,66,2.0714766773970688,wrong_link_child,False,True,5.645777922664862,22.75,27376,27596,,,1,0.42437058687210083,0.42437058687210083,8,,,,0.7662467677146196,7.854911531357474,,27079.0,,1.8917268514633179,1.764517903327942,6.600922025706161,1.5109098794932356,0.9960007071495056,0.010426618158817291,,5.645777922664862,7.18614387512207,8.672231674194336,,8.654748916625977,,8.574411723200537,,,,,L2 true target stolen by an unannotated competitor; cell left unlinked,False
44b6_d5e7d891,44b6,171000000015,172000000015,10,2.4375,wrong_link_child,False,True,8.40763906175057,29.25,3205,3437,,,2,0.47494247555732727,0.6412211656570435,9,,,,-1.3641343293711543,8.112845296427363,,3088.0,,4.610110759735107,4.483494281768799,9.07855076983273,1.4302491302442142,0.9969094395637512,-0.3123538959771395,,8.40763906175057,8.590585708618164,9.984711647033691,,9.580665588378906,,8.598606239310996,,,,,L2 true target stolen by an unannotated competitor; cell left unlinked,False
44b6_d5e7d891,44b6,229000000024,230000000024,68,0.5745242597140698,wrong_link_both,False,True,6.843655771793621,71.5,28188,28920,28717.0,2.7883853079954384,2,0.9118554592132568,0.9957214593887329,12,0.9957214593887329,,-2.686875160841737,0.4815858452930115,6.1929288172546775,0.7455162613226535,28324.0,,2.360028028488159,2.2973899841308594,8.177938787097892,4.379028424572199,0.9911283254623413,-3.6029392704949714,,6.843655771793621,8.223843574523926,7.610356330871582,8.22226333618164,7.323972225189209,7.543064716003328,7.543064716003328,,,2.0,0.08386600017547607,"L1a wrong partner chosen, near-tie (margin < 0.1)",False
44b6_d5e7d891,44b6,236000000025,237000000025,75,1.7235727791422095,wrong_link_child,False,True,8.942448445561553,94.25,32170,32794,,,1,0.810510516166687,0.810510516166687,5,,,,-1.3626016918569803,6.177223222048481,,32260.0,,2.1623518466949463,2.303431749343872,9.8980396522546,5.136788382415191,0.9541077613830566,2.21197129227221,,8.942448445561553,7.320887565612793,6.8089280128479,,6.873804092407227,,11.090600958044828,,,,,L2 true target stolen by an unannotated competitor; cell left unlinked,False
44b6_d5e7d891,44b6,228000000017,229000000017,67,2.368824207280903,wrong_link_both,False,True,6.469682469138234,53.625,27584,28021,28029.0,6.534562512794974,3,0.9030596017837524,0.9938621520996094,12,0.9938621520996094,,-6.192635060753673,9.149245666805655,0.6605815408129808,2.0860916178225986,27517.0,,1.9745680093765259,1.891461968421936,9.330385940794645,1.6365215013706975,0.9974853992462158,9.064071948174387,,6.469682469138234,8.710532188415527,9.242524147033691,9.31198787689209,9.463716506958008,15.48272964543267,8.805838486494856,,,4.0,0.09080255031585693,"L1a wrong partner chosen, near-tie (margin < 0.1)",True
44b6_d5e7d891,44b6,173000000010,174000000010,12,8.492471390149042,division_second_child,True,True,9.727165092443592,13.0,3770,4268,4252.0,0.6101753916956535,3,0.9423727989196777,0.993005096912384,14,0.993005096912384,174000000011.0,-0.5894060246646404,-1.0570937115699053,6.677244242243329,0.1578434246966576,,,4.648545742034912,5.704686164855957,,,,,,9.727165092443592,9.423611640930176,,8.306577682495117,8.167702674865723,6.536750364120661,6.536750364120661,0.0,,1.0,0.0506322979927063,L4 division (second child never linked),False
44b6_d5e7d891,44b6,221000000017,222000000017,60,1.9902104160113323,wrong_link_child,False,True,6.383607509439385,53.625,24007,24514,,,2,0.9940260648727417,0.996941864490509,10,,,,-0.8294552285224199,4.881081651264476,,24056.0,,2.1321096420288086,1.8107128143310547,7.5874420554940105,2.8516543998090786,0.9950109720230103,-2.4481032621115446,,6.383607509439385,9.732749938964844,8.920060157775879,,9.198967933654785,,7.674829754017421,,,,,L2 true target stolen by an unannotated competitor; cell left unlinked,False
44b6_d5e7d891,44b6,193000000033,194000000033,32,2.8145825622994254,wrong_link_parent,False,True,9.156612318578869,13.0,11341,11757,11840.0,1.201394152055453,2,0.9666692614555359,0.995022177696228,12,0.995022177696228,,0.35162483411841094,6.792260479123797,3.2092050386374202,1.1487853953738447,,,4.3926801681518555,3.722620725631714,,,,,,9.156612318578869,8.417984962463379,,7.959902763366699,8.355918884277344,6.767497380489663,6.767497380489663,,,1.0,0.02835291624069214,"L1a wrong partner chosen, near-tie (margin < 0.1)",True
44b6_d5e7d891,44b6,185000000025,186000000025,24,0.9084026158592896,wrong_link_child,False,True,6.072804959386571,53.625,8263,8578,,,1,0.992904007434845,0.992904007434845,14,,,,-2.9303351691924036,0.3511408732608411,,8309.0,,4.350011348724365,4.392158031463623,6.072804959386571,3.169432257598453,0.9940268993377686,-5.915564389899373,,6.072804959386571,8.250290870666504,7.988243103027344,,8.62575912475586,,8.770613967970846,,,,,L2 true target stolen by an unannotated competitor; cell left unlinked,False
44b6_d5e7d891,44b6,212000000017,213000000017,51,1.7235727791422095,wrong_link_both,False,True,10.372001162955907,52.0,19771,20295,20233.0,4.707676867493277,3,0.2541557550430298,0.9936383366584778,11,0.9936383366584778,,0.8109286315739155,-3.218720944598317,8.515566505341912,4.637307003339867,19761.0,,2.2984514236450195,2.025033712387085,10.433408300619298,2.5216247693653933,0.9972085356712341,-2.675761431455612,,10.372001162955907,9.053976058959961,9.17164421081543,9.216249465942383,8.621662139892578,12.061223902302327,8.875632483937094,,,2.0,0.739482581615448,"L1b wrong partner chosen, confident (margin > 0.5)",True
44b6_d5e7d891,44b6,223000000011,224000000011,62,1.625,wrong_link_parent,False,True,5.593434633254783,21.125,25349,25896,25527.0,4.569205298570078,2,0.9350599646568298,0.9788243770599365,9,0.9788243770599365,,-0.8378789536654949,0.07483812235295773,1.7814303096682993,4.491725272040276,,,1.9930739402770996,1.7037875652313232,,,,,,5.593434633254783,7.072470664978027,,8.623082160949707,6.188141822814941,6.331451283718984,6.331451283718984,,,4.0,0.04376441240310669,"L1a wrong partner chosen, near-tie (margin < 0.1)",False
44b6_d5e7d891,44b6,177000000010,178000000010,16,1.4647552056572457,wrong_link_child,False,True,8.185116551861002,22.75,5293,5554,,,1,0.8134013414382935,0.8134013414382935,9,,,,0.31664564786478877,7.192232818553336,,5237.0,,4.850068092346191,5.486501216888428,8.185116551861002,2.933179907382921,0.9965271353721619,-2.4499618373811245,,8.185116551861002,8.34510326385498,8.693511009216309,,9.023821830749512,,7.676376524213256,,4.0,,,L2 true target stolen by an unannotated competitor; cell left unlinked,False
44b6_d5e7d891,44b6,233000000039,234000000039,72,1.625,wrong_link_child,False,True,8.452817111372983,8.125,30578,31103,,,1,0.8684061765670776,0.8684061765670776,6,,,,4.464191496372223,3.857499293649847,,30550.0,,1.60604727268219,1.623640537261963,9.77748979186077,4.507905500541561,0.9684898853302002,8.16715712659061,,8.452817111372983,6.814975261688232,7.019822597503662,,7.034089088439941,,9.986709302130764,,,,,L2 true target stolen by an unannotated competitor; cell left unlinked,True
44b6_d5e7d891,44b6,226000000011,227000000011,65,0.8125,wrong_link_parent,False,True,7.649763044421581,22.75,26597,27376,27079.0,0.4420668808662182,2,0.7488846778869629,0.9947616457939148,11,0.9947616457939148,,0.12029702588915825,0.10987040773034096,6.176670147357196,0.4253842412701843,,,1.9936615228652954,1.8917268514633179,,,,,,7.649763044421581,8.407403945922852,,8.672231674194336,7.18614387512207,6.600922025706161,5.645777922664862,,,2.0,0.2458769679069519,"L1b wrong partner chosen, intermediate margin",False
44b6_d5e7d891,44b6,190000000047,191000000047,29,1.86167137607581,wrong_link_parent,False,True,8.40217733253386,11.375,10309,10621,10713.0,0.9912021687046934,2,0.10765929520130157,0.9833504557609558,8,0.9833504557609558,,0.10250681266188622,8.251923438161612,5.136742145617537,0.9858874644718779,,,2.6009483337402344,2.506666660308838,,,,,,8.40217733253386,7.2080888748168945,,6.949380874633789,7.80920934677124,9.826807310376473,9.041500463848068,,,1.0,0.8756911605596542,"L1b wrong partner chosen, confident (margin > 0.5)",True
44b6_d5e7d891,44b6,252000000023,253000000023,91,0.9084026158592896,wrong_link_parent,False,True,7.8344965201618875,91.0,41281,41922,41955.0,2.238985682028394,2,0.9872395396232605,0.9894307851791382,11,0.9894307851791382,,0.9020845266059041,-1.578483484685421,3.1277023921319205,2.0492194590102732,,,1.39998459815979,1.3079776763916016,,,,,,7.8344965201618875,7.4057722091674805,,6.716535568237305,6.9630327224731445,5.407227047593985,5.407227047593985,,,3.0,0.0021912455558776855,"L1a wrong partner chosen, near-tie (margin < 0.1)",False
44b6_d5e7d891,44b6,254000000010,255000000010,93,3.350023320814349,wrong_link_child,False,True,6.526774385066177,21.125,42430,42794,,,1,0.9610479474067688,0.9610479474067688,14,,,,6.271417010575533,2.3304783848635524,,42360.0,,1.5062998533248901,1.9427357912063599,6.526774385066177,1.5046165856378952,0.9935548901557922,6.385247487574816,,6.526774385066177,7.426784038543701,7.631950855255127,,8.137879371643066,,8.510147281599467,,,,,L2 true target stolen by an unannotated competitor; cell left unlinked,True
44b6_d5e7d891,44b6,250000000010,251000000010,89,1.284675299443404,wrong_link_child,False,True,7.745211551112684,21.125,40050,40492,,,1,0.9464734196662903,0.9464734196662903,7,,,,3.047283859923482,4.5903427971675,,39840.0,,2.044217109680176,1.8352130651474,7.745211551112684,2.34593807535731,0.9946519136428833,4.957678522914648,,7.745211551112684,7.572837829589844,8.314321517944336,,8.032926559448242,,9.528640935463018,,,,,L2 true target stolen by an unannotated competitor; cell left unlinked,True
44b6_d5e7d891,44b6,222000000011,223000000011,61,6.319766856854769,wrong_link_parent,False,True,8.653559612716691,16.25,24614,25349,25156.0,2.9262249006575143,3,0.48261165618896484,0.9942336678504944,13,0.9942336678504944,,-2.825169344432652,6.747715151868761,5.243274196408452,0.7623715265577917,,,2.036872625350952,1.9930739402770996,,,,,,8.653559612716691,8.350886344909668,,8.032448768615723,7.072470664978027,11.004473561008238,5.593434633254783,,,1.0,0.5116220116615295,"L1b wrong partner chosen, confident (margin > 0.5)",True
44b6_d5e7d891,44b6,211000000010,212000000010,50,0.40625,wrong_link_parent,False,True,8.584371985122488,35.75,19305,19831,19759.0,1.6630990675532344,2,0.9869464039802551,0.9969792366027832,15,0.9969792366027832,,-0.06253838061820716,5.918402316048741,0.3437049797786553,1.6619228199426381,,,2.1121881008148193,2.271040201187134,,,,,,8.584371985122488,9.162569046020508,,9.203184127807617,8.569039344787598,6.1382844890557315,6.1382844890557315,,,2.0,0.010032832622528076,"L1a wrong partner chosen, near-tie (margin < 0.1)",True
44b6_d5e7d891,44b6,208000000016,209000000016,47,1.9902104160113323,wrong_link_both,False,True,9.255809363036189,50.375,17866,18363,18324.0,0.6213753394015933,2,0.9953937530517578,0.9983160495758057,6,0.9983160495758057,,0.12736600451171398,-2.890024701366201,4.728314764405417,0.6081818916337178,17885.0,,2.669067859649658,2.3152711391448975,10.163397506183257,6.911646259415935,0.9917009472846985,-9.631742915138602,,9.255809363036189,10.08930492401123,9.623167037963867,10.005472183227539,9.123705863952637,5.791733054104956,5.791733054104957,,,4.0,0.0029222965240478516,"L1a wrong partner chosen, near-tie (margin < 0.1)",False
44b6_d5e7d891,44b6,181000000025,182000000025,20,1.6750116604071745,wrong_link_child,False,True,7.928631975329634,53.625,6890,7321,,,2,0.3303947448730469,0.7556183338165283,13,,,,-2.967999625019729,6.783527221970126,,6923.0,,3.9723963737487793,3.6551482677459717,9.355302573111587,2.86784054948585,0.9701653122901917,-5.719383398070931,,7.928631975329634,7.271147727966309,6.89979362487793,,6.25661563873291,,7.827068134577723,,,,,L2 true target stolen by an unannotated competitor; cell left unlinked,False
44b6_d5e7d891,44b6,240000000022,241000000022,79,1.4647552056572457,wrong_link_child,False,True,5.580414980648737,79.625,34158,34637,,,2,0.6127606630325317,0.9906283020973206,13,,,,7.864196935668588,5.022014627258968,,34057.0,,1.8794255256652832,1.7950811386108398,9.498225824234536,0.3383352864672245,0.9972353577613831,7.916559409350157,,5.580414980648737,8.156883239746094,8.653231620788574,,8.494651794433594,,9.998915752432119,,,,,L2 true target stolen by an unannotated competitor; cell left unlinked,True
44b6_d5e7d891,44b6,176000000017,177000000017,15,2.6012692214570947,wrong_link_both,False,True,8.511844018796062,39.0,4873,5135,5240.0,5.6977283371609735,2,0.89324951171875,0.9825118780136108,10,0.9825118780136108,,-4.880423901602626,6.75743443146348,4.533829693299593,2.9403351415702526,4779.0,,3.8603522777557373,4.525887489318848,10.648091302583287,2.5184181540785255,0.9977295994758606,8.830473281443119,,8.511844018796062,8.859723091125488,10.72909927368164,8.631739616394043,10.500420570373535,13.65011416169672,7.807417876985023,,,3.0,0.08926236629486084,"L1a wrong partner chosen, near-tie (margin < 0.1)",True
44b6_d5e7d891,44b6,228000000025,229000000024,67,2.4375,wrong_link_both,False,True,7.974523407167782,73.125,27800,28188,28324.0,7.101674225067309,2,0.8106359243392944,0.925066351890564,10,0.925066351890564,,-6.4914013259112835,-2.888462055416312,6.505212943600272,2.8801884703856766,27658.0,,2.3663077354431152,2.360028028488159,8.509783287403707,3.286649255871215,0.9958204030990601,-6.116350180236623,,7.974523407167782,7.625431060791016,8.343794822692871,7.610356330871582,8.223843574523926,8.177938787097892,6.843655771793621,,,3.0,0.11443042755126953,"L1b wrong partner chosen, intermediate margin",False
44b6_d5e7d891,44b6,232000000032,233000000031,71,3.917733121653388,wrong_link_parent,False,True,9.531684725852068,17.875,29701,30469,30477.0,3.304208582753909,2,0.9905382394790649,0.9932491779327393,12,0.9932491779327393,,3.0499737574718893,-3.3124605752527714,2.011718317766892,1.2710052860147363,,,2.3832907676696777,2.5967633724212646,,,,,,9.531684725852068,8.56423568725586,,7.401459693908691,7.469907760620117,6.415766328292901,6.415766328292901,,,1.0,0.0027109384536743164,"L1a wrong partner chosen, near-tie (margin < 0.1)",True
44b6_d5e7d891,44b6,164000000010,165000000010,3,1.4647552056572457,wrong_link_parent,False,True,10.3194912147818,3.25,986,1397,1339.0,2.5036629306137113,2,0.9835513234138489,0.9951900243759155,11,0.9951900243759155,,0.8220987138920464,0.7223941679112613,4.501916526376228,2.3648428647050275,,,5.167529106140137,5.20106315612793,,,,,,10.3194912147818,8.434308052062988,,8.027591705322266,7.530221462249756,6.799337635050119,6.79933763505012,9.0,,2.0,0.01163870096206665,"L1a wrong partner chosen, near-tie (margin < 0.1)",False
44b6_d5e7d891,44b6,174000000049,175000000048,13,1.7235727791422095,wrong_link_child,False,True,6.072405821355983,29.25,4212,4541,,,1,0.994317352771759,0.994317352771759,7,,,,-3.127413945738226,0.6410863627602914,,4232.0,,4.7616071701049805,4.914924621582031,6.072405821355983,2.943871504323227,0.9946492314338684,-5.816997705958784,,6.072405821355983,8.501089096069336,8.40500259399414,,8.727821350097656,,9.457182174016497,,,,,L2 true target stolen by an unannotated competitor; cell left unlinked,True
44b6_d5e7d891,44b6,169000000024,170000000024,8,2.1877232028983924,wrong_link_both,False,True,6.374741410077215,48.75,2622,2934,2951.0,1.67014505610476,2,0.926576554775238,0.9868157505989075,8,0.9868157505989075,,-0.900506341829896,-0.6428288705646992,5.293823867161495,1.4065819694405692,2555.0,,4.728822708129883,4.682159900665283,6.374741410077215,3.1500535038992794,0.9933997392654419,-3.5808417862281203,,6.374741410077215,7.8796281814575195,8.487752914428711,8.039607048034668,8.122682571411133,6.650779928067353,6.650779928067352,,,2.0,0.060239195823669434,"L1a wrong partner chosen, near-tie (margin < 0.1)",False
44b6_d5e7d891,44b6,231000000032,232000000032,70,5.816614806956019,wrong_link_both,False,True,6.721271025970717,13.0,29245,29701,29849.0,5.805089841302543,3,0.4331844747066498,0.9501389861106873,6,0.9501389861106873,,-3.6917683286592364,9.861313815228641,1.7285106579443332,4.479945833724173,29284.0,,2.1021218299865723,2.3832907676696777,6.721271025970717,3.540844364829534,0.9953269958496094,6.686946871690452,,6.721271025970717,8.195121765136719,8.049487113952637,7.857542037963867,8.56423568725586,14.799602764189553,9.531684725852068,,,2.0,0.5169545114040375,"L1b wrong partner chosen, confident (margin > 0.5)",True
44b6_d5e7d891,44b6,176000000025,177000000025,15,2.0714766773970688,wrong_link_parent,False,True,8.856865705215466,53.625,4865,5246,5238.0,3.438797884122545,2,0.9888743162155151,0.9950555562973022,13,0.9950555562973022,,2.9289319636300206,-6.272772338241339,1.433211755051072,1.8018569422326747,,,4.348804950714111,4.507928371429443,,,,,,8.856865705215466,8.881070137023926,,8.692001342773438,8.576310157775879,9.607053499733643,7.546525427527105,,,3.0,0.006181240081787109,"L1a wrong partner chosen, near-tie (margin < 0.1)",True
44b6_d5e7d891,44b6,253000000010,254000000010,92,0.8125,wrong_link_parent,False,True,9.920637979282152,21.125,41562,42430,42360.0,0.5312498673543373,2,0.982141375541687,0.9915199875831604,13,0.9915199875831604,,0.3950361660681665,-5.990211321506649,1.4444093471206825,0.35520817707671787,,,1.5177327394485474,1.5062998533248901,,,,,,9.920637979282152,8.511443138122559,,7.631950855255127,7.426784038543701,6.526774385066177,6.526774385066177,,,2.0,0.009378612041473389,"L1a wrong partner chosen, near-tie (margin < 0.1)",True
44b6_d5e7d891,44b6,243000000022,244000000022,82,1.8168052317185792,wrong_link_parent,False,True,8.07333021643857,81.25,35861,36410,36448.0,2.1158327253931666,2,0.9930826425552368,0.996484637260437,19,0.996484637260437,,-0.5241977460682392,-0.5573972323909402,4.150451545931405,2.049869470200884,,,1.7943451404571533,1.8482050895690918,,,,,,8.07333021643857,8.31258487701416,,8.189000129699707,8.337932586669922,6.048807265131092,6.048807265131091,,,2.0,0.0034019947052001953,"L1a wrong partner chosen, near-tie (margin < 0.1)",False
44b6_d5e7d891,44b6,168000000024,169000000024,7,2.0714766773970688,wrong_link_both,False,True,7.387170620247147,47.125,2279,2622,2555.0,1.362787545916051,2,0.9399279356002808,0.9937980771064758,11,0.9937980771064758,,0.27615258237347007,3.8569943686015904,4.555404349619816,1.3345147607098082,2350.0,,5.166681289672852,4.728822708129883,7.535257647581163,2.3381631458227083,0.9842783808708191,6.052342363167554,,7.387170620247147,8.139942169189453,7.48223876953125,8.487752914428711,7.8796281814575195,6.374741410077215,6.374741410077215,,,2.0,0.05387014150619507,"L1a wrong partner chosen, near-tie (margin < 0.1)",True
44b6_d5e7d891,44b6,206000000010,207000000010,45,3.2752922102462856,wrong_link_parent,False,True,8.207436511010778,34.125,17123,17777,17564.0,1.1165319411714816,3,0.19539763033390045,0.9838468432426453,15,0.9838468432426453,,0.9742765128612518,9.920051803812385,1.3393979173685466,0.5453703806983616,,,2.540550708770752,2.232855796813965,,,,,,8.207436511010778,8.179500579833984,,8.292573928833008,6.973984718322754,9.140896381900268,8.213725111334746,,,1.0,0.7884492129087448,"L1b wrong partner chosen, confident (margin > 0.5)",True
44b6_d5e7d891,44b6,226000000033,227000000033,65,1.284675299443404,wrong_link_child,False,True,6.74020697568467,9.75,26674,27293,,,1,0.9882928729057312,0.9882928729057312,13,,,,2.9271603543311357,1.537407315783733,,26563.0,,2.5188145637512207,2.1418182849884033,6.74020697568467,3.651490468858337,0.9903534650802612,6.550758197903633,,6.74020697568467,8.020185470581055,8.62129020690918,,7.591897487640381,,9.908967237151682,,,,,L2 true target stolen by an unannotated competitor; cell left unlinked,False
44b6_d5e7d891,44b6,245000000016,246000000016,84,1.6750116604071745,wrong_link_parent,False,True,6.063015168749141,58.5,36953,37609,37530.0,7.13548816289657,3,0.7961620092391968,0.9898563623428345,12,0.9819051027297974,,7.034030651673675,2.4146892968565226,7.0666733040725855,1.1990012986449525,,,1.7582957744598389,1.7386471033096313,,,,,,6.063015168749141,8.55993938446045,,8.465899467468262,8.107833862304688,9.29065001596474,8.24641378175308,,,1.0,0.18574309349060059,"L1b wrong partner chosen, intermediate margin",False
44b6_d5e7d891,44b6,218000000025,219000000025,57,2.4375,unlinked,False,True,6.770303719583881,69.875,22894,23338,,,2,0.26730817556381226,0.9733134508132935,17,,,,-2.9926460571587086,6.698431554182644,,,,2.5793840885162354,2.515284299850464,,,,,,6.770303719583881,7.37855863571167,,,7.684022426605225,,7.464893291942674,,,,,L3 true pair scored below 0.5; cell left unlinked,False
44b6_d5e7d891,44b6,216000000011,217000000011,55,2.333728575156074,wrong_link_parent,False,True,6.358650625053091,13.0,21761,22305,22231.0,4.201681253054431,3,0.5297433733940125,0.9860109090805054,11,0.9860109090805054,,-3.815797130577266,6.009255507029593,5.292472374574785,1.7589251293182884,,,2.07975172996521,1.9547268152236938,,,,,,6.358650625053091,8.329391479492188,,8.314786911010742,7.871604919433594,11.228164523321981,7.109278018413913,,,2.0,0.4562675356864929,"L1b wrong partner chosen, intermediate margin",True
44b6_d5e7d891,44b6,174000000011,175000000011,13,3.2752922102462856,wrong_link_child,False,True,6.536750364120661,13.0,4252,4469,,,5,0.11824069917201996,0.9041974544525146,15,,,,-12.497887336649,0.8782306261169038,,4152.0,,4.364847183227539,4.9421210289001465,16.2823488911804,3.801934590132144,0.9960485100746155,-16.236312115564942,,6.536750364120661,8.306577682495117,9.024477005004883,,9.422897338867188,,9.15968834732459,,1.0,,,L2 true target stolen by an unannotated competitor; cell left unlinked,True
44b6_d5e7d891,44b6,206000000016,207000000016,45,0.5745242597140698,wrong_link_child,False,True,6.199606611304825,50.375,16978,17386,,,1,0.9941138625144958,0.9941138625144958,13,,,,2.985302862711251,5.28046731449124,,16934.0,,2.883958339691162,2.672804832458496,6.199606611304825,0.3236803266014689,0.9985357522964478,2.8424022071703803,,6.199606611304825,9.262091636657715,10.549980163574219,,10.514470100402832,,9.66364216904647,,,,,L2 true target stolen by an unannotated competitor; cell left unlinked,False
44b6_d5e7d891,44b6,199000000016,200000000016,38,2.03125,wrong_link_both,False,True,9.630552669554193,47.125,13788,14244,14248.0,3.846208208596479,2,0.997759222984314,0.9979216456413269,11,0.9979216456413269,,-3.5490873388480395,3.2894277535378933,1.7620436102668007,1.4823281165462252,13789.0,,2.806077718734741,2.5305347442626953,10.58117951169779,8.35077832338294,0.768857479095459,3.261061955243349,,9.630552669554193,10.228954315185547,10.14987850189209,9.523042678833008,9.551916122436523,7.454899383395473,5.252020569559828,,,4.0,0.00016242265701293945,"L1a wrong partner chosen, near-tie (margin < 0.1)",True
44b6_d5e7d891,44b6,213000000017,214000000017,52,2.0714766773970688,wrong_link_both,False,True,8.875632483937094,53.625,20295,20712,20715.0,2.0214645530524176,2,0.9897735714912415,0.9973376393318176,11,0.9973376393318176,,0.2847539260983467,-5.652460450306535,2.801543821721519,2.0013081074184926,20239.0,,2.025033712387085,2.171998977661133,8.875632483937094,3.6150793000591137,0.9961497783660889,-6.172434371896088,,8.875632483937094,8.621662139892578,9.129733085632324,9.165820121765137,9.179205894470215,7.360731681015342,5.844591130986748,,,2.0,0.007564067840576172,"L1a wrong partner chosen, near-tie (margin < 0.1)",True
44b6_d5e7d891,44b6,225000000033,226000000033,64,1.6750116604071745,unlinked,False,True,7.987233399777603,8.125,26117,26674,,,2,0.46186742186546326,0.9806323647499084,6,,,,9.776609698310494,2.346290715901789,,,,2.3523149490356445,2.5188145637512207,,,,,,7.987233399777603,8.220348358154297,,,8.020185470581055,,6.74020697568467,,,,,L3 true pair scored below 0.5; cell left unlinked,True
44b6_d5e7d891,44b6,171000000024,172000000024,10,1.6750116604071745,wrong_link_both,False,True,6.414176422907981,48.75,3297,3522,3587.0,2.8035031767320118,2,0.7445346713066101,0.9870415925979614,6,0.9870415925979614,,2.751323636621237,-0.4245462939143181,6.397996906091222,0.5383756202836201,3267.0,,4.324889183044434,4.672956943511963,7.698484530154311,2.9650303379687313,0.9941428303718567,-3.3387618276756257,,6.414176422907981,7.931155681610107,8.157301902770996,8.116310119628906,8.560649871826172,7.38247288169462,7.209396347301716,,,1.0,0.24250692129135132,"L1b wrong partner chosen, intermediate margin",False
44b6_d5e7d891,44b6,186000000034,187000000034,25,0.9084026158592896,wrong_link_child,False,True,6.384459137966464,8.125,8710,9001,,,2,0.46271324157714844,0.5169234871864319,9,,,,-9.930697174742818,3.0075256363725504,,8725.0,,4.44063663482666,4.751160621643066,10.44849308547982,0.7538165679235727,0.9951573014259338,-9.854410111904144,,6.384459137966464,7.698925018310547,7.598574161529541,,8.399622917175293,,8.274886283662678,,,,,L2 true target stolen by an unannotated competitor; cell left unlinked,True
44b6_d754aa59,44b6,42000000051,43000000051,36,8.125,wrong_link_parent,False,True,11.222589166591321,63.375,2651,2727,2722.0,10.362273944936936,2,0.991606593132019,0.9930417537689209,3,0.9930417537689209,,-8.311361731030047,-0.4753008233383298,8.186782693026064,6.18853678068476,,,12.670849800109863,12.162013053894043,,,,,,11.222589166591321,12.843480110168457,,13.05318546295166,12.03316879272461,15.326541815912911,12.1161770552967,,,2.0,0.0014351606369018555,"L1a wrong partner chosen, near-tie (margin < 0.1)",False
44b6_d754aa59,44b6,61000000053,62000000053,55,15.351735447499086,wrong_link_both,False,True,10.811200165774345,53.625,3958,4020,4038.0,11.907670753977166,-1,,0.9493229985237122,2,0.9493229985237122,,9.774116657674313,2.2703174678608775,15.592866992923314,6.80141649564976,3946.0,,14.622483253479004,15.27320671081543,19.809915032675836,10.96758112093294,0.9984130859375,-7.3361403667367995,,10.811200165774345,14.151749610900879,16.78731918334961,11.77292251586914,15.503982543945312,19.694250004639944,13.04745323115348,8.0,,1.0,,L1d wrong partner: true partner beyond the 15 um gate,False
44b6_d754aa59,44b6,57000000052,58000000052,51,9.30835688037905,wrong_link_both,False,True,13.21537041859187,50.375,3701,3767,3757.0,11.381548048390252,2,0.9854888319969177,0.995329737663269,3,0.995329737663269,,-4.9321924690157175,1.2187047433108091,9.393688487076636,10.257344365204895,3718.0,,15.600799560546875,15.295783042907715,18.809932779184095,10.371850713381573,0.8577946424484253,8.046205743215978,,13.21537041859187,14.855559349060059,10.894124031066895,17.30801773071289,14.330169677734375,20.46299298352477,11.309643349690665,,,2.0,0.009840905666351318,"L1a wrong partner chosen, near-tie (margin < 0.1)",False
44b6_d754aa59,44b6,69000000054,70000000054,63,6.319766856854769,division_second_child,True,True,10.71614558678149,52.0,4515,4621,4611.0,5.561007140743273,2,0.9940416216850281,0.9982923865318298,5,0.9982923865318298,70000000055.0,4.699543036520481,-5.6043448289856315,4.475882280950147,2.973061665571289,,,11.01976203918457,10.406189918518066,,,,,,10.71614558678149,15.854681015014648,,11.314492225646973,8.836674690246582,12.706045995738448,9.012091290703806,0.0,,1.0,0.004250764846801758,L4 division (second child never linked),True
44b6_e57ff5c6,44b6,52000000046,53000000046,28,6.20113711850496,wrong_link_child,False,True,8.675399024832648,21.125,5784,6132,,,1,0.9276014566421509,0.9276014566421509,6,,,,-7.538512632250786,2.7246715504301555,,5984.0,,3.377716064453125,3.9328243732452393,8.675399024832648,2.9033726872942673,0.9841805696487427,-6.8332904782146215,,8.675399024832648,8.955833435058594,6.585638999938965,,8.506150245666504,,13.253054335839614,,,,,L2 true target stolen by an unannotated competitor; cell left unlinked,True
44b6_e57ff5c6,44b6,92000000026,93000000026,68,1.7235727791422095,wrong_link_parent,False,True,7.276373394562141,19.5,18785,19026,18975.0,7.296195580200209,2,0.905384361743927,0.9603200554847717,12,0.9603200554847717,,-7.162558438256383,3.4163041915744543,5.470821277940816,1.3900455255477582,,,6.883021354675293,7.3313374519348145,,,,,,7.276373394562141,7.722221374511719,,8.364726066589355,7.886170864105225,11.366346689345134,6.391420728072653,,,1.0,0.05493569374084473,"L1a wrong partner chosen, near-tie (margin < 0.1)",True
44b6_e57ff5c6,44b6,64000000060,65000000060,40,5.658407737606049,wrong_link_both,False,True,8.84500993827906,13.0,9586,9912,9821.0,6.1396286380332254,2,0.7927977442741394,0.9463189244270325,8,0.9463189244270325,,3.4338163509964943,-3.0663470961153507,6.388166723880441,5.089591838309516,9448.0,,2.5458967685699463,2.4169654846191406,11.350584992551243,4.449276972072972,0.9876624345779419,-3.587912956252694,,8.84500993827906,7.940158367156982,8.783102035522461,8.644953727722168,8.102570533752441,7.873906403912451,7.873906403912451,,,2.0,0.15352118015289307,"L1b wrong partner chosen, intermediate margin",True
44b6_e57ff5c6,44b6,72000000009,73000000009,48,1.8168052317185792,wrong_link_both,False,True,7.651274608745095,55.25,12319,12815,12706.0,3.1928812529708925,5,0.10781293362379074,0.9931015968322754,10,0.9931015968322754,,2.34367186576128,-6.626877291593701,7.470896548916612,2.168338737654248,12467.0,,2.6072115898132324,2.427438735961914,7.651274608745095,3.5100125739978876,0.9920437932014465,-3.9443738907575607,,7.651274608745095,8.801617622375488,7.888389587402344,8.450750350952148,7.812970161437988,12.487265658496016,9.60775279791985,,,1.0,0.8852886632084846,"L1b wrong partner chosen, confident (margin > 0.5)",True
44b6_e57ff5c6,44b6,56000000021,57000000021,32,8.09447390585083,wrong_link_parent,False,True,10.198630576117841,86.125,7138,7415,7458.0,5.8976265158675085,4,0.2646043002605438,0.9212925434112549,10,0.9212925434112549,,3.425659286789596,-0.09471907233819366,7.886435278685694,4.800714214728442,,,4.224064350128174,4.4199604988098145,,,,,,10.198630576117841,7.6588850021362305,,7.337546348571777,7.789274215698242,12.75619287341415,9.670737574516231,,,1.0,0.6566882431507111,"L1b wrong partner chosen, confident (margin > 0.5)",False
44b6_e57ff5c6,44b6,38000000056,39000000056,14,7.887948184572462,wrong_link_child,False,True,10.99139387926876,40.625,2168,2376,,,1,0.9892898201942444,0.9892898201942444,4,,,,-5.621940419077873,6.458586823385401,,2169.0,,4.4218902587890625,3.8889288902282715,10.99139387926876,7.5974185880270335,0.9976606369018555,-5.945495061110705,,10.99139387926876,10.871261596679688,10.774736404418945,,11.01290512084961,,11.023572080573139,,,,,L2 true target stolen by an unannotated competitor; cell left unlinked,True
44b6_e57ff5c6,44b6,61000000009,62000000009,37,12.2213072771492,wrong_link_child,False,True,8.648142532148343,66.625,8413,8739,,,4,0.05423900485038757,0.9711675047874451,6,,,,0.6816027509048581,12.021096013259932,,8441.0,,4.579015731811523,3.577066659927368,10.547770446322875,3.5238665456541245,0.9962291121482849,0.2511890325695276,,8.648142532148343,9.770904541015625,9.164855003356934,,9.589073181152344,,8.872570944587373,,,,,L2 true target stolen by an unannotated competitor; cell left unlinked,False
44b6_e57ff5c6,44b6,58000000009,59000000009,34,9.405367483517058,wrong_link_both,False,True,7.099074960724502,71.5,7552,7836,7925.0,7.2759840912695095,3,0.5338326096534729,0.9699479937553406,7,0.9699479937553406,,-4.381895609200001,-0.02569114975631237,8.915676137488276,5.808522649218194,7641.0,,6.670200824737549,5.099428653717041,11.255149907384675,4.818179514909561,0.9882805347442627,2.624127060174942,,7.099074960724502,9.854957580566406,8.59760856628418,8.34695816040039,9.229223251342773,13.807088224854974,7.09281682983762,,,1.0,0.4361153841018677,"L1b wrong partner chosen, intermediate margin",False
44b6_e57ff5c6,44b6,24000000056,25000000056,0,8.463270828999862,unlinked,False,True,7.761647536141605,82.875,61,145,,,1,0.4360690116882324,0.4360690116882324,6,,,,-6.467776535078883,6.130013411508121,,,,8.127554893493652,8.577550888061523,,,,,,7.761647536141605,7.460418224334717,,,8.224140167236328,,11.480997388241766,,,,,L3 true pair scored below 0.5; cell left unlinked,True
44b6_e57ff5c6,44b6,99000000026,100000000026,75,1.1490485194281397,unlinked,False,True,8.108399889983946,13.0,20557,20721,,,1,0.38200652599334717,0.38200652599334717,7,,,,9.327889503911138,0.6226822586726416,,,,7.6282453536987305,7.9627556800842285,,,,,,8.108399889983946,6.464088439941406,,,7.509669303894043,,7.931032018511361,,,,,L3 true pair scored below 0.5; cell left unlinked,True
44b6_e57ff5c6,44b6,69000000009,70000000009,45,1.7235727791422095,wrong_link_parent,False,True,7.902894951733583,58.5,11206,11593,11570.0,1.5515398372444498,2,0.9937893748283386,0.9965171813964844,14,0.9965171813964844,,-0.15357593540102243,-6.298424757085741,0.453578950737501,1.5439204314414117,,,2.5902645587921143,2.638453722000122,,,,,,7.902894951733583,9.255805969238281,,9.247613906860352,8.79203987121582,6.320108394202997,6.320108394202997,,,2.0,0.002727806568145752,"L1a wrong partner chosen, near-tie (margin < 0.1)",True
44b6_e57ff5c6,44b6,68000000009,69000000009,44,1.9902104160113323,wrong_link_child,False,True,10.422213600025293,60.125,11000,11206,,,1,0.49313655495643616,0.49313655495643616,10,,,,6.514646495692432,5.900832326970418,,10867.0,,2.6017792224884033,2.5902645587921143,11.485331445028706,3.3365440278826735,0.9969527721405029,9.849390520947054,,10.422213600025293,8.03134536743164,8.842216491699219,,9.255805969238281,,7.902894951733583,,,,,L2 true target stolen by an unannotated competitor; cell left unlinked,True
44b6_e57ff5c6,44b6,52000000009,53000000009,28,7.761395352158012,wrong_link_both,False,True,5.988288711846265,82.875,5743,6052,6137.0,4.480732490452243,3,0.9628481864929199,0.9921825528144836,10,0.9921825528144836,,3.0902272760868073,-3.8101194743067026,6.030096339477564,3.2446046035107994,5915.0,,3.8525924682617188,3.989346981048584,14.85141595992865,7.844404809505455,0.9116037487983704,-9.483480742201209,,5.988288711846265,9.374685287475586,7.950220108032227,8.472912788391113,9.233247756958008,11.109670118321748,6.153287815833451,,,4.0,0.02933436632156372,"L1a wrong partner chosen, near-tie (margin < 0.1)",True
44b6_e57ff5c6,44b6,57000000009,58000000009,33,9.352577351992338,wrong_link_both,False,True,9.03096298110222,71.5,7260,7552,7713.0,4.397361991839425,5,0.2664906084537506,0.9915002584457397,12,0.9915002584457397,,-2.1706498041749,1.0343506634235382,9.305725036834755,3.8242740376324313,7284.0,,5.6614990234375,6.670200824737549,14.021579245569054,7.5815609184638735,0.9683980941772461,-5.4736950024962425,,9.03096298110222,9.449684143066406,9.03843879699707,7.82014799118042,9.854957580566406,13.37881632422908,7.099074960724502,,,3.0,0.7250096499919891,"L1b wrong partner chosen, confident (margin > 0.5)",False
44b6_e57ff5c6,44b6,58000000021,59000000021,34,10.180595819990105,wrong_link_parent,False,True,9.292600257875518,82.875,7686,8011,8023.0,7.1426017622764055,4,0.06466615945100784,0.9730420112609863,6,0.9579809308052063,,-6.32828164100647,-2.792687887325883,9.990165272496474,3.3120403691039884,,,4.935398578643799,4.187504768371582,,,,,,9.292600257875518,8.103264808654785,,7.525443077087402,7.661409854888916,13.663711154238825,9.766114478716588,,,1.0,0.8933147713541985,"L1b wrong partner chosen, confident (margin > 0.5)",False
44b6_e57ff5c6,44b6,57000000047,58000000047,33,7.761395352158012,wrong_link_child,False,True,7.86350192024727,9.75,7498,7775,,,3,0.06126369908452034,0.5917242169380188,6,,,,0.04621533676981926,8.093947461168224,,7365.0,,3.7760684490203857,4.215719699859619,10.95682630702586,6.748325318081908,0.7450861930847168,2.725781484041363,,7.86350192024727,6.444700241088867,8.224773406982422,,6.515987396240234,,9.143718421667973,,,,,L2 true target stolen by an unannotated competitor; cell left unlinked,False
44b6_e57ff5c6,44b6,98000000026,99000000026,74,3.374565944310468,wrong_link_parent,False,True,9.779468432125647,16.25,20230,20557,20445.0,4.814933817831542,2,0.8848766088485718,0.9897074699401855,8,0.9897074699401855,,-3.1313912011682987,-5.695004208013415,4.423115960133384,3.6575916687546726,,,7.722142219543457,7.6282453536987305,,,,,,9.779468432125647,7.838730335235596,,7.918100357055664,6.464088439941406,8.43833523167361,8.108399889983946,,,2.0,0.10483086109161377,"L1b wrong partner chosen, intermediate margin",True
44b6_e57ff5c6,44b6,73000000009,74000000009,49,2.4375,wrong_link_both,False,True,9.60775279791985,53.625,12815,13015,13087.0,3.8484406051935203,4,0.041871991008520126,0.9924994111061096,7,0.9924994111061096,,-3.4082646761089563,5.883761050645262,10.33020387111006,1.7872400480322108,12706.0,,2.427438735961914,2.376445770263672,12.487265658496016,3.5311060709929927,0.9937736988067627,8.97054915735498,,9.60775279791985,7.812970161437988,8.450750350952148,8.191141128540039,8.881874084472656,12.94601595184369,8.003845806745973,,,1.0,0.9506274200975895,"L1b wrong partner chosen, confident (margin > 0.5)",True
44b6_e57ff5c6,44b6,111000000026,112000000026,87,3.8540258983302125,wrong_link_both,False,True,6.886263838951558,8.125,23268,23347,23459.0,5.166361600919017,3,0.005599313415586948,0.6796022057533264,9,0.6796022057533264,,-0.03463566346181324,6.824028108305356,10.31918512465781,5.166245499612563,23190.0,,8.128653526306152,9.398131370544434,14.548001549526807,3.2365287440309576,0.9904069304466248,10.052525006271026,,6.886263838951558,5.614903450012207,7.381892681121826,6.367393493652344,8.069668769836426,13.586824642603572,8.785336642644683,,,2.0,0.6740028923377395,"L1b wrong partner chosen, confident (margin > 0.5)",True
44b6_e57ff5c6,44b6,56000000009,57000000009,32,8.68463307011298,wrong_link_both,False,True,7.048275564770746,73.125,6958,7260,7388.0,6.98075519778644,6,0.3874140977859497,0.9896805882453918,12,0.9672116041183472,,6.172494102735072,-3.782042014878243,8.589214508267359,3.2605612527789067,7014.0,,4.319500923156738,5.6614990234375,16.52132204445369,7.425188077288365,0.9719820022583008,-8.831528417300433,,7.048275564770746,9.397992134094238,8.686511039733887,8.033846855163574,9.449684143066406,13.486252894482256,9.03096298110222,,,2.0,0.5797975063323975,"L1b wrong partner chosen, confident (margin > 0.5)",True
44b6_e57ff5c6,44b6,109000000011,110000000011,85,1.7235727791422095,wrong_link_child,False,True,9.720033952031288,3.25,22702,22877,,,1,0.980129599571228,0.980129599571228,4,,,,6.391637906432152,0.5304851933981448,,22665.0,,6.714829444885254,7.008321285247803,10.110885056318784,3.785241036237023,0.9942986965179443,10.06636784831062,,9.720033952031288,7.9421610832214355,8.36791706085205,,8.512845039367676,,7.69422157637173,,,,,L2 true target stolen by an unannotated competitor; cell left unlinked,True
44b6_e57ff5c6,44b6,57000000021,58000000021,33,9.75,wrong_link_both,False,True,9.670737574516231,82.875,7415,7686,7762.0,5.5792021865774135,5,0.020881783217191696,0.8961458206176758,8,0.8961458206176758,,2.9915829063393176,0.10375778237357736,9.891807209465536,4.7093448326926115,7457.0,,4.4199604988098145,4.935398578643799,13.477173847042893,5.074268110161023,0.9718232154846191,-3.3137271269224584,,9.670737574516231,7.789274215698242,7.343897342681885,7.002336025238037,8.103264808654785,12.25234757797908,9.292600257875518,,,1.0,0.8752640374004841,"L1b wrong partner chosen, confident (margin > 0.5)",False
44b6_e57ff5c6,44b6,26000000056,27000000056,2,13.350737339188424,wrong_link_parent,False,True,11.180631584257803,76.375,263,389,379.0,2.729408285022418,2,0.47534579038619995,0.9911581873893738,3,0.9911581873893738,,-0.5116219073534012,-7.048163644969463,5.476327264849963,2.681028274797766,,,8.51698112487793,10.049419403076172,,,,,,11.180631584257803,8.417766571044922,,8.602346420288086,8.238847732543945,9.488762081064,9.488762081064,,,1.0,0.5158123970031738,"L1b wrong partner chosen, confident (margin > 0.5)",True
44b6_e57ff5c6,44b6,104000000026,105000000026,80,0.0,unlinked,False,True,6.468750680046791,11.375,21695,21915,,,2,0.26039281487464905,0.4386661648750305,12,,,,0.36169050354510546,7.761658749227961,,,,7.281229019165039,7.322380542755127,,,,,,6.468750680046791,6.818000793457031,,,6.837681293487549,,8.18537828541074,,,,,L3 true pair scored below 0.5; cell left unlinked,False
44b6_e57ff5c6,44b6,110000000011,111000000011,86,2.1877232028983924,wrong_link_parent,False,True,7.69422157637173,1.625,22877,23157,23129.0,0.6619453930824065,2,0.9655517935752869,0.9938323497772217,6,0.9938323497772217,,0.38981071347370744,-7.1857036631554365,1.923313181633559,0.5349946832297876,,,7.008321285247803,7.203471660614014,,,,,,7.69422157637173,8.512845039367676,,8.052873611450195,7.747103691101074,7.746857047634821,7.746857047634821,,,2.0,0.028280556201934814,"L1a wrong partner chosen, near-tie (margin < 0.1)",True
44b6_e57ff5c6,44b6,97000000026,98000000026,73,1.7235727791422095,wrong_link_child,False,True,6.178721235083912,16.25,20020,20230,,,2,0.8459307551383972,0.8564965128898621,6,,,,-7.0635616523213685,4.658859379906614,,19979.0,,7.658088684082031,7.722142219543457,15.342272213133816,7.340331627989957,0.9050237536430359,-12.989657611586154,,6.178721235083912,7.684218883514404,8.094024658203125,,7.838730335235596,,9.779468432125647,,,,,L2 true target stolen by an unannotated competitor; cell left unlinked,True
44b6_e57ff5c6,44b6,93000000026,94000000026,69,1.9902104160113323,wrong_link_child,False,True,6.391420728072653,21.125,19026,19278,,,2,0.8142103552818298,0.9653512835502625,13,,,,-6.843373978510499,5.148400906732983,,18975.0,,7.3313374519348145,7.81160306930542,11.366346689345134,3.9641584361358704,0.9925189018249512,-10.578862629830837,,6.391420728072653,7.886170864105225,8.364726066589355,,7.844334602355957,,7.254410160576474,,,,,L2 true target stolen by an unannotated competitor; cell left unlinked,True
44b6_e57ff5c6,44b6,66000000009,67000000009,42,3.040096626753827,wrong_link_both,False,True,8.204423314704991,63.375,10131,10665,10518.0,5.256543977697656,3,0.5210219025611877,0.9909387826919556,13,0.9909387826919556,,3.652444745413959,-3.1710208784788847,7.601344862682522,3.7803309340806996,10184.0,,2.9656128883361816,2.642578601837158,8.204423314704991,1.736281187947253,0.9936383366584778,-2.6026624711230397,,8.204423314704991,9.015411376953125,8.521904945373535,8.641538619995117,7.856978416442871,8.830109656163469,8.069607721197514,,,4.0,0.4699168801307678,"L1b wrong partner chosen, intermediate margin",True
44b6_e57ff5c6,44b6,89000000026,90000000026,65,4.908737426772795,wrong_link_both,False,True,7.584395241557499,24.375,17982,18246,18348.0,4.427224737141713,3,0.7665852308273315,0.9558188319206238,12,0.9558188319206238,,-2.5338523872196674,-2.964728394523263,6.036128320889562,3.6304147081209193,18056.0,,4.383801460266113,5.4680986404418945,7.584395241557499,5.249400890618081,0.9710646271705627,-5.641319846734405,,7.584395241557499,8.058633804321289,7.357555866241455,6.9339518547058105,8.0933837890625,8.649319453469273,7.458847537997265,,,1.0,0.18923360109329224,"L1b wrong partner chosen, intermediate margin",False
6bba_2312ac41,6bba,60000791,61000802,59,1.86167137607581,wrong_link_child,False,True,9.410414181534776,32.5,9434,9488,,,1,0.8578541874885559,0.8578541874885559,5,,,,-7.27822820073925,1.4596791932447564,,9398.0,,6.944204807281494,8.003174781799316,9.410414181534776,2.3164814978208144,0.9915197491645813,-9.226279020076618,,9.410414181534776,7.56466817855835,8.314535140991211,,9.298755645751953,,10.227245540552655,,,,,L2 true target stolen by an unannotated competitor; cell left unlinked,True
6bba_2312ac41,6bba,37000513,38000526,36,1.8168052317185792,wrong_link_child,False,True,6.234181365506178,68.25,6567,6662,,,1,0.9900190830230713,0.9900190830230713,4,,,,-2.902252939529717,0.5165998116953384,,6548.0,,4.641757965087891,5.100973606109619,6.234181365506178,3.4889661279014796,0.9919254183769226,-6.0806632922030985,,6.234181365506178,8.12260627746582,8.330915451049805,,8.646683692932129,,10.179706781209529,,,,,L2 true target stolen by an unannotated competitor; cell left unlinked,False
6bba_2312ac41,6bba,10000174,11000189,9,1.9902104160113323,wrong_link_parent,False,True,11.859988257561154,55.25,1983,2227,2186.0,1.507324630606212,2,0.8286972641944885,0.9954798221588135,5,0.9954798221588135,,0.5206093434244394,-7.989689351990819,4.608083723184117,1.4145647576450249,,,5.463483810424805,5.533859729766846,,,,,,11.859988257561154,8.748760223388672,,8.703585624694824,8.370803833007812,10.423532202753226,9.539954089569317,10.0,,1.0,0.16678255796432495,"L1b wrong partner chosen, intermediate margin",True
6bba_2312ac41,6bba,64000837,65000846,63,1.6750116604071745,wrong_link_parent,False,True,12.685069563568728,66.625,9875,9998,9992.0,0.4323998554788456,2,0.6408171653747559,0.9612082839012146,5,0.9612082839012146,,-0.014558427967131138,6.1301214620471,1.2230313440173974,0.4321547028475478,,,7.325555324554443,7.15706205368042,,,,,,12.685069563568728,7.533056259155273,,7.165081977844238,6.923286437988281,6.195870238573931,6.195870238573931,,,1.0,0.32039111852645874,"L1b wrong partner chosen, intermediate margin",True
6bba_2312ac41,6bba,31000433,32000445,30,0.5745242597140698,wrong_link_child,False,True,9.631568000306864,26.0,5749,5813,,,1,0.958815336227417,0.958815336227417,6,,,,6.926638840697706,1.117549682652605,,5661.0,,6.383599758148193,6.581632614135742,9.631568000306864,3.1479607042280078,0.9934171438217163,8.967817465774715,,9.631568000306864,7.78117561340332,8.987936973571777,,8.877471923828125,,11.805613041825929,,,,,L2 true target stolen by an unannotated competitor; cell left unlinked,True
6bba_2312ac41,6bba,25000365,26000376,24,1.9902104160113323,wrong_link_both,False,True,10.425962187297086,48.75,4817,4986,4971.0,0.6630234082879706,4,0.010462158359587193,0.9929689764976501,6,0.9929689764976501,,0.20692734885960817,-12.627767763100564,5.504746108026084,0.6299056375614771,4815.0,,5.185333251953125,5.089382648468018,13.100568592790276,1.6320618458231535,0.9711707830429077,-12.505066103301942,,10.425962187297086,7.703466415405273,7.734199047088623,7.831570625305176,7.641487121582031,14.217894207041354,9.23117599620154,,,1.0,0.982506818138063,"L1b wrong partner chosen, confident (margin > 0.5)",True
6bba_2312ac41,6bba,3000051,4000069,2,0.9084026158592896,wrong_link_both,False,True,8.364643934024857,58.5,491,700,754.0,6.206073280769339,3,0.373125821352005,0.991043210029602,5,0.991043210029602,,-5.884653780609369,10.237419797107577,3.1765998771139996,1.9713435643334634,492.0,,4.659592151641846,4.93560266494751,11.036206897464453,0.4298481083484748,0.9955507516860962,10.506934634875506,,8.364643934024857,8.756080627441406,8.755821228027344,8.461898803710938,9.078898429870605,16.53417188209624,13.107873541146638,,,2.0,0.617917388677597,"L1b wrong partner chosen, confident (margin > 0.5)",True
6bba_2312ac41,6bba,51000687,52000699,50,1.8168052317185792,wrong_link_both,False,True,6.30438094424054,29.25,8385,8498,8520.0,3.058797526667442,1,0.9861029386520386,0.9861029386520386,6,0.9860333800315857,,3.050944348797202,-2.9708733884617686,1.3090839061574893,0.21904540554249274,8369.0,,7.294429302215576,8.250370025634766,6.30438094424054,3.2014524503798563,0.9874938130378723,-6.1710525415837765,,6.30438094424054,7.83469295501709,7.965863227844238,7.558243274688721,7.882115364074707,6.12282045252381,6.12282045252381,,,1.0,-6.955862045288086e-05,L1c wrong partner: true partner ranked first but taken (greedy),False
6bba_2312ac41,6bba,48000650,49000662,47,2.0714766773970688,wrong_link_parent,False,True,7.656350911514654,27.625,7998,8121,8129.0,1.5768080189555107,2,0.36684179306030273,0.9805185794830322,9,0.9805185794830322,,0.0632289492059499,9.572529728291556,1.6303046638514855,1.5755397896037768,,,7.038558483123779,7.152252197265625,,,,,,7.656350911514654,8.119071960449219,,8.034719467163086,8.105545043945312,9.686979223765793,9.686979223765793,,,1.0,0.6136767864227295,"L1b wrong partner chosen, confident (margin > 0.5)",True
6bba_2312ac41,6bba,9000155,10000171,8,2.0714766773970688,wrong_link_both,False,True,6.0231067417158375,39.0,1859,2055,2051.0,1.8670206377422647,2,0.2218945026397705,0.9913337826728821,7,0.9913337826728821,,0.16338969953358173,-3.728097790852189,7.307989814316665,1.8598574858955883,1836.0,,3.977914333343506,4.276473045349121,9.828371243367762,2.805468954215596,0.9930567741394043,-6.476754575967789,,6.0231067417158375,8.135656356811523,8.325177192687988,8.125468254089355,8.084615707397461,8.264216861029055,8.264216861029055,,,2.0,0.7694392800331116,"L1b wrong partner chosen, confident (margin > 0.5)",True
6bba_2312ac41,6bba,26000376,27000387,25,1.86167137607581,wrong_link_both,False,True,9.23117599620154,47.125,4986,5132,5141.0,1.8538999174345379,5,0.01531501766294241,0.9847397804260254,7,0.9847397804260254,,0.2526496686041355,12.036401450634003,5.732650571715817,1.8366036722216381,4971.0,,5.089382648468018,5.176296234130859,14.217894207041354,0.9705818834615276,0.993333637714386,12.834695111960173,,9.23117599620154,7.641487121582031,7.831570625305176,7.771392822265625,7.910569190979004,12.679115004888109,11.616994947640743,,,1.0,0.969424762763083,"L1b wrong partner chosen, confident (margin > 0.5)",True
6bba_2312ac41,6bba,52000699,53000712,51,2.0714766773970688,wrong_link_both,False,True,6.12282045252381,30.875,8498,8632,8644.0,3.770976304994524,2,0.9278229475021362,0.9617380499839783,9,0.9617380499839783,,-3.4276550002396107,6.348915452603251,2.078171302207967,1.5720825335085136,8520.0,,8.250370025634766,7.965523719787598,6.12282045252381,1.7389628938421018,0.9850716590881348,6.021817737258971,,6.12282045252381,7.882115364074707,7.558243274688721,7.417446136474609,7.746586799621582,9.942681965933684,9.942681965933684,,,1.0,0.03391510248184204,"L1a wrong partner chosen, near-tie (margin < 0.1)",True
6bba_2312ac41,6bba,4000069,5000088,3,0.5745242597140698,wrong_link_parent,False,True,13.107873541146638,58.5,700,925,933.0,0.2843096680021456,3,0.9637126922607422,0.9952971339225769,7,0.9952971339225769,,-0.13498777337372303,-7.828149764798582,3.0352081778558886,0.2502204794957732,,,4.93560266494751,5.05708122253418,,,,,,13.107873541146638,9.078898429870605,,8.848199844360352,8.887713432312012,8.288833250597943,8.288833250597943,,,1.0,0.03158444166183472,"L1a wrong partner chosen, near-tie (margin < 0.1)",True
6bba_2312ac41,6bba,14000236,15000249,13,0.8125,wrong_link_child,False,True,10.991096870650141,82.875,2860,2959,,,1,0.27097219228744507,0.27097219228744507,4,,,,9.13636721484363,5.211536855021135,,2763.0,,5.325201034545898,6.028938293457031,11.01337143424037,0.5844095627509515,0.9951196908950806,9.702322689350694,,10.991096870650141,8.231393814086914,9.268379211425781,,9.081804275512695,,11.081134448861826,,,,,L2 true target stolen by an unannotated competitor; cell left unlinked,True
6bba_2312ac41,6bba,2000022,3000042,1,1.21875,wrong_link_parent,False,True,10.190062063855796,13.0,375,629,622.0,2.398973691610281,2,0.40587538480758667,0.9912781119346619,5,0.9912781119346619,,-2.395222382619977,-9.406057479791343,4.206316357791029,0.13410634151500636,,,4.0013861656188965,3.7987754344940186,,,,,,10.190062063855796,7.949535846710205,,7.650595664978027,7.559168815612793,8.244688339300732,8.244688339300732,,,1.0,0.5854027271270752,"L1b wrong partner chosen, confident (margin > 0.5)",True
6bba_2312ac41,6bba,11000190,12000213,10,8.325647497342175,division_second_child,True,True,11.053268572172064,65.0,2152,2414,2365.0,3.354918252501013,7,0.006162292789667845,0.9933450222015381,8,0.9933450222015381,12000206.0,3.133081365376711,-11.9983566775918,6.9780895380395105,1.199698978449867,2159.0,,3.694824695587158,3.8203651905059814,13.319715574236499,3.402469595026868,0.983857274055481,-12.50337771885097,,11.053268572172064,9.461721420288086,9.07352066040039,8.970545768737793,8.455310821533203,16.613363288014366,8.021663589832354,0.0,,2.0,0.9871827294118702,L4 division (second child never linked),True
6bba_2312ac41,6bba,27000387,28000399,26,2.0714766773970688,wrong_link_child,False,True,11.616994947640743,48.75,5132,5303,,,2,0.0860203206539154,0.7180842161178589,5,,,,-9.36227093078196,5.208409332298547,,5141.0,,5.176296234130859,5.249777793884277,12.679115004888109,3.115669574755388,0.985715925693512,-11.783751782029867,,11.616994947640743,7.910569190979004,7.771392822265625,,7.613149166107178,,8.789816333735567,,,,,L2 true target stolen by an unannotated competitor; cell left unlinked,True
6bba_2312ac41,6bba,38000526,39000539,37,0.5745242597140698,wrong_link_parent,False,True,10.179706781209529,66.625,6662,6846,6874.0,3.1890803528098073,2,0.9892650842666626,0.9919497966766357,7,0.9919497966766357,,-3.1773925917223096,3.6176785277202725,1.2942905871535977,0.27278162464819367,,,5.100973606109619,5.227432727813721,,,,,,10.179706781209529,8.646683692932129,,7.670904636383057,8.098298072814941,6.889135351594435,6.889135351594435,,,1.0,0.0026847124099731445,"L1a wrong partner chosen, near-tie (margin < 0.1)",True
6bba_2312ac41,6bba,20000316,21000330,19,4.0010984819796676,division_second_child,True,True,11.605890191081645,48.75,3961,4139,4098.0,2.9706619695954113,2,0.8982887268066406,0.9866839051246643,6,0.9866839051246643,21000329.0,0.023945387423736975,3.2242519445426296,4.833102114177911,2.970565460652503,,,5.533442974090576,5.363137245178223,,,,,,11.605890191081645,8.001585006713867,,8.249492645263672,7.796473503112793,8.2174370933045,8.2174370933045,0.0,,1.0,0.08839517831802368,L4 division (second child never linked),True
6bba_2312ac41,6bba,65000846,66000856,64,2.1877232028983924,wrong_link_child,False,True,6.195870238573931,68.25,9998,10091,,,1,0.6922546625137329,0.6922546625137329,3,,,,-6.259062854573131,1.6318353128470509,,9992.0,,7.15706205368042,7.540689468383789,6.195870238573931,0.8471883095685434,0.927634060382843,-6.144679890014231,,6.195870238573931,6.923286437988281,7.165081977844238,,7.247830390930176,,10.483728550481315,,,,,L2 true target stolen by an unannotated competitor; cell left unlinked,True
6bba_2312ac41,6bba,59000781,60000792,58,2.0714766773970688,wrong_link_parent,False,True,13.152660564376879,35.75,9326,9451,9439.0,3.1321870651194375,2,0.8976288437843323,0.9830924868583679,5,0.9830924868583679,,-2.6962612103670835,6.751558855874464,1.624143563994337,1.5939797038768542,,,7.923029899597168,7.703589916229248,,,,,,13.152660564376879,7.338994026184082,,7.420613765716553,6.985129356384277,9.612614346225596,9.343805739798187,,,1.0,0.08546364307403564,"L1a wrong partner chosen, near-tie (margin < 0.1)",True
6bba_2312ac41,6bba,48000653,49000666,47,1.9902104160113323,wrong_link_parent,False,True,6.7276098037401315,60.125,7995,8143,8125.0,4.021581767294788,2,0.9813428521156311,0.9822272658348083,7,0.9822272658348083,,-3.82344145514071,2.9090194441378117,0.5873889000109951,1.2467619460624249,,,6.895855903625488,6.66360330581665,,,,,,6.7276098037401315,8.167400360107422,,8.076778411865234,7.741502285003662,6.769642854521739,6.769642854521739,,,2.0,0.0008844137191772461,"L1a wrong partner chosen, near-tie (margin < 0.1)",False
6bba_2312ac41,6bba,38000520,39000533,37,1.86167137607581,wrong_link_parent,False,True,9.999544917759348,22.75,6671,6859,6832.0,1.4410709278821623,2,0.9772079586982727,0.9938524961471558,6,0.9938524961471558,,0.3199695945950225,-6.032254707068205,1.8869341755139024,1.4050995970826599,,,7.6665167808532715,7.690575122833252,,,,,,9.999544917759348,8.576831817626953,,8.218562126159668,7.981666088104248,6.9895289832915335,6.9895289832915335,,,1.0,0.016644537448883057,"L1a wrong partner chosen, near-tie (margin < 0.1)",True
6bba_2312ac41,6bba,15000246,16000259,14,1.4647552056572457,wrong_link_child,False,True,5.697225496765904,56.875,3082,3250,,,1,0.9841282963752747,0.9841282963752747,8,,,,-3.2936491444706917,1.3316218579189587,,3081.0,,4.54735803604126,4.503179550170898,5.697225496765904,3.295252813728393,0.9861354827880859,-5.511136692017317,,5.697225496765904,7.839481830596924,7.857098579406738,,7.981540679931641,,9.080382299676508,,4.0,,,L2 true target stolen by an unannotated competitor; cell left unlinked,True
6bba_2312ac41,6bba,8000131,9000149,7,1.7235727791422095,wrong_link_child,False,True,5.922811503475772,8.125,1688,1835,,,1,0.9927011728286743,0.9927011728286743,9,,,,-2.213774610310793,0.28936962586665027,,1683.0,,4.195743083953857,4.143558502197266,5.922811503475772,3.7354209454138454,0.9934651255607605,-5.676559092476964,,5.922811503475772,7.732943058013916,7.8773908615112305,,8.324920654296875,,8.759979816952335,,,,,L2 true target stolen by an unannotated competitor; cell left unlinked,False
6bba_2312ac41,6bba,54000725,55000736,53,1.284675299443404,wrong_link_parent,False,True,10.100890895967181,34.125,8754,8869,8889.0,1.3430798873568242,2,0.9350517988204956,0.9361289739608765,8,0.9361289739608765,,-0.6314240153878927,6.373419643379748,0.28963974785552926,1.1853975268296495,,,7.847999572753906,7.9398040771484375,,,,,,10.100890895967181,7.784225940704346,,7.4534592628479,7.750580787658691,7.096306265584387,7.096306265584387,,,1.0,0.0010771751403808594,"L1a wrong partner chosen, near-tie (margin < 0.1)",True
6bba_2312ac41,6bba,13000227,14000240,12,1.4647552056572457,wrong_link_parent,False,True,8.747963625987992,56.875,2643,2896,2907.0,3.4326944797632075,2,0.9805552363395691,0.9819869995117188,8,0.9819869995117188,,-3.171583766117692,2.9203764948179014,1.6835307642889252,1.3131823201275277,,,4.066483020782471,4.466099262237549,,,,,,8.747963625987992,8.24315071105957,,7.670864582061768,7.76854133605957,6.2038756215751105,6.2038756215751105,,2.0,1.0,0.0014317631721496582,"L1a wrong partner chosen, near-tie (margin < 0.1)",False
6bba_2312ac41,6bba,24000354,25000365,23,1.6750116604071745,wrong_link_both,False,True,8.895273930326235,50.375,4623,4817,4815.0,2.7232472979449245,3,0.16975732147693634,0.9781118631362915,8,0.9781118631362915,,-2.7015246553346515,9.80354144796729,3.871844190185527,0.343278869701189,4605.0,,4.746190071105957,5.185333251953125,17.187341537719227,6.648817635490232,0.9692166447639465,16.03394818585366,,8.895273930326235,8.17227840423584,8.317282676696777,7.734199047088623,7.703466415405273,13.100568592790276,10.425962187297086,,,1.0,0.8083545416593552,"L1b wrong partner chosen, confident (margin > 0.5)",True
6bba_2312ac41,6bba,53000712,54000725,52,2.8726212985703494,wrong_link_child,False,True,9.942681965933684,32.5,8632,8754,,,1,0.9483372569084167,0.9483372569084167,3,,,,-6.089880171697587,2.18871482031987,,8644.0,,7.965523719787598,7.847999572753906,9.942681965933684,4.415070099234072,0.9525595307350159,-9.776570452842861,,9.942681965933684,7.746586799621582,7.417446136474609,,7.784225940704346,,10.100890895967181,,,,,L2 true target stolen by an unannotated competitor; cell left unlinked,True
6bba_2312ac41,6bba,9000159,10000175,8,1.8168052317185792,wrong_link_parent,False,True,10.539639155546398,63.375,1764,1963,1971.0,3.7573608955864524,2,0.9903650879859924,0.9954079985618591,10,0.9954079985618591,,-3.61730063194409,5.877456290181726,2.0105901127121135,1.0163154224054225,,,4.021677017211914,4.372645378112793,,,,,,10.539639155546398,8.953699111938477,,8.917524337768555,8.947946548461914,9.633699764497075,9.633699764497075,2.0,,2.0,0.005042910575866699,"L1a wrong partner chosen, near-tie (margin < 0.1)",True
6bba_2312ac41,6bba,8000138,9000155,7,0.5745242597140698,wrong_link_parent,False,True,8.497191529008559,39.0,1666,1859,1836.0,3.483546225286452,2,0.7007395625114441,0.991384744644165,7,0.991384744644165,,-3.241580681875348,3.2351738940924406,6.1515756367297785,1.275636698515703,,,4.165863513946533,3.977914333343506,,,,,,8.497191529008559,8.04741096496582,,8.325177192687988,8.135656356811523,9.828371243367762,6.0231067417158375,,,3.0,0.29064518213272095,"L1b wrong partner chosen, intermediate margin",True
6bba_2312ac41,6bba,42000577,43000590,41,2.0714766773970688,wrong_link_child,False,True,6.158955494030052,66.625,7250,7402,,,1,0.9500899314880371,0.9500899314880371,6,,,,-6.421856928616762,0.48470551113680027,,7239.0,,5.294618606567383,6.058833122253418,6.158955494030052,0.9843835883052161,0.9899661540985107,-6.11804241174832,,6.158955494030052,8.111922264099121,8.248385429382324,,7.8551740646362305,,12.048943739472175,,,,,L2 true target stolen by an unannotated competitor; cell left unlinked,True
6bba_268e1230,6bba,69000602,70000614,68,3.6336104634371584,unlinked,False,True,16.31983247439069,84.5,3454,3518,,,1,0.15250436961650848,0.15250436961650848,1,,,,-2.4555985713377595,1.6908332693891606,,,,3.2193939685821533,3.1437034606933594,,,,,,16.31983247439069,4.394220352172852,,,4.415886878967285,,17.262418497018196,,,,,L3 true pair scored below 0.5; cell left unlinked,False
6bba_268e1230,6bba,76000671,77000679,75,1.7235727791422095,unlinked,False,True,15.68947413238549,55.25,3935,3997,,,1,0.11816620826721191,0.11816620826721191,1,,,,-0.942302628653124,0.7021158593655381,,,,3.019733190536499,2.946143627166748,,,,,,15.68947413238549,5.073409557342529,,,5.596245765686035,,17.310374044495507,,,,,L3 true pair scored below 0.5; cell left unlinked,False
6bba_268e1230,6bba,30000214,31000226,29,7.845990715805111,wrong_link_child,False,True,11.253237461367213,19.5,964,1024,,,1,0.98487788438797,0.98487788438797,2,,,,-9.508392600342631,4.818095489300753,,968.0,,6.4422221183776855,6.966400146484375,11.253237461367213,1.6765547973800807,0.9976727366447449,-10.547348791733384,,11.253237461367213,9.559928894042969,8.202454566955566,,10.086766242980957,,13.1526895690653,,,,,L2 true target stolen by an unannotated competitor; cell left unlinked,True
6bba_268e1230,6bba,12000069,13000072,11,7.289895618251334,wrong_link_parent,False,True,16.84774195739145,39.0,319,345,346.0,0.8877522744070089,2,0.9998310804367065,0.9998842477798462,3,0.9998842477798462,,0.0,-1.625,4.939905369079013,0.8877522744070089,,,24.616809844970703,23.66550636291504,,,,,,16.84774195739145,17.818979263305664,,17.12248420715332,17.464847564697266,5.947107588788719,5.947107588788719,,,1.0,5.316734313964844e-05,"L1a wrong partner chosen, near-tie (margin < 0.1)",False
6bba_268e1230,6bba,77000679,78000690,76,2.0714766773970688,unlinked,False,True,17.310374044495507,53.625,3997,4063,,,1,0.09634646773338318,0.09634646773338318,1,,,,-0.7420979745220393,1.833524531191436,,,,2.946143627166748,2.8615384101867676,,,,,,17.310374044495507,5.596245765686035,,,5.370217323303223,,15.10891484795224,,,,,L3 true pair scored below 0.5; cell left unlinked,False
6bba_268e1230,6bba,74000655,75000664,73,3.917733121653388,unlinked,False,True,18.002975249875476,78.0,3803,3876,,,1,0.29559987783432007,0.29559987783432007,1,,,,-3.5954538248479366,1.792379721764914,,,,2.8204081058502197,2.752653121948242,,,,,,18.002975249875476,5.12877082824707,,,4.777753829956055,,17.276443269192537,,,,,L3 true pair scored below 0.5; cell left unlinked,True
6bba_268e1230,6bba,29000205,30000216,28,15.254673976358852,wrong_link_parent,False,True,17.76781355183265,63.375,911,950,984.0,4.800295602767025,-1,,0.783746063709259,3,0.783746063709259,,-3.960281423293054,-12.376805207692087,13.584069724246444,2.7127493290505815,,,15.694999694824219,13.868332862854004,,,,,,17.76781355183265,16.927717208862305,,6.381218910217285,16.791532516479492,13.848625444547084,13.44221243626101,,,1.0,,L1d wrong partner: true partner beyond the 15 um gate,True
6bba_268e1230,6bba,8000043,9000048,7,2.4375,wrong_link_both,False,True,10.24566964313293,45.5,220,244,246.0,3.510470519556548,2,0.9887976050376892,0.9917312264442444,3,0.9917312264442444,,-3.2093603648245335,5.377449981868267,7.1044321609219,1.4224659283683947,219.0,,18.486377716064453,25.51478385925293,10.24566964313293,1.3786767698333457,0.9998868703842163,6.422714287415147,,10.24566964313293,13.944100379943848,15.928473472595215,13.710805892944336,16.874893188476562,12.098458026625647,12.098458026625647,,,2.0,0.0029336214065551758,"L1a wrong partner chosen, near-tie (margin < 0.1)",True
6bba_268e1230,6bba,71000625,72000635,70,1.7235727791422095,unlinked,False,True,17.955885874072493,81.25,3584,3656,,,1,0.3516708314418793,0.3516708314418793,1,,,,-2.507711524842307,0.054731979740033104,,,,2.9828147888183594,2.9585814476013184,,,,,,17.955885874072493,4.5226569175720215,,,4.787148952484131,,18.253607607750755,,,,,L3 true pair scored below 0.5; cell left unlinked,False
6bba_268e1230,6bba,62000534,63000545,61,1.284675299443404,unlinked,False,True,10.598682992581166,97.5,3010,3082,,,1,0.34936490654945374,0.34936490654945374,3,,,,0.016641046851873398,2.675881698238767,,,,3.742222309112549,3.641904830932617,,,,,,10.598682992581166,5.136905670166016,,,5.146317958831787,,10.16318942935959,,,,,L3 true pair scored below 0.5; cell left unlinked,False
6bba_268e1230,6bba,10000054,11000062,9,9.792226269470085,wrong_link_child,False,True,13.386639937831411,45.5,272,294,,,1,0.995471715927124,0.995471715927124,1,,,,-9.75,9.550255712965967,,271.0,,26.24347686767578,22.987825393676758,13.386639937831411,0.9931311126454216,0.9984814524650574,-10.195537528023124,,13.386639937831411,15.603678703308105,17.244646072387695,,17.2554988861084,,14.950457136696437,,,,,L2 true target stolen by an unannotated competitor; cell left unlinked,True
6bba_268e1230,6bba,17000093,18000100,16,4.875,wrong_link_parent,False,True,12.276442223806226,24.375,469,502,503.0,2.4821482177037595,2,0.999836802482605,0.9999865293502808,3,0.9999865293502808,,-2.4375,-5.6875,6.5469927381383,0.46867208648473024,,,25.889856338500977,23.9768123626709,,,,,,12.276442223806226,16.639225006103516,,17.502622604370117,17.265607833862305,7.274016224792751,7.274016224792751,,,1.0,0.00014972686767578125,"L1a wrong partner chosen, near-tie (margin < 0.1)",True
6bba_268e1230,6bba,78000690,79000698,77,1.284675299443404,unlinked,False,True,15.10891484795224,52.0,4063,4125,,,1,0.194735586643219,0.194735586643219,2,,,,-2.285005503334105,1.2945986469457722,,,,2.8615384101867676,2.824402332305908,,,,,,15.10891484795224,5.370217323303223,,,5.479787349700928,,15.795312827964104,,,,,L3 true pair scored below 0.5; cell left unlinked,False
6bba_268e1230,6bba,79000698,80000705,78,3.471001521535247,unlinked,False,True,15.795312827964104,52.0,4125,4200,,,1,0.1002042293548584,0.1002042293548584,1,,,,-0.7490445887669921,0.9741688462415485,,,,2.824402332305908,2.6654322147369385,,,,,,15.795312827964104,5.479787349700928,,,5.215147495269775,,15.320560041231607,,,,,L3 true pair scored below 0.5; cell left unlinked,False
6bba_268e1230,6bba,68000593,69000602,67,8.946728190377755,unlinked,False,True,4.914429444537446,91.0,3395,3454,,,1,0.003503649728372693,0.003503649728372693,2,,,,-9.626024033874273,7.881110676216969,,,,3.6527273654937744,3.2193939685821533,,,,,,4.914429444537446,4.958820819854736,,,4.394220352172852,,16.31983247439069,,,,,L3 true pair scored below 0.5; cell left unlinked,True
6bba_268e1230,6bba,63000545,64000556,62,7.198768340834423,unlinked,False,True,10.16318942935959,97.5,3082,3146,,,1,0.04027142375707626,0.04027142375707626,3,,,,-0.3642348302528262,8.177214942048352,,,,3.641904830932617,3.5792245864868164,,,,,,10.16318942935959,5.146317958831787,,,4.758868217468262,,10.979922280985186,,,,,L3 true pair scored below 0.5; cell left unlinked,False
6bba_268e1230,6bba,27000181,28000191,26,3.447145558284419,unlinked,False,True,13.839430693589238,17.875,843,895,,,1,0.4677002429962158,0.4677002429962158,2,,,,-4.852319424971938,1.2441523271523514,,,,15.193333625793457,13.77500057220459,,,,,,13.839430693589238,7.966170310974121,,,6.572731971740723,,14.966700823382569,,,,,L3 true pair scored below 0.5; cell left unlinked,True
6bba_268e1230,6bba,67000584,68000593,66,0.0,unlinked,False,True,4.924206766991357,91.0,3331,3395,,,1,0.18675297498703003,0.18675297498703003,3,,,,0.004390062298625708,0.02354419851890355,,,,3.6527273654937744,3.6527273654937744,,,,,,4.924206766991357,4.9399919509887695,,,4.958820819854736,,4.914429444537446,,,,,L3 true pair scored below 0.5; cell left unlinked,False
6bba_268e1230,6bba,66000575,67000584,65,2.0714766773970688,unlinked,False,True,4.77084702879396,91.0,3268,3331,,,1,0.1905328929424286,0.1905328929424286,4,,,,-0.42228155257180333,5.569671147994528,,,,3.532424211502075,3.6527273654937744,,,,,,4.77084702879396,4.616747856140137,,,4.9399919509887695,,4.924206766991357,,,,,L3 true pair scored below 0.5; cell left unlinked,False
6bba_268e1230,6bba,72000635,73000645,71,1.7235727791422095,unlinked,False,True,18.253607607750755,79.625,3656,3732,,,1,0.4115088880062103,0.4115088880062103,1,,,,0.22934687766246498,1.0787517869677488,,,,2.9585814476013184,2.9541666507720947,,,,,,18.253607607750755,4.787148952484131,,,5.535170555114746,,18.745470228748648,,,,,L3 true pair scored below 0.5; cell left unlinked,False
6bba_268e1230,6bba,83000732,84000742,82,4.162823748671087,unlinked,False,True,17.131719409308918,43.875,4422,4513,,,1,0.19731654226779938,0.19731654226779938,1,,,,-5.517672312445939,2.892550561386529,,,,2.579770088195801,2.4262146949768066,,,,,,17.131719409308918,5.686767101287842,,,4.686557769775391,,19.18813267774724,,,,,L3 true pair scored below 0.5; cell left unlinked,True
6bba_268e1230,6bba,25000170,26000180,24,10.41300456460574,division_second_child,True,True,17.154386404183665,73.125,756,801,797.0,3.543024298317308,3,0.862248420715332,0.9978002905845642,3,0.9978002905845642,26000179.0,3.2053240444511175,2.3249480668455362,9.868747634568182,1.509608872698616,,,25.127222061157227,24.961668014526367,,,,,,17.154386404183665,15.817279815673828,,13.429475784301758,10.917113304138184,11.348331179295869,10.159200489679924,0.0,,1.0,0.13555186986923218,L4 division (second child never linked),False
6bba_268e1230,6bba,60000510,61000520,59,0.0,unlinked,False,True,8.629051819611538,82.875,2870,2934,,,1,0.16570667922496796,0.16570667922496796,4,,,,-0.015526700764894485,0.03529223946233326,,,,3.24399995803833,3.24399995803833,,,,,,8.629051819611538,5.2383270263671875,,,5.273750305175781,,9.26886826786991,,,,,L3 true pair scored below 0.5; cell left unlinked,False
6bba_268e1230,6bba,18000100,19000109,17,3.5648292823780494,wrong_link_both,False,True,7.274016224792751,21.125,502,540,546.0,9.731520620973805,1,0.9998791217803955,0.9998791217803955,2,0.8785569071769714,,6.1309163719415665,0.06201556324958801,3.5741404207264265,7.5574041864053605,503.0,,23.9768123626709,26.052753448486328,7.274016224792751,4.896076638865478,0.9999746084213257,3.25,,7.274016224792751,17.265607833862305,17.502622604370117,10.417501449584961,17.185192108154297,12.585580881160398,12.585580881160398,,,1.0,-0.12132221460342407,L1c wrong partner: true partner ranked first but taken (greedy),False
6bba_268e1230,6bba,42000346,43000356,41,3.093907824257213,unlinked,False,True,14.971296479010784,1.625,1682,1742,,,1,0.1952490210533142,0.1952490210533142,2,,,,-0.1683737407438457,1.8688248469715139,,,,7.560888767242432,4.24774169921875,,,,,,14.971296479010784,7.832801342010498,,,6.363665580749512,,14.291070204473451,,,,,L3 true pair scored below 0.5; cell left unlinked,False
6bba_268e1230,6bba,62000530,63000541,61,0.0,wrong_link_both,False,True,7.6353130992709906,73.125,2946,3023,3019.0,3.9166876103467856,2,0.9941703081130981,0.9998214840888977,2,0.9998214840888977,,-3.3584305567201227,8.994259561179206,5.831457827910278,2.015288076859629,2947.0,,15.526666641235352,15.412062644958496,7.6353130992709906,3.108851630082437,0.9978650212287903,6.542915342608467,,7.6353130992709906,13.986357688903809,13.553709030151367,15.211662292480469,12.362101554870605,14.604823536337308,14.604823536337308,,,2.0,0.0056511759757995605,"L1a wrong partner chosen, near-tie (margin < 0.1)",True
6bba_268e1230,6bba,64000556,65000567,63,2.333728575156074,unlinked,False,True,10.979922280985186,94.25,3146,3207,,,1,0.05535684898495674,0.05535684898495674,3,,,,-0.13458620803430676,1.429121888172771,,,,3.5792245864868164,3.4626355171203613,,,,,,10.979922280985186,4.758868217468262,,,4.887445449829102,,10.294319713782386,,,,,L3 true pair scored below 0.5; cell left unlinked,False
6bba_268e1230,6bba,80000705,81000713,79,0.0,unlinked,False,True,15.320560041231607,48.75,4200,4265,,,1,0.12275324016809464,0.12275324016809464,1,,,,-0.11117517575621605,0.15334203736956212,,,,2.6654322147369385,2.6654322147369385,,,,,,15.320560041231607,5.215147495269775,,,5.192364692687988,,15.481183227134574,,,,,L3 true pair scored below 0.5; cell left unlinked,False
6bba_268e1230,6bba,28000191,29000201,27,0.0,unlinked,False,True,14.966700823382569,14.625,895,935,,,1,0.04371189326047897,0.04371189326047897,2,,,,-0.042313091456890106,0.006926767528057098,,,,13.77500057220459,13.77500057220459,,,,,,14.966700823382569,6.572731971740723,,,6.562461853027344,,14.957670749222638,,,,,L3 true pair scored below 0.5; cell left unlinked,False
6bba_268e1230,6bba,81000713,82000721,80,5.170718337426629,unlinked,False,True,15.481183227134574,48.75,4265,4341,,,1,0.08556011319160461,0.08556011319160461,2,,,,-9.426566230133176,2.977856658893936,,,,2.6654322147369385,2.6446785926818848,,,,,,15.481183227134574,5.192364692687988,,,5.789674758911133,,17.94525878071187,,,,,L3 true pair scored below 0.5; cell left unlinked,True
6bba_268e1230,6bba,73000645,74000655,72,2.569350598886808,unlinked,False,True,18.745470228748648,78.0,3732,3803,,,1,0.3177067041397095,0.3177067041397095,1,,,,-0.8375554010272026,1.3680725213089733,,,,2.9541666507720947,2.8204081058502197,,,,,,18.745470228748648,5.535170555114746,,,5.12877082824707,,18.002975249875476,,,,,L3 true pair scored below 0.5; cell left unlinked,False
6bba_268e1230,6bba,70000614,71000625,69,1.284675299443404,unlinked,False,True,17.262418497018196,81.25,3518,3584,,,1,0.23882244527339935,0.23882244527339935,1,,,,-1.606552705168724,1.3814413165775488,,,,3.1437034606933594,2.9828147888183594,,,,,,17.262418497018196,4.415886878967285,,,4.5226569175720215,,17.955885874072493,,,,,L3 true pair scored below 0.5; cell left unlinked,False
6bba_268e1230,6bba,65000567,66000575,64,3.300390601883359,unlinked,False,True,10.294319713782386,92.625,3207,3268,,,1,0.07313474267721176,0.07313474267721176,4,,,,-2.9174995948560536,2.1740251452124433,,,,3.4626355171203613,3.532424211502075,,,,,,10.294319713782386,4.887445449829102,,,4.616747856140137,,4.77084702879396,,,,,L3 true pair scored below 0.5; cell left unlinked,False
6bba_283bf9f1,6bba,47001444,48001466,46,6.894291116568838,wrong_link_child,False,True,7.172793826319185,45.5,11031,11198,,,2,0.41191089153289795,0.8684434294700623,6,,,,-9.54753592563793,5.490832607401129,,11060.0,,2.2941982746124268,2.880229949951172,7.172793826319185,3.9974077995455173,0.993124783039093,-5.725140713620931,,7.172793826319185,8.221500396728516,7.671537399291992,,8.978585243225098,,9.544554011011263,,,,,L2 true target stolen by an unannotated competitor; cell left unlinked,True
6bba_283bf9f1,6bba,82002341,83002365,81,1.86167137607581,wrong_link_both,False,True,12.957663299434708,27.625,18511,18701,18703.0,0.7526891482820183,2,0.9975306391716003,0.999922513961792,4,0.999922513961792,,-0.10582008387427777,6.902353143901564,8.241538424415914,0.7452134350576022,18510.0,,3.440584659576416,3.6816816329956055,13.0345491970879,2.514865988035116,0.9996696710586548,9.139768647612073,,12.957663299434708,12.912179946899414,13.023279190063477,12.624946594238281,13.004256248474121,11.387723242708356,11.387723242708356,,,2.0,0.0023918747901916504,"L1a wrong partner chosen, near-tie (margin < 0.1)",True
6bba_283bf9f1,6bba,94002624,95002644,93,9.30835688037905,wrong_link_parent,False,True,11.989968176798875,78.0,20865,21052,21031.0,5.330793384329422,2,0.9776931405067444,0.9872753620147705,2,0.9872753620147705,,1.0493375286459923,-6.8638628125190735,4.702850762437323,5.2264948921227745,,,3.949514389038086,4.260502815246582,,,,,,11.989968176798875,9.17661190032959,,9.23194408416748,9.018487930297852,12.561428712824709,12.381066586425625,,,2.0,0.009582221508026123,"L1a wrong partner chosen, near-tie (margin < 0.1)",True
6bba_283bf9f1,6bba,75002175,76002200,74,4.487177913232324,wrong_link_both,False,True,10.24784989214204,50.375,17137,17330,17326.0,6.715883035509792,1,0.9928145408630371,0.9928145408630371,8,0.8733372092247009,76002210.0,1.4745950233191252,-4.624918024986982,3.2264821270173845,6.551996219767735,17127.0,,4.29714298248291,4.493536949157715,10.24784989214204,4.91834425405717,0.9952161312103271,-7.232529589906335,,10.24784989214204,9.534635543823242,9.715185165405273,9.765836715698242,9.713730812072754,10.82655840434607,7.6532949271759,,,2.0,-0.11947733163833618,L1c wrong partner: true partner ranked first but taken (greedy),True
6bba_283bf9f1,6bba,26000850,27000880,25,1.86167137607581,wrong_link_child,False,True,8.413462946942046,3.25,6048,6134,,,1,0.9351546168327332,0.9351546168327332,7,,,,4.090385336428881,3.832641960596554,,5867.0,,1.9177032709121704,2.3704488277435303,8.413462946942044,3.511522141699432,0.9964579939842224,4.242161283269525,,8.413462946942046,7.541182994842529,9.754645347595215,,9.436049461364746,,11.35325926046446,,,,,L2 true target stolen by an unannotated competitor; cell left unlinked,True
6bba_283bf9f1,6bba,79002273,80002295,78,2.8726212985703494,wrong_link_both,False,True,9.104626034512217,30.875,17922,18121,18149.0,8.37297966635191,1,0.9991434812545776,0.9991434812545776,3,0.9789846539497375,,-4.284168425947428,0.7350227758288383,6.319252377405629,7.193934208154651,17918.0,,2.680272102355957,3.6429131031036377,9.104626034512217,4.766842717982174,0.9994978904724121,3.4389310590922832,,9.104626034512217,10.76607894897461,12.030237197875977,9.666145324707031,12.94867992401123,13.327125190382656,12.730032638350764,,,2.0,-0.020158827304840088,L1c wrong partner: true partner ranked first but taken (greedy),False
6bba_283bf9f1,6bba,79002285,80002306,78,7.001185725468223,wrong_link_parent,False,True,10.122537138587823,78.0,18078,18216,18231.0,4.5930003021853265,2,0.6960844993591309,0.9778989553451538,2,0.9778989553451538,,0.5057787457481027,-8.930725855752826,2.502440544964159,4.565067320010075,,,4.873578071594238,5.559103488922119,,,,,,10.122537138587823,7.901330471038818,,8.593140602111816,8.772815704345703,11.474418775350792,9.62607453461606,,,2.0,0.28181445598602295,"L1b wrong partner chosen, intermediate margin",True
6bba_283bf9f1,6bba,66001931,67001960,65,2.03125,wrong_link_parent,False,True,10.882504752181484,27.625,15271,15530,15549.0,4.783700737436698,2,0.984416663646698,0.9930797219276428,7,0.9930797219276428,,-3.0837217238731682,6.504512496292591,1.6550973377787617,3.6571099347797986,,,4.379787445068359,5.307015419006348,,,,,,10.882504752181484,8.889022827148438,,8.275840759277344,8.52882194519043,10.013522499637252,10.013522499637252,,,1.0,0.008663058280944824,"L1a wrong partner chosen, near-tie (margin < 0.1)",True
6bba_283bf9f1,6bba,35001143,36001170,34,2.368824207280903,wrong_link_child,False,True,4.515545488764571,63.375,8194,8464,,,1,0.87516188621521,0.87516188621521,3,,,,-7.434503731550649,0.9912847598959474,,8168.0,,1.8396615982055664,2.039722204208374,4.515545488764571,3.288412502060883,0.9814637303352356,-4.432275287806988,,4.515545488764571,8.159916877746582,8.40896987915039,,7.407397270202637,,12.198618436337293,,,,,L2 true target stolen by an unannotated competitor; cell left unlinked,True
6bba_283bf9f1,6bba,94002627,95002647,93,8.375058302035873,wrong_link_both,False,True,6.207213904907559,11.375,20874,21125,21014.0,7.997568747378302,1,0.9013512134552002,0.9013512134552002,9,0.8900647163391113,,0.23369709216058254,-5.3671449683606625,5.4646097149726724,7.994153584849232,20884.0,,5.67987060546875,6.8873701095581055,6.207213904907559,5.500128767089508,0.9719719886779785,-6.196415513753891,,6.207213904907559,9.038474082946777,8.888800621032715,9.530953407287598,7.7612996101379395,11.01337933526112,6.448986359177322,,,2.0,-0.011286497116088867,L1c wrong partner: true partner ranked first but taken (greedy),True
6bba_283bf9f1,6bba,64001865,65001892,63,1.6750116604071745,wrong_link_parent,False,True,11.42245624723297,19.5,14707,14935,14933.0,2.737122408098969,2,0.9995856881141663,0.9997867941856384,4,0.9997867941856384,,-0.43200507952133194,-0.15688586048781872,3.7563009440989297,2.702815326319071,,,3.2519571781158447,2.4238641262054443,,,,,,11.42245624723297,14.263744354248047,,12.357786178588867,12.221081733703613,6.305754534770698,6.305754534770697,,,2.0,0.00020110607147216797,"L1a wrong partner chosen, near-tie (margin < 0.1)",False
6bba_283bf9f1,6bba,58001726,59001755,57,2.03125,wrong_link_child,False,True,5.913395990107448,69.875,13578,13784,,,1,0.9565445780754089,0.9565445780754089,5,,,,4.724824285134673,2.646517152576313,,13572.0,,4.999194622039795,5.008384704589844,5.913395990107448,2.620685231452669,0.9817834496498108,5.820634912699461,,5.913395990107448,7.012551307678223,7.363666534423828,,7.320101737976074,,7.507231581026421,,,,,L2 true target stolen by an unannotated competitor; cell left unlinked,True
6bba_283bf9f1,6bba,67001971,68001997,66,4.487177913232324,wrong_link_parent,False,True,8.469583164856198,73.125,15455,15651,15668.0,5.509850676240066,2,0.9733953475952148,0.980344831943512,4,0.980344831943512,,1.057920572347939,-3.234131525270641,5.276969945074914,5.407333773410526,,,3.3667104244232178,3.281261444091797,,,,,,8.469583164856198,9.288522720336914,,9.26425552368164,9.4447603225708,4.387198345868299,4.387198345868299,,,3.0,0.006949484348297119,"L1a wrong partner chosen, near-tie (margin < 0.1)",True
6bba_283bf9f1,6bba,60001780,61001806,59,4.487177913232324,wrong_link_child,False,True,6.196696986961997,78.0,13981,14166,,,1,0.9389652013778687,0.9389652013778687,7,,,,-6.037983504123986,3.7483854212500582,,13971.0,,4.336912631988525,3.6929848194122314,6.196696986961997,4.529106611248383,0.9784747362136841,-6.14083091635257,,6.196696986961997,8.065119743347168,8.179344177246094,,8.589691162109375,,11.027097269924296,,,,,L2 true target stolen by an unannotated competitor; cell left unlinked,True
6bba_283bf9f1,6bba,94002623,95002643,93,4.375446405796785,wrong_link_both,False,True,4.702992107586115,71.5,20809,20990,20991.0,8.6774651553187,1,0.9994643330574036,0.9994643330574036,3,0.9992558360099792,,-6.040087915956974,-2.744179641827941,3.7159180308921407,6.230227884217457,20810.0,,2.8752102851867676,3.2207705974578857,4.702992107586115,3.767029532511172,0.9996474981307983,-0.06916343234479427,,4.702992107586115,13.522599220275879,13.543025016784668,13.04732894897461,13.70909595489502,8.246398854831284,8.246398854831284,,,4.0,-0.0002084970474243164,L1c wrong partner: true partner ranked first but taken (greedy),False
6bba_283bf9f1,6bba,41001292,42001315,40,2.368824207280903,wrong_link_parent,False,True,13.785923459618777,40.625,9580,9815,9839.0,3.590980170892393,2,0.9921782612800598,0.995402455329895,3,0.995402455329895,,-3.22008812520653,2.8701053503900766,3.3880336486443454,1.5893932973453282,,,5.212691307067871,5.478158473968506,,,,,,13.785923459618777,8.439750671386719,,8.128012657165527,8.43472957611084,6.601336014350312,6.601336014350312,,,1.0,0.003224194049835205,"L1a wrong partner chosen, near-tie (margin < 0.1)",False
6bba_283bf9f1,6bba,65001892,66001929,64,0.40625,wrong_link_child,False,True,6.305754534770697,17.875,14935,15167,,,1,0.9995355606079102,0.9995355606079102,3,,,,-0.04317606799304485,3.471465904627617,,14933.0,,2.4238641262054443,3.3653502464294434,6.305754534770698,2.9121679263665987,0.9998038411140442,-0.2751192190335132,,6.305754534770697,12.221081733703613,12.357786178588867,,14.142239570617676,,14.230178036312571,,,,,L2 true target stolen by an unannotated competitor; cell left unlinked,False
6bba_283bf9f1,6bba,80002295,81002319,79,2.4375,wrong_link_parent,False,True,12.730032638350764,29.25,18121,18319,18315.0,2.93009714063189,2,0.9996546506881714,0.9996638298034668,2,0.9996638298034668,,2.4016050286591053,-3.944539226591587,6.896718933689489,1.6786192361159438,,,3.6429131031036377,3.4224562644958496,,,,,,12.730032638350764,12.94867992401123,,14.056931495666504,12.528531074523926,10.350964030533294,10.350964030533294,,,1.0,9.179115295410156e-06,"L1a wrong partner chosen, near-tie (margin < 0.1)",True
6bba_283bf9f1,6bba,27000900,28000931,26,2.6012692214570947,wrong_link_both,False,True,10.044516967578494,50.375,6277,6538,6484.0,3.552217736240368,2,0.560806393623352,0.9915478825569153,8,0.9915478825569153,,0.9440039284527302,-9.282215625047684,3.173211660765526,3.424486447443829,6280.0,,3.629743814468384,3.7249839305877686,10.070530035399042,1.2511623145800668,0.9798810482025146,-9.585210418328643,,10.044516967578494,8.097201347351074,8.056547164916992,8.672475814819336,7.633269309997559,10.453725538497858,9.760052022951077,,,2.0,0.43074148893356323,"L1b wrong partner chosen, intermediate margin",True
6bba_283bf9f1,6bba,82002333,83002355,81,0.9084026158592896,wrong_link_both,False,True,4.257624175756351,4.875,18514,18705,18708.0,1.6668893720294609,2,0.9984844326972961,0.9994255304336548,3,0.9994255304336548,,0.07450493238866329,0.361245721578598,5.0842453827507255,1.665223466575742,18512.0,,2.8203508853912354,2.4261863231658936,4.257624175756351,1.1471311321742317,0.9985405206680298,-0.002695932984352112,,4.257624175756351,11.94667911529541,12.563392639160156,10.874836921691895,12.457489967346191,6.755058840758364,6.755058840758364,,,2.0,0.0009410977363586426,"L1a wrong partner chosen, near-tie (margin < 0.1)",False
6bba_283bf9f1,6bba,52001578,53001603,51,5.041429918683786,wrong_link_child,False,True,5.877800499791544,68.25,12156,12339,,,1,0.7850541472434998,0.7850541472434998,6,,,,-8.955302828922868,3.8492190353341442,,12138.0,,4.128171920776367,4.113511085510254,5.877800499791544,5.406049071433919,0.9884248971939087,-5.791906855069101,,5.877800499791544,8.750733375549316,8.872259140014648,,9.047750473022461,,10.499340736988792,,,,,L2 true target stolen by an unannotated competitor; cell left unlinked,True
6bba_283bf9f1,6bba,48001462,49001485,47,9.89283397528231,unlinked,False,True,11.296637253275199,21.125,11214,11405,,,1,0.35465753078460693,0.35465753078460693,2,,,,-6.218549727462232,7.619027870304247,,,,1.6324905157089233,1.887364387512207,,,,,,11.296637253275199,8.763789176940918,,,9.09755802154541,,10.642021791483517,,,,,L3 true pair scored below 0.5; cell left unlinked,True
6bba_283bf9f1,6bba,41001296,42001320,40,2.333728575156074,wrong_link_parent,False,True,11.811368795500707,56.875,9510,9785,9773.0,1.2434902139216206,2,0.9816255569458008,0.9919314980506897,8,0.9919314980506897,,0.344004375860095,-5.973186022602022,1.7844010398110794,1.1949597907494396,,,2.8090553283691406,2.904456615447998,,,,,,11.811368795500707,9.059152603149414,,8.741189956665039,8.674570083618164,6.4975772557082,6.4975772557082,,,1.0,0.010305941104888916,"L1a wrong partner chosen, near-tie (margin < 0.1)",True
6bba_283bf9f1,6bba,39001251,40001278,38,2.333728575156074,wrong_link_parent,False,True,11.60244296475251,91.0,9087,9344,9335.0,1.1699644879285693,2,0.9762380123138428,0.9933416247367859,7,0.9933416247367859,,0.09455253183841705,-5.886661315220408,2.5029860489672044,1.166137522651983,,,3.0954723358154297,3.265122890472412,,,,,,11.60244296475251,8.693315505981445,,8.654206275939941,8.522680282592773,6.138770476289031,6.138770476289031,,,1.0,0.017103612422943115,"L1a wrong partner chosen, near-tie (margin < 0.1)",True
6bba_283bf9f1,6bba,34001115,35001141,33,4.375446405796785,wrong_link_child,False,True,10.7410987763605,63.375,7951,8124,,,1,0.9501177072525024,0.9501177072525024,3,,,,-7.4151740008965135,3.8709153925409203,,7981.0,,2.917482852935791,3.582876443862915,11.658700602702602,5.05124232851925,0.9847240447998047,-11.189844072796404,,10.7410987763605,8.098573684692383,7.438368797302246,,8.888676643371582,,9.430484354940832,,,,,L2 true target stolen by an unannotated competitor; cell left unlinked,True
6bba_283bf9f1,6bba,84002397,85002422,83,4.162823748671087,wrong_link_both,False,True,5.512419257556816,56.875,18895,19095,19097.0,10.186511475578595,1,0.9993595480918884,0.9993595480918884,2,0.9986055493354797,,-9.37080290634185,-2.784842728637159,3.116881249774811,3.9941293084462766,18898.0,,3.371636390686035,3.616816997528076,5.512419257556816,4.360803596535894,0.9995694756507874,0.04592394083738327,,5.512419257556816,13.937685012817383,12.330092430114746,13.878429412841797,14.721174240112305,7.01676823518667,7.01676823518667,,,3.0,-0.0007539987564086914,L1c wrong partner: true partner ranked first but taken (greedy),False
6bba_283bf9f1,6bba,40001278,41001304,39,1.1490485194281397,wrong_link_child,False,True,6.138770476289031,92.625,9344,9552,,,1,0.9929397106170654,0.9929397106170654,6,,,,2.968287683906965,1.3457899907795556,,9335.0,,3.265122890472412,3.481069564819336,6.138770476289031,3.4033613903251863,0.9934303164482117,5.981213847058825,,6.138770476289031,8.522680282592773,8.654206275939941,,8.691064834594727,,11.796046148000258,,,,,L2 true target stolen by an unannotated competitor; cell left unlinked,False
6bba_283bf9f1,6bba,96002650,97002668,95,4.487177913232324,wrong_link_child,False,True,6.977587989368841,6.5,21288,21437,,,1,0.9808727502822876,0.9808727502822876,5,,,,-3.29673423897475,4.254606502431866,,21267.0,,8.861360549926758,8.50333309173584,9.977959871653963,4.82575110997281,0.9885197281837463,-7.558980762958527,,6.977587989368841,8.082676887512207,8.38757038116455,,8.38386344909668,,8.271665162929429,,,,,L2 true target stolen by an unannotated competitor; cell left unlinked,True
6bba_283bf9f1,6bba,50001506,51001532,49,6.039340428598143,wrong_link_parent,False,True,11.253857652162903,14.625,11718,11985,11927.0,5.46644722671382,2,0.767025351524353,0.9664912819862366,6,0.9664912819862366,,-4.256085088476539,2.5487686675041914,6.470955482669815,3.4304205284621982,,,1.4755823612213135,1.5233744382858276,,,,,,11.253857652162903,8.466059684753418,,8.690153121948242,8.139840126037598,10.429681673282179,10.429681673282177,,,2.0,0.19946593046188354,"L1b wrong partner chosen, intermediate margin",False
6bba_283bf9f1,6bba,56001670,57001695,55,3.300390601883359,wrong_link_parent,False,True,12.382642551036454,22.75,13006,13268,13202.0,5.873824361494022,2,0.9895842671394348,0.9935827851295471,6,0.9935827851295471,,5.319513501599431,0.3747375663369894,5.380117545597365,2.4909011895259945,,,3.017866611480713,1.9283002614974976,,,,,,12.382642551036454,9.274989128112793,,9.505001068115234,8.886981964111328,9.236075818095202,9.236075818095202,,,1.0,0.003998517990112305,"L1a wrong partner chosen, near-tie (margin < 0.1)",False
6bba_283bf9f1,6bba,96002663,97002680,95,5.296851954227152,wrong_link_parent,False,True,9.91337479472617,66.625,21194,21414,21445.0,7.650473949849399,2,0.9209888577461243,0.9809281229972839,6,0.9809281229972839,,-7.377721281722188,2.3007753044366837,7.981434546793053,2.024593872001932,,,4.466258525848389,4.086111068725586,,,,,,9.91337479472617,9.519159317016602,,8.257726669311523,8.85509204864502,11.966868508386913,11.966868508386913,,,1.0,0.05993926525115967,"L1a wrong partner chosen, near-tie (margin < 0.1)",False
6bba_283bf9f1,6bba,84002379,85002404,83,5.2183757350827085,wrong_link_parent,False,True,8.680424590720435,4.875,18983,19160,19217.0,4.487635581104307,2,0.9837127923965454,0.9890373349189758,6,0.9890373349189758,,-0.10057743452489376,-1.628013964742422,5.267042049639622,4.48650836268671,,,7.787515163421631,5.950270175933838,,,,,,8.680424590720435,8.948820114135742,,8.527153015136719,9.150581359863281,9.222225103313342,8.317044794446693,,,2.0,0.00532454252243042,"L1a wrong partner chosen, near-tie (margin < 0.1)",False
6bba_283bf9f1,6bba,29000963,30001000,28,8.636993472846903,wrong_link_both,False,True,12.125197937791038,58.5,6666,6860,6993.0,9.43203209336682,2,0.22106625139713287,0.7142381072044373,4,0.7142381072044373,,-9.406703749671578,9.835819931002334,3.6475121824188106,0.690763328656296,6714.0,,3.3924288749694824,2.3478941917419434,14.44975609993977,4.013523202575175,0.9911521077156067,13.310446540825069,,12.125197937791038,9.156692504882812,8.7540283203125,8.181899070739746,9.5418701171875,19.724926342516067,10.447716983405565,,,1.0,0.4931718558073044,"L1b wrong partner chosen, intermediate margin",True
6bba_283bf9f1,6bba,57001706,58001726,56,2.4375,wrong_link_parent,False,True,9.54303951577057,69.875,13347,13578,13572.0,2.478124999830841,2,0.917107880115509,0.9826351404190063,5,0.9826351404190063,,-0.052514515817165375,-5.873149428516626,2.6822263528262127,2.4775685137681047,,,5.081766128540039,4.999194622039795,,,,,,9.54303951577057,7.312086582183838,,7.363666534423828,7.012551307678223,5.913395990107448,5.913395990107448,,,1.0,0.06552726030349731,"L1a wrong partner chosen, near-tie (margin < 0.1)",True
6bba_283bf9f1,6bba,76002192,77002217,75,3.0671202393287422,wrong_link_child,False,True,7.552857037122559,14.625,17451,17626,,,3,0.11943512409925461,0.7914948463439941,7,,,,-12.703342692926526,4.679830178726341,,17392.0,,7.107378959655762,6.8532280921936035,10.371233320387963,3.418098528170996,0.9973821043968201,-9.97373328357935,,7.552857037122559,8.277297019958496,8.96676254272461,,8.760103225708008,,9.217491830110301,,,,,L2 true target stolen by an unannotated competitor; cell left unlinked,True
6bba_283bf9f1,6bba,3000070,4000106,2,1.86167137607581,wrong_link_parent,False,True,8.005658670222214,47.125,552,782,767.0,0.7938975911502248,3,0.9817795157432556,0.9871520400047302,6,0.9871520400047302,,-0.5505238454788923,6.00275613553822,1.3002909550248254,0.5720112593238548,,,1.8417778015136719,1.7016581296920776,,,,,,8.005658670222214,8.789597511291504,,8.746809005737305,8.469298362731934,6.620242033720401,6.620242033720401,,,2.0,0.005372524261474609,"L1a wrong partner chosen, near-tie (margin < 0.1)",True
6bba_283bf9f1,6bba,83002355,84002378,82,1.1490485194281397,wrong_link_child,False,True,6.755058840758364,4.875,18705,18899,,,1,0.9983200430870056,0.9983200430870056,2,,,,0.14532438665628433,1.747218586450823,,18708.0,,2.4261863231658936,3.1122424602508545,6.755058840758364,5.153149583613626,0.9984219074249268,-0.28674078918993473,,6.755058840758364,12.457489967346191,10.874836921691895,,12.278936386108398,,7.888639157671632,,,,,L2 true target stolen by an unannotated competitor; cell left unlinked,False
6bba_283bf9f1,6bba,47001452,48001474,46,7.761395352158012,wrong_link_child,False,True,6.928594861680528,82.875,10958,11161,,,1,0.6537805199623108,0.6537805199623108,6,,,,-10.641899168491364,1.2860928837999,,10971.0,,2.834089994430542,1.5197701454162598,6.928594861680528,3.9695485470360747,0.9934025406837463,-6.848380157724023,,6.928594861680528,8.943726539611816,8.819174766540527,,9.286109924316406,,10.422221057855031,,,,,L2 true target stolen by an unannotated competitor; cell left unlinked,True
6bba_283bf9f1,6bba,96002662,97002679,95,2.9575446425202108,wrong_link_parent,False,True,6.237161281047994,66.625,21167,21335,21336.0,3.827542835325307,2,0.9988309741020203,0.9990360736846924,3,0.9990360736846924,,-3.115847480337834,-0.1121169243415352,6.2004183697420485,2.222966179572343,,,2.90516996383667,2.776249885559082,,,,,,6.237161281047994,12.723243713378906,,12.4959716796875,12.602060317993164,6.490745627233113,6.490745627233113,,,2.0,0.00020509958267211914,"L1a wrong partner chosen, near-tie (margin < 0.1)",False
6bba_283bf9f1,6bba,46001427,47001451,45,3.917733121653388,wrong_link_parent,False,True,13.812230356906683,71.5,10753,11042,11050.0,5.775711314482328,2,0.5797430276870728,0.9332790374755859,3,0.9332790374755859,,-0.26969449035823345,-9.34774806164205,2.265280420825546,5.769411241202138,,,3.8593807220458984,3.573117256164551,,,,,,13.812230356906683,8.567070007324219,,7.834561824798584,8.063563346862793,11.438623574894601,8.895858594707828,,,1.0,0.3535360097885132,"L1b wrong partner chosen, intermediate margin",True
6bba_283bf9f1,6bba,79002278,80002301,78,4.958913218891817,wrong_link_parent,False,True,9.092080532624596,48.75,18014,18286,18257.0,5.090912668018865,2,0.9605604410171509,0.9818469882011414,8,0.9818469882011414,,0.6443396061658859,-5.866045048460364,3.9699515904932996,5.049972105400282,,,6.689632415771484,6.212437152862549,,,,,,9.092080532624596,8.713115692138672,,8.273212432861328,7.628396511077881,9.275722751684157,9.123651189505196,,,2.0,0.02128654718399048,"L1a wrong partner chosen, near-tie (margin < 0.1)",True
6bba_283bf9f1,6bba,94002613,95002631,93,6.953879874753374,wrong_link_parent,False,True,9.193777649103795,14.625,20879,21103,21088.0,5.251209382873792,3,0.8913528323173523,0.9901130199432373,6,0.9901130199432373,,4.037499068479519,-5.865404311567545,5.842402654674565,3.357648173172519,,,7.570744514465332,8.086968421936035,,,,,,9.193777649103795,8.966233253479004,,8.55544662475586,8.238395690917969,11.108711865769873,5.908279749143512,,,2.0,0.09876018762588501,"L1a wrong partner chosen, near-tie (margin < 0.1)",True
6bba_283bf9f1,6bba,35001126,36001157,34,6.187815648514426,wrong_link_child,False,True,7.852182317702938,3.25,8200,8336,,,1,0.04562399536371231,0.04562399536371231,2,,,,-0.40500015020370483,10.87020940145025,,8100.0,,1.6735024452209473,1.9145139455795288,7.852182317702937,3.2337828785435616,0.9935356378555298,-0.24011932872235775,,7.852182317702938,8.038676261901855,9.059100151062012,,9.076763153076172,,8.988534826957949,,,,,L2 true target stolen by an unannotated competitor; cell left unlinked,False
6bba_283bf9f1,6bba,76002194,77002218,75,0.40625,wrong_link_parent,False,True,9.030338628890215,30.875,17301,17519,17514.0,4.0518719298983665,2,0.9994325041770935,0.9994369149208069,5,0.9994369149208069,,-0.1970768689061515,-0.4120963510940783,1.4559426595548859,4.04707633286555,,,2.9172518253326416,2.660682439804077,,,,,,9.030338628890215,11.8112154006958,,11.29549503326416,11.007306098937988,5.082223204269362,5.082223204269362,,,2.0,4.410743713378906e-06,"L1a wrong partner chosen, near-tie (margin < 0.1)",False
6bba_283bf9f1,6bba,95002644,96002663,94,3.832554834897995,wrong_link_child,False,True,12.381066586425625,69.875,21052,21194,,,2,0.18177317082881927,0.23464763164520264,2,,,,-11.119828402996063,4.150258240880479,,21098.0,,4.260502815246582,4.466258525848389,13.306612025883787,3.6326834302951627,0.9918500185012817,-12.05869122967124,,12.381066586425625,9.018487930297852,8.368843078613281,,9.519159317016602,,9.91337479472617,,,,,L2 true target stolen by an unannotated competitor; cell left unlinked,True
6bba_283bf9f1,6bba,79002266,80002289,78,4.755034338729848,wrong_link_child,False,True,8.75740300671079,9.75,18012,18213,,,1,0.9878306984901428,0.9878306984901428,8,,,,-3.6238962495699525,3.6352302646480794,,18059.0,,7.601850509643555,8.718207359313965,9.753802884164672,5.840404560785045,0.9885940551757812,-9.381815984845161,,8.75740300671079,8.73980712890625,8.225545883178711,,8.825481414794922,,7.780620868033632,,,,,L2 true target stolen by an unannotated competitor; cell left unlinked,True
6bba_283bf9f1,6bba,85002413,86002434,84,2.7252078475778685,wrong_link_both,False,True,6.534147991324542,21.125,19177,19391,19434.0,7.050915175707743,1,0.9939649701118469,0.9939649701118469,5,0.9501603841781616,,5.287946252617985,-5.358895804733038,1.5542375093484433,4.6640142843315955,19201.0,,6.149188995361328,6.169708251953125,9.82490200696158,4.502319881652156,0.994149923324585,-9.783529613167048,,6.534147991324542,9.03906536102295,8.760749816894531,8.135890007019043,8.750015258789062,12.047117915401437,10.670879873135187,,,2.0,-0.0438045859336853,L1c wrong partner: true partner ranked first but taken (greedy),True
6bba_283bf9f1,6bba,77002217,78002241,76,0.8125,wrong_link_parent,False,True,9.217491830110301,13.0,17626,17823,17860.0,1.622469289431049,2,0.8859251141548157,0.9966787099838257,7,0.9966787099838257,,-0.6382991094142199,9.07675664871931,1.3494728274978638,1.4916369672503786,,,6.8532280921936035,7.049105644226074,,,,,,9.217491830110301,8.760103225708008,,8.282394409179688,8.700364112854004,10.112071804852953,8.377448842503016,,,2.0,0.11075359582901001,"L1b wrong partner chosen, intermediate margin",True
6bba_283bf9f1,6bba,95002631,96002650,94,4.958913218891817,wrong_link_parent,False,True,5.908279749143512,9.75,21103,21288,21287.0,3.841878010325786,2,0.9846609234809875,0.9910579919815063,6,0.9910579919815063,,-2.7008104398846626,-3.156543605029583,4.2338606509561725,2.7323340963423264,,,8.086968421936035,8.861360549926758,,,,,,5.908279749143512,8.238395690917969,,8.103601455688477,8.082676887512207,6.977587989368841,6.977587989368841,,,3.0,0.006397068500518799,"L1a wrong partner chosen, near-tie (margin < 0.1)",True
6bba_283bf9f1,6bba,92002575,93002595,91,6.5253412267099105,wrong_link_parent,False,True,9.628645547641819,24.375,20464,20648,20698.0,4.652293199878926,2,0.9745861291885376,0.9942277669906616,6,0.9942277669906616,,2.604895146563649,-4.3195088393986225,5.23937559115738,3.8546534595276962,,,7.4441022872924805,7.212686061859131,,,,,,9.628645547641819,9.829349517822266,,9.025148391723633,9.778885841369629,9.483800850827496,9.483800850827496,,,2.0,0.019641637802124023,"L1a wrong partner chosen, near-tie (margin < 0.1)",True
6bba_283bf9f1,6bba,88002475,89002497,87,1.284675299443404,wrong_link_child,False,True,6.048206590455307,1.625,19838,19972,,,1,0.8800751566886902,0.8800751566886902,7,,,,1.1589904427528381,6.556869369642408,,19799.0,,5.536419868469238,4.755151271820068,6.048206590455307,1.3343205286570212,0.9943037033081055,2.142949054017663,,6.048206590455307,7.852949142456055,8.590274810791016,,8.749876976013184,,9.939448659091667,,,,,L2 true target stolen by an unannotated competitor; cell left unlinked,False
6bba_283bf9f1,6bba,20000682,21000709,19,4.89189779763437,wrong_link_parent,False,True,12.887560887648798,66.625,4516,4669,4760.0,5.939869756045826,2,0.15210629999637604,0.958470344543457,6,0.958470344543457,,0.0477849617600441,9.351459455210716,5.797302793087971,5.9396775431177655,,,3.225959062576294,3.157703161239624,,,,,,12.887560887648798,8.645212173461914,,8.722890853881836,9.398416519165039,9.388737719864993,9.388737719864993,,,1.0,0.806364044547081,"L1b wrong partner chosen, confident (margin > 0.5)",True
6bba_283bf9f1,6bba,59001744,60001768,58,3.494694639736067,wrong_link_parent,False,True,10.23404569073695,37.375,13652,13937,13969.0,4.490299201413252,2,0.9716185927391052,0.9862436652183533,4,0.9862436652183533,,-0.13961811200715601,3.5267085507512093,5.121965733161523,4.488128084292163,,,6.796059608459473,6.437494277954102,,,,,,10.23404569073695,9.320806503295898,,8.229512214660645,8.627983093261719,7.437417696745992,7.437417696745992,,,1.0,0.014625072479248047,"L1a wrong partner chosen, near-tie (margin < 0.1)",True
6bba_283bf9f1,6bba,75002166,76002192,74,6.345827861674157,wrong_link_both,False,True,7.652714625622373,17.875,17257,17451,17437.0,8.11500498756638,2,0.29961973428726196,0.6890349984169006,7,0.6890349984169006,,-3.656205433420837,-0.05740045849233866,8.532960018570446,7.244685485019426,17236.0,,3.518796920776367,7.107378959655762,7.652714625622373,3.3651009170501256,0.9916889071464539,0.2550285989418626,,7.652714625622373,8.22775936126709,8.478324890136719,8.493143081665039,8.277297019958496,15.633903295874427,7.552857037122559,,,2.0,0.38941526412963867,"L1b wrong partner chosen, intermediate margin",False
6bba_283bf9f1,6bba,77002218,78002245,76,2.1877232028983924,wrong_link_both,False,True,5.082223204269362,30.875,17519,17723,17724.0,0.5096575966718089,3,0.996131420135498,0.9991005659103394,5,0.9991005659103394,,-0.30927060544490814,4.077219054102898,5.020269261565511,0.40509573986037445,17520.0,,2.660682439804077,2.333441734313965,9.197832525613627,2.996583419369593,0.998052716255188,6.824457269627601,,5.082223204269362,11.007306098937988,10.741819381713867,10.688179016113281,11.054701805114746,6.607539385952747,6.607539385952747,,,3.0,0.0029691457748413086,"L1a wrong partner chosen, near-tie (margin < 0.1)",True
6bba_283bf9f1,6bba,93002605,94002623,92,3.8109628048565365,wrong_link_parent,False,True,17.647865489234473,73.125,20624,20809,20810.0,3.2119141968021694,2,0.9997549653053284,0.9997840523719788,3,0.9997840523719788,,-0.5511486493051052,-0.48198521696031094,2.616472836335807,3.1642736882242795,,,3.5303561687469482,2.8752102851867676,,,,,,17.647865489234473,14.549732208251953,,13.543025016784668,13.522599220275879,4.702992107586115,4.702992107586115,,,1.0,2.9087066650390625e-05,"L1a wrong partner chosen, near-tie (margin < 0.1)",False
6bba_283bf9f1,6bba,92002584,93002603,91,7.761395352158012,wrong_link_both,False,True,10.17613246616711,55.25,20546,20682,20780.0,5.50481123385698,2,0.6428530216217041,0.9520353078842163,5,0.9520353078842163,,3.302568937651813,-6.901530519127846,7.072516144107494,4.40408732116603,20519.0,,7.430256366729736,7.064077377319336,14.542965099701828,6.207050611154296,0.976996123790741,-12.442592924460769,,10.17613246616711,8.707403182983398,9.041595458984375,7.614339351654053,9.213944435119629,11.810276868607893,11.4668542369975,,,3.0,0.3091822862625122,"L1b wrong partner chosen, intermediate margin",True
6bba_283bf9f1,6bba,19000633,20000667,18,4.375446405796785,wrong_link_child,False,True,8.024014595504475,26.0,4148,4431,,,2,0.36644890904426575,0.6874635815620422,5,,,,-10.875357216224074,2.264759423894143,,4236.0,,1.5585675239562988,1.5184217691421509,8.024014595504475,3.9494112965293344,0.9901750087738037,-7.969977267086506,,8.024014595504475,9.490110397338867,8.83802318572998,,9.26606559753418,,8.44902215530016,,,,,L2 true target stolen by an unannotated competitor; cell left unlinked,True
6bba_283bf9f1,6bba,22000737,23000770,21,3.65625,wrong_link_child,False,True,6.339949508892365,43.875,5010,5126,,,2,0.27565455436706543,0.3217168152332306,4,,,,-9.543358786497265,3.5019001396576415,,4970.0,,1.6487178802490234,2.396622896194458,6.339949508892365,4.688762405363828,0.9930189251899719,-6.173907000105828,,6.339949508892365,8.665726661682129,9.02514362335205,,10.199264526367188,,10.162012244561275,,,,,L2 true target stolen by an unannotated competitor; cell left unlinked,True
6bba_283bf9f1,6bba,75002185,76002210,74,6.90625,wrong_link_both,False,True,11.842167824000137,63.375,17105,17326,17317.0,7.886336485901309,2,0.9675629138946533,0.9847072958946228,7,0.9847072958946228,,6.991142274811864,-8.199848510324955,4.0239473324534165,3.6494154137610333,17137.0,75002175.0,3.9250125885009766,3.725598096847534,14.287429125465257,6.715883035509792,0.8733372092247009,-9.67444353364408,True,11.842167824000137,10.11138916015625,9.534635543823242,10.154298782348633,9.765836715698242,16.199617268060763,10.82655840434607,,,3.0,0.017144381999969482,"L1a wrong partner chosen, near-tie (margin < 0.1)",True
6bba_283bf9f1,6bba,34001116,35001143,33,1.6750116604071745,wrong_link_parent,False,True,10.454356077606382,63.375,7853,8194,8168.0,1.7505116934778693,2,0.9877145290374756,0.9890031218528748,9,0.9890031218528748,,-0.33976506628096104,4.092510221526027,1.8380287522744025,1.717221851927657,,,2.0054421424865723,1.8396615982055664,,,,,,10.454356077606382,9.0948486328125,,8.40896987915039,8.159916877746582,4.515545488764571,4.515545488764571,,,1.0,0.00128859281539917,"L1a wrong partner chosen, near-tie (margin < 0.1)",True
6bba_283bf9f1,6bba,98002697,99002711,97,4.5420130792964475,wrong_link_child,False,True,13.218679684999685,61.75,21510,21670,,,1,0.9475039839744568,0.9475039839744568,1,,,,-7.010988731402904,11.072250980229777,,21507.0,,2.6224560737609863,3.448171854019165,13.218679684999685,2.065437981637365,0.9998005032539368,-6.375536555889994,,13.218679684999685,11.944036483764648,14.289241790771484,,14.262548446655273,,14.960990530288862,,,,,L2 true target stolen by an unannotated competitor; cell left unlinked,True
6bba_283bf9f1,6bba,78002245,79002273,77,4.487177913232324,wrong_link_both,False,True,6.607539385952747,32.5,17723,17922,17918.0,2.4919044033566657,2,0.9048262238502502,0.9992523789405823,3,0.9992523789405823,,-0.5527202114462852,-3.9916512705385685,10.837671221521337,2.4298329002890533,17721.0,,2.333441734313965,2.680272102355957,9.6842883563526,2.0766335977812944,0.999539852142334,-4.007687635719776,,6.607539385952747,11.054701805114746,11.191576957702637,12.030237197875977,10.76607894897461,9.104626034512217,9.104626034512217,,,3.0,0.09442615509033203,"L1a wrong partner chosen, near-tie (margin < 0.1)",True
6bba_283bf9f1,6bba,42001315,43001339,41,4.772356925566235,wrong_link_both,False,True,6.601336014350312,39.0,9815,10047,10079.0,5.329766513938916,1,0.9867026805877686,0.9867026805877686,6,0.9819003939628601,,2.9312560483813286,-6.392241183668375,2.5111790979281707,4.4513086920514136,9839.0,,5.478158473968506,5.34483528137207,6.601336014350312,3.5794762861489318,0.9927815794944763,-6.090193475596607,,6.601336014350312,8.43472957611084,8.128012657165527,8.007023811340332,8.410043716430664,10.31051955424455,10.31051955424455,,,2.0,-0.004802286624908447,L1c wrong partner: true partner ranked first but taken (greedy),True
6bba_283bf9f1,6bba,38001224,39001250,37,1.8168052317185792,wrong_link_both,False,True,6.436511925385916,87.75,8854,9052,9145.0,7.006100309502569,1,0.9915504455566406,0.9915504455566406,3,0.9481655359268188,,6.552633565850556,-6.81181587651372,0.9525682863550812,2.479603778530075,8852.0,,2.669861078262329,2.49540114402771,6.436511925385916,1.4784996474890726,0.9947458505630493,-6.40591876488179,,6.436511925385916,8.747129440307617,8.769670486450195,7.822356224060059,8.985340118408203,13.70865241256406,13.70865241256406,,,1.0,-0.04338490962982178,L1c wrong partner: true partner ranked first but taken (greedy),True
6bba_3a1849c2,6bba,58000622,59000634,57,0.8125,unlinked,False,True,8.016591612446657,99.125,4642,4731,,,1,0.37970519065856934,0.37970519065856934,6,,,,0.11310341581702232,0.19923889459581878,,,,3.7504477500915527,3.6991043090820312,,,,,,8.016591612446657,5.2691874504089355,,,5.397439002990723,,7.500823985148508,,,,,L3 true pair scored below 0.5; cell left unlinked,False
6bba_3a1849c2,6bba,49000513,50000526,48,1.1490485194281397,wrong_link_both,False,True,12.236601042139187,53.625,3848,3911,3946.0,4.127074772897447,2,0.002423834754154086,0.8487159013748169,2,0.8487159013748169,,-3.2490118108689785,7.28370606712997,7.979383218559423,2.5449299467608903,3836.0,,1.8380099534988403,1.8163185119628906,12.236601042139187,1.4658665538347793,0.973558247089386,8.407600346952677,,12.236601042139187,4.8889055252075195,5.504916191101074,4.557729244232178,6.327043056488037,14.878865329289711,10.842886352706754,,,1.0,0.8462920666206628,"L1b wrong partner chosen, confident (margin > 0.5)",True
6bba_3a1849c2,6bba,82000990,83001005,81,0.9084026158592896,unlinked,False,True,8.233837113826418,89.375,6792,6877,,,1,0.3847865164279938,0.3847865164279938,5,,,,-3.433848180808127,1.2921646320305873,,,,3.0013725757598877,2.933725357055664,,,,,,8.233837113826418,4.875743865966797,,,4.891622543334961,,8.019529637223112,,,,,L3 true pair scored below 0.5; cell left unlinked,True
6bba_3a1849c2,6bba,89001111,90001126,88,2.1877232028983924,wrong_link_child,False,True,9.050550918027456,84.5,7553,7630,,,1,0.0774480402469635,0.0774480402469635,2,,,,-0.21709399530664086,6.708291710619331,,7474.0,,4.161764621734619,5.779411792755127,9.050550918027456,5.119989585233619,0.8892539143562317,-0.3673859271220863,,9.050550918027456,5.662295818328857,8.568625450134277,,6.409514427185059,,11.578753452691213,,,,,L2 true target stolen by an unannotated competitor; cell left unlinked,False
6bba_3a1849c2,6bba,86001063,87001081,85,1.9902104160113323,wrong_link_child,False,True,7.766789021660729,87.75,7155,7261,,,1,0.7098500728607178,0.7098500728607178,6,,,,3.826436632545665,2.0609220493133122,,7147.0,,3.618164300918579,4.20941162109375,7.766789021660729,4.013611563490462,0.9100347757339478,7.605372089892626,,7.766789021660729,6.851321220397949,7.084009647369385,,7.185269355773926,,9.057882790864836,,,,,L2 true target stolen by an unannotated competitor; cell left unlinked,True
6bba_3a1849c2,6bba,70000798,71000817,69,0.8125,unlinked,False,True,5.223117678258455,94.25,5707,5813,,,1,0.4443531930446625,0.4443531930446625,7,,,,0.23775837756693363,0.6147221656431481,,,,3.4421255588531494,3.2774510383605957,,,,,,5.223117678258455,5.784478664398193,,,5.554573059082031,,5.864468366948622,,,,,L3 true pair scored below 0.5; cell left unlinked,False
6bba_3a1849c2,6bba,79000945,80000960,78,2.1877232028983924,unlinked,False,True,7.384573082632957,91.0,6549,6635,,,3,0.021260103210806847,0.0767848938703537,5,,,,1.4668469643220305,8.64141057453982,,,,3.038431167602539,3.1012558937072754,,,,,,7.384573082632957,4.711233139038086,,,4.647351264953613,,8.252174623218574,,,,,L3 true pair scored below 0.5; cell left unlinked,False
6bba_3a1849c2,6bba,12000118,13000128,11,0.8125,wrong_link_child,False,True,7.085457034583126,100.75,843,902,,,1,0.6105484366416931,0.6105484366416931,7,,,,-0.8422367684543133,6.528668823819607,,827.0,,8.841111183166504,8.701075553894043,7.4758288706219025,0.9381134099879455,0.9809213876724243,-1.2455982584506273,,7.085457034583126,5.975079536437988,6.898540496826172,,6.996718406677246,,9.676438587085029,,,,,L2 true target stolen by an unannotated competitor; cell left unlinked,False
6bba_3a1849c2,6bba,46000475,47000489,45,1.6750116604071745,unlinked,False,True,8.470684560254778,94.25,3563,3657,,,1,0.3944288194179535,0.3944288194179535,7,,,,-2.659910960122943,1.8472992833703756,,,,5.485217571258545,6.248358249664307,,,,,,8.470684560254778,5.696335792541504,,,5.836679458618164,,7.09339223480866,,,,,L3 true pair scored below 0.5; cell left unlinked,False
6bba_3a1849c2,6bba,87001082,88001098,86,1.7235727791422095,unlinked,False,True,8.438960488879918,86.125,7331,7445,,,1,0.39975807070732117,0.39975807070732117,6,,,,5.767946598120034,1.6191969748195516,,,,2.991764783859253,2.916862726211548,,,,,,8.438960488879918,4.731173515319824,,,4.722430229187012,,7.527837159684699,,,,,L3 true pair scored below 0.5; cell left unlinked,True
6bba_3a1849c2,6bba,80000960,81000976,79,2.1877232028983924,unlinked,False,True,8.252174623218574,92.625,6635,6711,,,2,0.046169910579919815,0.04632749408483505,4,,,,-1.0948361922055483,5.840095971467237,,,,3.1012558937072754,3.0982351303100586,,,,,,8.252174623218574,4.647351264953613,,,4.918100357055664,,8.85454084410578,,,,,L3 true pair scored below 0.5; cell left unlinked,False
6bba_3a1849c2,6bba,7000062,8000072,6,0.40625,wrong_link_child,False,True,10.872362654018216,45.5,514,530,,,1,0.0004757711139973253,0.0004757711139973253,1,,,,1.1003532949835062,10.900087706619795,,448.0,,2.7762222290039062,2.7695555686950684,10.872362654018216,0.10986576246307275,0.9972193241119385,1.16254211217165,,10.872362654018216,4.3748979568481445,12.368483543395996,,11.253791809082031,,12.924963427278358,,,,,L2 true target stolen by an unannotated competitor; cell left unlinked,False
6bba_3a1849c2,6bba,10000096,11000107,9,0.9084026158592896,unlinked,False,True,9.869440229434964,73.125,723,795,,,1,0.05813280865550041,0.05813280865550041,4,,,,0.4122407725080848,0.29885390830549924,,,,2.4244444370269775,2.3102221488952637,,,,,,9.869440229434964,4.619525909423828,,,4.5885443687438965,,10.169090639717972,,,,,L3 true pair scored below 0.5; cell left unlinked,False
6bba_3a1849c2,6bba,84001018,85001040,83,3.300390601883359,wrong_link_both,False,True,9.472001140414822,91.0,6915,7040,7019.0,3.2365605132040876,3,0.08510710299015045,0.9811986684799194,8,0.9811986684799194,,0.07699010334908962,-6.7366451090201735,9.854201879775554,3.235644677590264,6933.0,,5.518067836761475,4.50801944732666,12.581866905395762,0.9099912571349993,0.9807257056236267,-7.634757689200342,,9.472001140414822,7.3036417961120605,6.607386112213135,7.306497097015381,6.77989387512207,14.39440407465256,11.258022941918103,,,1.0,0.896091565489769,"L1b wrong partner chosen, confident (margin > 0.5)",True
6bba_3a1849c2,6bba,97001241,98001260,96,1.86167137607581,wrong_link_child,False,True,6.1931023558485725,73.125,8223,8269,,,1,0.6380394101142883,0.6380394101142883,5,,,,5.165363818407059,5.172648371510484,,8181.0,,5.1611762046813965,5.127254486083984,8.889344775110267,1.8874799651007956,0.9911009669303894,5.986301079392433,,6.1931023558485725,5.851546287536621,8.3854341506958,,9.053304672241211,,10.397023327902726,,,,,L2 true target stolen by an unannotated competitor; cell left unlinked,True
6bba_3a1849c2,6bba,83001009,84001026,82,3.65625,wrong_link_parent,False,True,10.809642978370556,95.875,6828,6934,6954.0,2.550211831899788,2,0.08814509958028793,0.7422434091567993,11,0.7422434091567993,,1.383150553330779,3.5144717739894986,6.767326054538949,2.1425393658886254,,,7.727451324462891,5.502995014190674,,,,,,10.809642978370556,7.77410364151001,,6.15656852722168,6.597829341888428,9.096129371616428,9.096129371616428,,,1.0,0.6540983095765114,"L1b wrong partner chosen, confident (margin > 0.5)",True
6bba_3a1849c2,6bba,6000052,7000062,5,0.9084026158592896,unlinked,False,True,10.504542460847713,45.5,436,514,,,1,0.0529518648982048,0.0529518648982048,2,,,,0.12214162945747375,0.31733560023983687,,,,2.8624446392059326,2.7762222290039062,,,,,,10.504542460847713,4.384207248687744,,,4.3748979568481445,,10.872362654018216,,,,,L3 true pair scored below 0.5; cell left unlinked,False
6bba_3a1849c2,6bba,76000898,77000913,75,0.40625,unlinked,False,True,8.936335357894647,94.25,6270,6359,,,3,0.006948811002075672,0.02878798544406891,5,,,,-9.1705915145576,10.006863272580592,,,,3.140869617462158,3.1347060203552246,,,,,,8.936335357894647,5.803332328796387,,,5.752285480499268,,5.518528132714966,,,,,L3 true pair scored below 0.5; cell left unlinked,True
6bba_3a1849c2,6bba,5000043,6000052,4,1.284675299443404,unlinked,False,True,11.583270492962432,45.5,363,436,,,1,0.03757942095398903,0.03757942095398903,2,,,,0.09961435571312904,1.0074938428076308,,,,2.794222354888916,2.8624446392059326,,,,,,11.583270492962432,4.4773454666137695,,,4.384207248687744,,10.504542460847713,,,,,L3 true pair scored below 0.5; cell left unlinked,False
6bba_3a1849c2,6bba,15000146,16000157,14,1.4647552056572457,wrong_link_child,False,True,10.170624208481856,42.25,1123,1135,,,1,0.0007981315720826387,0.0007981315720826387,1,,,,0.7164660803973675,10.289619976165827,,1052.0,,2.227957010269165,2.5954837799072266,10.170624208481856,0.19545627933165033,0.9974877834320068,0.8370183017104864,,10.170624208481856,4.368960857391357,12.802460670471191,,12.569682121276855,,14.356664499759166,,,,,L2 true target stolen by an unannotated competitor; cell left unlinked,False
6bba_3a1849c2,6bba,8000078,9000088,7,2.0714766773970688,wrong_link_child,False,True,6.582858334991752,100.75,542,611,,,1,0.9135425090789795,0.9135425090789795,6,,,,0.0,4.581789268376954,,539.0,,7.9871110916137695,8.54800033569336,6.582858334991752,2.0914455440498907,0.9767639636993408,0.0,,6.582858334991752,6.961717128753662,7.177502632141113,,7.431012153625488,,9.78333445737872,,,,,L2 true target stolen by an unannotated competitor; cell left unlinked,False
6bba_3a1849c2,6bba,9000086,10000096,8,2.03125,unlinked,False,True,8.807352917850482,74.75,653,723,,,1,0.06103266030550003,0.06103266030550003,4,,,,-0.5111522329971194,0.23054813042838376,,,,2.3684446811676025,2.4244444370269775,,,,,,8.807352917850482,4.828526973724365,,,4.619525909423828,,9.869440229434964,,,,,L3 true pair scored below 0.5; cell left unlinked,False
6bba_3a1849c2,6bba,99001272,100001291,98,0.9084026158592896,unlinked,False,True,12.353080774535082,22.75,8429,8528,,,1,0.20146659016609192,0.20146659016609192,2,,,,0.8631490878760815,2.159876497615767,,,,2.427246332168579,2.3445098400115967,,,,,,12.353080774535082,5.839326858520508,,,5.735954284667969,,11.935742941163182,,,,,L3 true pair scored below 0.5; cell left unlinked,False
6bba_3a1849c2,6bba,99001279,100001298,98,1.86167137607581,unlinked,False,True,11.925457682329922,73.125,8440,8542,,,1,0.26857006549835205,0.26857006549835205,5,,,,2.176796965301037,3.062409874116815,,,,2.335845470428467,2.3247058391571045,,,,,,11.925457682329922,4.894699573516846,,,5.02528715133667,,8.922755181580758,,,,,L3 true pair scored below 0.5; cell left unlinked,False
6bba_3a1849c2,6bba,81000976,82000990,80,4.1429533547941375,unlinked,False,True,8.85454084410578,92.625,6711,6792,,,1,0.36443445086479187,0.36443445086479187,5,,,,-0.35453849378973246,1.1483277705204686,,,,3.0982351303100586,3.0013725757598877,,,,,,8.85454084410578,4.918100357055664,,,4.875743865966797,,8.233837113826418,,,,,L3 true pair scored below 0.5; cell left unlinked,False
6bba_3a1849c2,6bba,2000012,3000022,1,0.0,unlinked,False,True,13.785106200967592,14.625,143,214,,,1,0.22700607776641846,0.22700607776641846,2,,,,-0.175952123478055,0.11778283270120742,,,,1.6621469259262085,1.6621469259262085,,,,,,13.785106200967592,4.42332649230957,,,4.511260032653809,,13.906363418177529,,,,,L3 true pair scored below 0.5; cell left unlinked,False
6bba_3a1849c2,6bba,89001113,90001123,88,8.826009149100175,unlinked,False,True,7.523764767310094,87.75,7567,7655,,,5,0.007818840444087982,0.021025914698839188,8,,,,-8.890218467451632,5.689585806878668,,,,2.916862726211548,2.5586273670196533,,,,,,7.523764767310094,4.726675987243652,,,5.358852386474609,,8.541832825992666,,,,,L3 true pair scored below 0.5; cell left unlinked,True
6bba_3a1849c2,6bba,67000747,68000765,66,1.7235727791422095,wrong_link_both,False,True,8.400462704439047,95.875,5411,5507,5506.0,0.9634518120893797,2,0.19562946259975433,0.9780310988426208,4,0.9780310988426208,,-0.6757021527737379,3.7498595993965864,6.429200179177846,0.6867794369047792,5423.0,,6.314030170440674,6.279403209686279,8.400462704439049,1.1541363348654639,0.9702255725860596,4.566784488037229,,8.400462704439047,6.513015270233154,6.000152587890625,6.424442768096924,6.382016181945801,7.314582850351137,7.314582850351137,,,1.0,0.7824016362428665,"L1b wrong partner chosen, confident (margin > 0.5)",True
6bba_3a1849c2,6bba,20000212,21000223,19,0.5745242597140698,wrong_link_parent,False,True,6.203811524669116,100.75,1468,1558,1537.0,0.6903230092983652,2,0.2960313558578491,0.769599199295044,7,0.769599199295044,,0.0,0.0,4.998357095753223,0.6903230092983652,,,5.687407493591309,6.036613941192627,,,,,,6.203811524669116,6.077048301696777,,6.238495826721191,5.766153812408447,5.673498400170414,5.673498400170414,,,1.0,0.4735678434371948,"L1b wrong partner chosen, intermediate margin",False
6bba_3a1849c2,6bba,65000714,66000730,64,3.917733121653388,unlinked,False,True,7.323037446705379,95.875,5235,5330,,,2,0.35022208094596863,0.7260886430740356,4,,,,-7.9662165911868215,1.742590867932701,,,,4.0254902839660645,4.946086883544922,,,,,,7.323037446705379,6.13380241394043,,,6.298276901245117,,11.198004807103917,,,,,L3 true pair scored below 0.5; cell left unlinked,True
6bba_3a1849c2,6bba,77000913,78000930,76,0.5745242597140698,unlinked,False,True,5.518528132714966,94.25,6359,6437,,,3,0.10378323495388031,0.1992851346731186,6,,,,5.7825786378234625,2.708659997057888,,,,3.1347060203552246,3.3797101974487305,,,,,,5.518528132714966,5.752285480499268,,,6.049953937530518,,6.446792102244422,,,,,L3 true pair scored below 0.5; cell left unlinked,True
6bba_3a1849c2,6bba,48000500,49000513,47,1.6750116604071745,wrong_link_parent,False,True,12.520845389971122,55.25,3752,3848,3836.0,2.777953625712369,2,0.01602744124829769,0.9239454865455627,3,0.9239454865455627,,-2.590905211865902,-10.998505558818579,7.984501546689565,1.0021160260841069,,,1.8303030729293823,1.8380099534988403,,,,,,12.520845389971122,5.49045991897583,,5.504916191101074,4.8889055252075195,12.236601042139187,12.236601042139187,,,1.0,0.907918045297265,"L1b wrong partner chosen, confident (margin > 0.5)",True
6bba_3a1849c2,6bba,3000024,4000035,2,3.832554834897995,wrong_link_parent,False,True,14.078114191900882,48.75,156,293,231.0,4.125640861091791,3,0.006015410181134939,0.9979791045188904,4,0.9979791045188904,,-3.833164233714342,-5.054014977067709,10.244269713385258,1.5257013050015242,,,3.7986440658569336,3.6033332347869873,,,,,,14.078114191900882,13.49807071685791,,11.874939918518066,4.312183380126953,11.776962624435795,11.776962624435795,,,1.0,0.9919636943377554,"L1b wrong partner chosen, confident (margin > 0.5)",True
6bba_3a1849c2,6bba,96001222,97001241,95,0.0,wrong_link_parent,False,True,11.901975948328928,73.125,8089,8223,8181.0,0.03880219211955116,2,0.0847078338265419,0.9906250238418579,4,0.9906250238418579,,0.035462478175759315,-5.950838601216674,6.556049392027606,0.015748738200768733,,,5.1611762046813965,5.1611762046813965,,,,,,11.901975948328928,8.406570434570312,,8.3854341506958,5.851546287536621,8.889344775110267,6.1931023558485725,,,1.0,0.905917190015316,"L1b wrong partner chosen, confident (margin > 0.5)",True
6bba_3a1849c2,6bba,66000730,67000747,65,3.471001521535247,unlinked,False,True,11.198004807103917,92.625,5330,5411,,,1,0.42661693692207336,0.42661693692207336,3,,,,8.189764089882374,1.206901592610544,,,,4.946086883544922,6.314030170440674,,,,,,11.198004807103917,6.298276901245117,,,6.513015270233154,,8.400462704439047,,,,,L3 true pair scored below 0.5; cell left unlinked,True
6bba_3a1849c2,6bba,86001062,87001082,85,1.4647552056572457,unlinked,False,True,7.858716741184384,86.125,7214,7331,,,1,0.27566322684288025,0.27566322684288025,8,,,,-6.270959588699043,1.7273901059556507,,,,2.6875362396240234,2.991764783859253,,,,,,7.858716741184384,4.962578773498535,,,4.731173515319824,,8.438960488879918,,,,,L3 true pair scored below 0.5; cell left unlinked,True
6bba_3a1849c2,6bba,76000895,77000911,75,0.8125,unlinked,False,True,7.192516837763699,92.625,6282,6370,,,1,0.4269793927669525,0.4269793927669525,6,,,,0.0035335086286067963,1.0985939434593026,,,,3.2763285636901855,3.2188236713409424,,,,,,7.192516837763699,5.015177249908447,,,5.150031566619873,,8.166296665210785,,,,,L3 true pair scored below 0.5; cell left unlinked,False
6bba_3a1849c2,6bba,90001123,91001138,89,4.5420130792964475,unlinked,False,True,8.541832825992666,79.625,7655,7740,,,1,0.0061507448554039,0.0061507448554039,4,,,,-10.109291196800768,6.20649175399548,,,,2.5586273670196533,2.5094118118286133,,,,,,8.541832825992666,5.358852386474609,,,4.609794616699219,,14.261256242656058,,,,,L3 true pair scored below 0.5; cell left unlinked,True
6bba_3a1849c2,6bba,91001146,92001162,90,1.284675299443404,unlinked,False,True,9.63104794878373,97.5,7694,7777,,,1,0.37403449416160583,0.37403449416160583,6,,,,2.6005051266402006,4.358984279969644,,,,4.148431301116943,3.968627452850342,,,,,,9.63104794878373,7.5206146240234375,,,7.460342884063721,,8.7520350713092,,,,,L3 true pair scored below 0.5; cell left unlinked,False
6bba_3a1849c2,6bba,4000035,5000043,3,1.6750116604071745,unlinked,False,True,11.776962624435795,45.5,293,363,,,1,0.05230708047747612,0.05230708047747612,2,,,,-2.3467802181839943,1.6004425392457933,,,,3.6033332347869873,2.794222354888916,,,,,,11.776962624435795,4.312183380126953,,,4.4773454666137695,,11.583270492962432,,,,,L3 true pair scored below 0.5; cell left unlinked,False
6bba_3a1849c2,6bba,83001006,84001023,82,1.284675299443404,wrong_link_parent,False,True,9.697024370178744,89.375,6853,6951,6937.0,4.029293124631039,2,0.28624793887138367,0.9157763123512268,8,0.9157763123512268,,-3.6036737374961376,3.8025775887072086,4.779241765069855,1.8024257759695883,,,4.319607734680176,4.490241527557373,,,,,,9.697024370178744,6.4936089515686035,,6.565011501312256,6.168085098266602,9.196721541811877,9.196721541811877,,,1.0,0.6295283734798431,"L1b wrong partner chosen, confident (margin > 0.5)",True
6bba_3a1849c2,6bba,73000850,74000865,72,1.625,unlinked,False,True,5.629273970241961,94.25,6001,6102,,,4,0.0033910463098436594,0.37615686655044556,7,,,,0.21157623268663883,8.62686889700024,,,,3.125490188598633,3.2435293197631836,,,,,,5.629273970241961,5.462944030761719,,,4.817991256713867,,8.424861288922193,,,,,L3 true pair scored below 0.5; cell left unlinked,False
6bba_3a1849c2,6bba,93001179,94001196,92,0.8125,unlinked,False,True,9.941962740078269,95.875,7849,7931,,,1,0.49442312121391296,0.49442312121391296,6,,,,0.06992270471528172,0.7030206261243692,,,,4.085097789764404,4.139803886413574,,,,,,9.941962740078269,8.068599700927734,,,7.751306533813477,,9.818732653429844,,,,,L3 true pair scored below 0.5; cell left unlinked,False
6bba_3a1849c2,6bba,94001191,95001206,93,1.6750116604071745,unlinked,False,True,9.479223342904106,79.625,7948,8019,,,1,0.401373028755188,0.401373028755188,4,,,,0.37994287407491356,0.5805857799997527,,,,2.4282352924346924,2.393137216567993,,,,,,9.479223342904106,6.615149974822998,,,7.007763862609863,,10.363883761739185,,,,,L3 true pair scored below 0.5; cell left unlinked,False
6bba_3a1849c2,6bba,10000092,11000102,9,1.284675299443404,unlinked,False,True,10.33874185627231,43.875,728,796,,,1,0.05537630245089531,0.05537630245089531,2,,,,-0.19239156739786267,0.4304664906718896,,,,2.466888904571533,2.259777784347534,,,,,,10.33874185627231,4.213108539581299,,,4.562030792236328,,11.497902859108603,,,,,L3 true pair scored below 0.5; cell left unlinked,False
6bba_3a1849c2,6bba,90001126,91001143,89,1.284675299443404,unlinked,False,True,11.578753452691213,84.5,7630,7702,,,1,0.15768904983997345,0.15768904983997345,3,,,,6.2377039128914475,4.958241738169362,,,,5.779411792755127,6.340000152587891,,,,,,11.578753452691213,6.409514427185059,,,7.056682586669922,,11.909790342924843,,,,,L3 true pair scored below 0.5; cell left unlinked,True
6bba_3a1849c2,6bba,85001045,86001063,84,2.0714766773970688,wrong_link_parent,False,True,11.691163022446858,89.375,7059,7155,7147.0,1.971023947770064,3,0.18810640275478363,0.9688448905944824,12,0.9688448905944824,,0.27183157950639725,-7.333540510386229,2.7381590815285497,1.9521892825917637,,,3.9739131927490234,3.618164300918579,,,,,,11.691163022446858,6.383265495300293,,7.084009647369385,6.851321220397949,7.766789021660729,7.766789021660729,,,1.0,0.7807384878396988,"L1b wrong partner chosen, confident (margin > 0.5)",True
6bba_3a1849c2,6bba,11000107,12000117,10,0.9084026158592896,unlinked,False,True,10.169090639717972,73.125,795,874,,,1,0.10710394382476807,0.10710394382476807,3,,,,2.4470191597938538,1.537855135499449,,,,2.3102221488952637,2.2455556392669678,,,,,,10.169090639717972,4.5885443687438965,,,4.240395545959473,,9.85206483734374,,,,,L3 true pair scored below 0.5; cell left unlinked,False
6bba_3a1849c2,6bba,45000461,46000473,44,3.471001521535247,unlinked,False,True,10.586399522245813,52.0,3496,3591,,,2,0.002864381531253457,0.009774650447070599,4,,,,-4.363031887449324,12.074431410701722,,,,2.270707130432129,1.9810627698898315,,,,,,10.586399522245813,4.431363105773926,,,4.453771114349365,,16.325827601191794,,,,,L3 true pair scored below 0.5; cell left unlinked,True
6bba_3a1849c2,6bba,57000611,58000622,56,0.9084026158592896,unlinked,False,True,8.436766435442904,99.125,4557,4642,,,1,0.4812580645084381,0.4812580645084381,6,,,,-0.1707952581346035,0.6737374741588348,,,,3.616666793823242,3.7504477500915527,,,,,,8.436766435442904,5.0962910652160645,,,5.2691874504089355,,8.016591612446657,,,,,L3 true pair scored below 0.5; cell left unlinked,False
6bba_3a1849c2,6bba,11000108,12000118,10,0.0,wrong_link_parent,False,True,9.603698389516769,100.75,752,843,827.0,1.4837647415521855,2,0.25420671701431274,0.971704363822937,8,0.971704363822937,,-1.2455982584506273,0.0,6.607211217196746,0.8062523096513821,,,9.084444046020508,8.841111183166504,,,,,,9.603698389516769,6.796988487243652,,6.898540496826172,5.975079536437988,7.4758288706219025,7.085457034583126,,,1.0,0.7174976468086243,"L1b wrong partner chosen, confident (margin > 0.5)",False
6bba_3a1849c2,6bba,67000752,68000767,66,1.4647552056572457,unlinked,False,True,9.312488791338279,97.5,5414,5508,,,1,0.42619088292121887,0.42619088292121887,5,,,,-2.7466181153431535,1.0581994715733418,,,,5.32537317276001,5.412735939025879,,,,,,9.312488791338279,6.402004241943359,,,6.243375301361084,,11.3640439177074,,,,,L3 true pair scored below 0.5; cell left unlinked,False
6bba_3a1849c2,6bba,63000687,64000704,62,3.350023320814349,wrong_link_both,False,True,8.381502833956635,99.125,5064,5121,5127.0,1.2467720151793473,5,0.0008216128335334361,0.8382415175437927,5,0.8382415175437927,,-0.3300249623134732,-0.46007421147078276,13.2775899003159,1.2022994560775453,5041.0,,4.433631896972656,3.742156744003296,12.023130937004364,1.666551195626064,0.7358839511871338,-0.547153408639133,,8.381502833956635,5.818866729736328,6.573159217834473,6.660187244415283,6.813704013824463,12.400054872323919,8.681232323970345,,,1.0,0.8374199047102593,"L1b wrong partner chosen, confident (margin > 0.5)",False
6bba_3a1849c2,6bba,98001263,99001279,97,2.6012692214570947,unlinked,False,True,9.837712494753179,74.75,8345,8440,,,1,0.15137916803359985,0.15137916803359985,4,,,,-2.028767444193363,3.8359914949587344,,,,2.2817647457122803,2.335845470428467,,,,,,9.837712494753179,4.641384601593018,,,4.894699573516846,,11.925457682329922,,,,,L3 true pair scored below 0.5; cell left unlinked,False
6bba_3a1849c2,6bba,70000796,71000815,69,0.9084026158592896,wrong_link_parent,False,True,12.63377688436458,94.25,5670,5790,5765.0,0.7407187455561416,2,0.36302420496940613,0.9860774278640747,6,0.9860774278640747,,0.09789111465215683,-8.52458305284381,3.387625035088594,0.7342217578432434,,,6.135845184326172,4.959019660949707,,,,,,12.63377688436458,7.508313179016113,,7.673405170440674,6.163143157958984,9.55410095814328,7.53350791773192,,,1.0,0.6230532228946686,"L1b wrong partner chosen, confident (margin > 0.5)",True
6bba_3a1849c2,6bba,15000153,16000165,14,0.0,wrong_link_parent,False,True,10.062995745048037,100.75,1064,1165,1154.0,1.649298198437899,2,0.36346954107284546,0.976173996925354,6,0.976173996925354,,0.0,0.0,6.1071450157616525,1.649298198437899,,,8.17182731628418,7.234623432159424,,,,,,10.062995745048037,7.532761573791504,,6.874134063720703,6.4997100830078125,7.732483863626335,7.682741030378121,,,1.0,0.6127044558525085,"L1b wrong partner chosen, confident (margin > 0.5)",False
6bba_3a1849c2,6bba,94001193,95001208,93,1.86167137607581,wrong_link_child,False,True,8.741037734811334,82.875,7966,8025,,,1,0.8245846629142761,0.8245846629142761,3,,,,5.348573514260352,1.2512374989577093,,7930.0,,6.120784759521484,7.493921756744385,8.741037734811334,5.096796409950271,0.9462974667549133,6.0628564497455955,,8.741037734811334,5.762907028198242,7.906037330627441,,6.826902866363525,,10.644323204113201,,,,,L2 true target stolen by an unannotated competitor; cell left unlinked,True
6bba_3a1849c2,6bba,11000102,12000113,10,0.40625,unlinked,False,True,11.497902859108603,43.875,796,873,,,1,0.0483870804309845,0.0483870804309845,2,,,,-0.3992648939602077,0.7530960752665201,,,,2.259777784347534,2.2931110858917236,,,,,,11.497902859108603,4.562030792236328,,,4.276941299438477,,11.802436786215225,,,,,L3 true pair scored below 0.5; cell left unlinked,False
6bba_3a1849c2,6bba,75000881,76000895,74,0.5745242597140698,unlinked,False,True,7.223902657542187,92.625,6193,6282,,,1,0.4736841022968292,0.4736841022968292,6,,,,-0.08596746623516083,1.825622921576619,,,,3.1176810264587402,3.2763285636901855,,,,,,7.223902657542187,5.036152362823486,,,5.015177249908447,,7.192516837763699,,,,,L3 true pair scored below 0.5; cell left unlinked,False
6bba_3abfe10a,6bba,84001380,85001421,83,1.7235727791422095,wrong_link_parent,False,True,8.454823239156577,92.625,43812,44578,44525.0,1.4873819836437627,4,0.041649628430604935,0.9553810954093933,6,0.9553810954093933,,-0.0959509126842022,9.015904320403934,3.978223474281866,1.4842838635595024,,,1.9745512008666992,1.6075564622879028,,,,,,8.454823239156577,6.692563056945801,,6.139585018157959,5.259530067443848,10.393917660545288,10.393917660545288,,,1.0,0.9137314669787884,"L1b wrong partner chosen, confident (margin > 0.5)",True
6bba_3abfe10a,6bba,25000009,26000010,24,8.540917141911635,wrong_link_parent,False,True,8.507887167863952,6.5,8212,8693,8525.0,2.554168432350117,3,0.45164424180984497,0.9963862895965576,9,0.9963862895965576,,0.15413939207792282,-0.996368920430541,8.050682017240364,2.549513174828422,,,3.816213369369507,3.1968042850494385,,,,,,8.507887167863952,8.189510345458984,,8.929938316345215,7.906174659729004,10.649165634167735,6.407703662248996,,,4.0,0.5447420477867126,"L1b wrong partner chosen, confident (margin > 0.5)",False
6bba_3abfe10a,6bba,41000096,42000106,40,4.394265616971737,wrong_link_parent,False,True,9.111230711070302,22.75,16649,17227,17435.0,4.311545001472191,3,0.7756487131118774,0.9717611074447632,11,0.9717611074447632,,-3.0892350734211504,6.470740606077015,5.111366123599016,3.007664702200772,,,1.2846753597259521,1.285345196723938,,,,,,9.111230711070302,7.9236297607421875,,7.272657871246338,8.112922668457031,9.852005791042009,8.739185040399686,,,1.0,0.19611239433288574,"L1b wrong partner chosen, intermediate margin",True
6bba_3abfe10a,6bba,67000786,68000825,66,2.0714766773970688,wrong_link_parent,False,True,7.8336225184316834,65.0,32936,33669,33519.0,6.583620755800636,2,0.9869527816772461,0.989081859588623,11,0.989081859588623,,-6.346544873958919,0.5030599785968661,4.619950895532275,1.7508370623889333,,,1.3057180643081665,1.3218770027160645,,,,,,7.8336225184316834,8.29742431640625,,8.586437225341797,7.819100379943848,8.716107111252366,4.775914944625554,,,3.0,0.002129077911376953,"L1a wrong partner chosen, near-tie (margin < 0.1)",False
6bba_3abfe10a,6bba,67000776,68000811,66,3.72334275215162,unlinked,False,True,9.735959151628192,32.5,33433,34085,,,1,0.01833728887140751,0.01833728887140751,5,,,,-3.9747441075742245,7.800057067709675,,,,0.7657623887062073,0.7996990084648132,,,,,,9.735959151628192,5.6365509033203125,,,4.525291919708252,,3.8493818384763085,,,,,L3 true pair scored below 0.5; cell left unlinked,True
6bba_3abfe10a,6bba,37000063,38000070,36,5.041429918683786,wrong_link_both,False,True,8.053502384839842,24.375,14285,14938,14855.0,2.880065597550787,2,0.7695165872573853,0.9922731518745422,13,0.9922731518745422,,2.628351079125423,-6.464998868701514,4.2946945281115685,1.1775179196325616,14338.0,,1.8497251272201538,1.6539229154586792,14.36570537033185,7.03516831071467,0.6019259691238403,-9.883161693054717,,8.053502384839842,7.733245849609375,7.49493932723999,7.755979537963867,7.417158603668213,9.684441882759899,9.684441882759899,,,2.0,0.22275656461715698,"L1b wrong partner chosen, intermediate margin",True
6bba_3abfe10a,6bba,95001773,96001804,94,0.8125,wrong_link_child,False,True,6.567927559024511,71.5,50502,51102,,,1,0.8919749855995178,0.8919749855995178,8,,,,-2.441303111612797,5.432944582381029,,50385.0,,1.995947241783142,1.8715472221374512,6.567927559024512,0.7555241661611594,0.9940850734710693,-3.080056458711624,,6.567927559024511,6.992086410522461,7.4361042976379395,,7.102373123168945,,8.915310284741992,,,,,L2 true target stolen by an unannotated competitor; cell left unlinked,False
6bba_3abfe10a,6bba,40000085,41000094,39,2.1877232028983924,wrong_link_child,False,True,6.71305528633521,37.375,16102,16574,,,1,0.9854694604873657,0.9854694604873657,8,,,,-3.376532660331577,1.8585087847477537,,16091.0,,1.3914201259613037,1.4159715175628662,6.71305528633521,4.083041407745867,0.986343264579773,-6.544515753164887,,6.71305528633521,7.7455949783325195,7.792491912841797,,8.159626007080078,,7.9033180405801735,,,,,L2 true target stolen by an unannotated competitor; cell left unlinked,True
6bba_3abfe10a,6bba,72000963,73000997,71,2.4375,wrong_link_both,False,True,10.21459670388252,45.5,36548,37201,37195.0,2.1895878764657164,2,0.0270337276160717,0.94310462474823,8,0.94310462474823,,-1.91578384116292,-6.83211474865675,8.122418959102038,1.0602204217542184,36546.0,,0.7475332021713257,0.7081167101860046,12.580776224946963,3.6649729976641545,0.9532576203346252,-10.318864282220602,,10.21459670388252,5.697330474853516,5.717866897583008,5.262789249420166,5.081638336181641,9.311668401401144,9.311668401401144,,,1.0,0.9160708971321583,"L1b wrong partner chosen, confident (margin > 0.5)",True
6bba_3abfe10a,6bba,57000454,58000487,56,2.0714766773970688,wrong_link_parent,False,True,9.757948759286217,63.375,26637,27289,27256.0,3.4631333253705887,2,0.9944416880607605,0.9950542449951172,13,0.9950542449951172,,-2.8437789725139737,3.6087143374606967,1.1407003259040633,1.9764143251807604,,,1.48399019241333,1.3527898788452148,,,,,,9.757948759286217,8.293817520141602,,8.38973617553711,8.242949485778809,6.545315210872957,6.545315210872957,,,1.0,0.0006125569343566895,"L1a wrong partner chosen, near-tie (margin < 0.1)",True
6bba_3abfe10a,6bba,72000985,73001021,71,3.8540258983302125,wrong_link_both,False,True,6.094418248055381,94.25,36417,36886,36933.0,4.674845457618932,1,0.9920166730880737,0.9920166730880737,8,0.9821480512619019,,3.562388746533543,-3.296725418884307,1.926671744090504,3.0271383303693837,36416.0,,2.519036293029785,2.8867814540863037,6.094418248055381,2.5264919071665584,0.9938406944274902,-5.782109114807099,,6.094418248055381,6.800829887390137,6.802160263061523,7.280004978179932,7.458054542541504,6.997465457177183,6.997465457177183,,,1.0,-0.009868621826171875,L1c wrong partner: true partner ranked first but taken (greedy),True
6bba_3abfe10a,6bba,71000928,72000963,70,0.0,wrong_link_child,False,True,4.141872401800129,45.5,35940,36548,,,2,0.059454988688230515,0.9457391500473022,4,,,,6.494060695171356,5.597745301387161,,35920.0,,0.7475332021713257,0.7475332021713257,8.42955907398891,0.1695439653136196,0.9407966732978821,6.430872671306133,,4.141872401800129,5.482279300689697,5.752410411834717,,5.697330474853516,,10.21459670388252,,,,,L2 true target stolen by an unannotated competitor; cell left unlinked,True
6bba_3abfe10a,6bba,69000856,70000893,68,1.8168052317185792,wrong_link_both,False,True,6.910328826786021,47.125,34635,35288,35218.0,0.5055210979349088,2,0.4551156461238861,0.9594307541847229,8,0.9594307541847229,,0.18207485228776932,-5.04896729439497,4.515220099664162,0.471593393318548,34613.0,,0.810606837272644,0.7784426808357239,6.910328826786021,0.6718952200888669,0.9364393949508667,-5.564386066049337,,6.910328826786021,6.125909805297852,6.371514797210693,6.451761722564697,5.779104709625244,6.638466557550151,5.468740549143804,,,2.0,0.5043151080608368,"L1b wrong partner chosen, confident (margin > 0.5)",True
6bba_3abfe10a,6bba,94001727,95001759,93,0.5745242597140698,wrong_link_child,False,True,7.095437822143197,29.25,49870,50299,,,1,0.9957742094993591,0.9957742094993591,7,,,,2.4478518925607204,1.1105938164700284,,49695.0,,1.2252442836761475,1.2085589170455933,7.095437822143197,4.470713471146473,0.9960611462593079,6.507128037512302,,7.095437822143197,7.025382995605469,7.647854804992676,,7.703902244567871,,9.084961797738181,,,,,L2 true target stolen by an unannotated competitor; cell left unlinked,False
6bba_3abfe10a,6bba,67000804,68000841,66,2.9575446425202108,wrong_link_parent,False,True,6.10640589424785,94.25,33078,33908,33703.0,4.546251940200422,2,0.983782947063446,0.9874143004417419,9,0.9874143004417419,,-2.628767166286707,0.1172579750418663,3.0636306995537104,3.709176443528815,,,1.4432624578475952,1.651305913925171,,,,,,6.10640589424785,7.746078968048096,,7.714454650878906,6.941133499145508,6.7943715381629195,6.7943715381629195,,,4.0,0.0036313533782958984,"L1a wrong partner chosen, near-tie (margin < 0.1)",False
6bba_3abfe10a,6bba,60000568,61000603,59,0.8125,wrong_link_both,False,True,7.37167936620287,95.875,29027,29545,29473.0,7.139286617961889,1,0.9008514285087585,0.9008514285087585,5,0.83693528175354,,-6.1630293829366565,0.30465814005583525,4.9800064469330785,3.603676211657914,28797.0,,1.8936680555343628,1.9761980772018433,7.37167936620287,2.388612207353551,0.9890114068984985,0.6593026807531714,,7.37167936620287,6.05279541015625,7.422098159790039,7.195476531982422,6.848593235015869,6.664078884898527,6.664078884898527,,,2.0,-0.0639161467552185,L1c wrong partner: true partner ranked first but taken (greedy),False
6bba_3abfe10a,6bba,80001215,81001252,79,0.40625,wrong_link_child,False,True,5.333263336331077,35.75,41492,41687,,,2,0.04400770366191864,0.05048598721623421,7,,,,-4.026774384081364,10.0315090993787,,41111.0,,1.6154301166534424,1.4869394302368164,8.083675870451716,4.840864078807544,0.9896367192268372,0.3144747130572796,,5.333263336331077,4.453754901885986,7.5496954917907715,,7.662290573120117,,8.00236293450487,,,,,L2 true target stolen by an unannotated competitor; cell left unlinked,True
6bba_3abfe10a,6bba,70000897,71000934,69,3.300390601883359,unlinked,False,True,8.146500148324455,61.75,34766,35482,,,2,0.4952123463153839,0.9847539663314819,8,,,,0.12403506663395092,8.65621538386735,,,,1.4375327825546265,1.4591511487960815,,,,,,8.146500148324455,8.400411605834961,,,8.049839973449707,,6.893938677639391,,,,,L3 true pair scored below 0.5; cell left unlinked,False
6bba_3abfe10a,6bba,64000693,65000730,63,1.86167137607581,wrong_link_both,False,True,7.017067011194507,89.375,31149,31834,31870.0,0.6945240871600981,3,0.6736183166503906,0.9960225820541382,11,0.9960225820541382,,-0.6718346793204546,4.243658700957894,6.6838450684682424,0.17607348269387257,31313.0,,3.1007633209228516,3.1018197536468506,11.799665180073873,5.502158822783993,0.9821158647537231,9.718461075797677,,7.017067011194507,7.869421005249023,7.315301895141602,7.559811592102051,7.698705196380615,8.375350608781638,8.369311664617854,,,3.0,0.32240426540374756,"L1b wrong partner chosen, intermediate margin",True
6bba_3abfe10a,6bba,61000603,62000637,60,1.6750116604071745,wrong_link_child,False,True,6.664078884898527,95.875,29545,30094,,,1,0.9901914596557617,0.9901914596557617,6,,,,-3.340273498557508,1.025500868581046,,29473.0,,1.9761980772018433,1.9859875440597534,6.664078884898527,3.3871167459714977,0.9911485910415649,-6.467687522992492,,6.664078884898527,6.848593235015869,7.195476531982422,,7.218769073486328,,9.995983163418538,,,,,L2 true target stolen by an unannotated competitor; cell left unlinked,True
6bba_3abfe10a,6bba,35000048,36000056,34,12.160386507015309,wrong_link_both,False,True,9.076565767828319,16.25,13092,13609,13496.0,6.798117010023463,6,0.008525035344064236,0.9201489686965942,10,0.9201489686965942,,5.583288591355085,12.307475882582366,7.260469101286292,3.8783093465599805,13151.0,,2.0179903507232666,1.871921420097351,13.231443572123576,5.367757713899035,0.9317138195037842,9.371820600703359,,9.076565767828319,8.041714668273926,7.781296730041504,8.600824356079102,8.066049575805664,12.057119321189667,9.130064516180894,,,1.0,0.91162393335253,"L1b wrong partner chosen, confident (margin > 0.5)",True
6bba_3abfe10a,6bba,94001726,95001758,93,0.9084026158592896,wrong_link_parent,False,True,10.39742706872175,24.375,49862,50715,50421.0,0.570687270684419,2,0.7478500604629517,0.998333752155304,4,0.998333752155304,,-0.12977911345660686,5.524979814887047,6.442234389497308,0.5557349571798129,,,1.0944528579711914,1.0085866451263428,,,,,,10.39742706872175,7.063431739807129,,7.297896385192871,5.9077606201171875,8.842809800390958,8.842809800390958,,,1.0,0.2504836916923523,"L1b wrong partner chosen, intermediate margin",True
6bba_3abfe10a,6bba,90001595,91001637,89,1.6750116604071745,wrong_link_child,False,True,8.512223948850076,35.75,47519,47887,,,1,0.9849985241889954,0.9849985241889954,8,,,,-5.2675043642520905,1.6501709301950265,,47166.0,,1.419477939605713,1.574114441871643,8.512223948850076,3.4145848491665585,0.9955416321754456,-8.024691793136299,,8.512223948850076,6.594962120056152,7.987349510192871,,7.5784807205200195,,10.485087821959963,,,,,L2 true target stolen by an unannotated competitor; cell left unlinked,True
6bba_3abfe10a,6bba,89001553,90001595,88,1.6750116604071745,wrong_link_both,False,True,8.707909826735717,37.375,46541,47519,47166.0,0.9088450296815423,2,0.7749660611152649,0.9952183365821838,9,0.9952183365821838,,-0.6582575878128409,7.366434205323458,3.173582401989265,0.6266547981653563,46777.0,,1.4355555772781372,1.419477939605713,8.707909826735717,2.49996044319566,0.9913145899772644,7.414912521839142,,8.707909826735717,7.9719319343566895,7.120678901672363,7.987349510192871,6.594962120056152,8.512223948850076,8.512223948850076,,,3.0,0.22025227546691895,"L1b wrong partner chosen, intermediate margin",True
6bba_3abfe10a,6bba,64000700,65000737,63,2.0714766773970688,wrong_link_child,False,True,8.277797485231604,92.625,31348,31624,,,1,0.987324595451355,0.987324595451355,7,,,,-5.137278695125133,1.947796514438178,,31013.0,,1.4702316522598267,1.4961621761322021,8.277797485231604,3.2461994068543847,0.997580885887146,-7.870579394046217,,8.277797485231604,7.198950290679932,8.502947807312012,,8.681364059448242,,7.0624188283701965,,,,,L2 true target stolen by an unannotated competitor; cell left unlinked,True
6bba_3abfe10a,6bba,84001382,85001424,83,1.9902104160113323,wrong_link_child,False,True,9.165218479875863,95.875,43992,44091,,,3,0.020748954266309738,0.15722639858722687,8,,,,-6.82375080883503,8.596274383345618,,43479.0,,1.4050414562225342,1.459673523902893,17.999358239571315,9.165701451923624,0.6588201522827148,-15.66940762475133,,9.165218479875863,4.543499946594238,7.970091819763184,,7.993631362915039,,8.591334212383892,,,,,L2 true target stolen by an unannotated competitor; cell left unlinked,True
6bba_3abfe10a,6bba,73001001,74001032,72,1.21875,wrong_link_both,False,True,8.848712679147296,63.375,36642,37457,37408.0,1.3072594527108534,2,0.8608567118644714,0.9941107630729675,11,0.9941107630729675,,-0.05537370219826698,0.2118617808446288,6.415431350084133,1.306086149458273,36636.0,,1.3527939319610596,1.4069782495498657,12.51249796397165,10.216838598287014,0.5212346315383911,-9.563591462559998,,8.848712679147296,8.444377899169922,8.50975227355957,7.752708435058594,7.599264144897461,5.717456097574802,5.717456097574802,,,1.0,0.1332540512084961,"L1b wrong partner chosen, intermediate margin",False
6bba_3abfe10a,6bba,55000402,56000429,54,7.468815376282908,wrong_link_parent,False,True,6.989747586951731,92.625,25694,26312,26414.0,7.106911332196598,5,0.07102120667695999,0.8453579545021057,11,0.7391249537467957,,6.073430957272649,-10.004219075664878,4.909745810052198,3.6907485813784,,,1.603255271911621,1.689975619316101,,,,,,6.989747586951731,7.181842803955078,,6.557263374328613,7.0867109298706055,17.62858142103433,8.405102793937335,,,1.0,0.6681037470698357,"L1b wrong partner chosen, confident (margin > 0.5)",True
6bba_3abfe10a,6bba,55000405,56000439,54,4.4502457797294745,wrong_link_child,False,True,6.209894410058905,99.125,25756,26396,,,1,0.924930989742279,0.924930989742279,8,,,,-3.6144260512664914,4.02423040742939,,25859.0,,1.8223768472671509,1.9873931407928467,8.93225014267424,3.950501433059707,0.9790666699409485,-7.4124693386256695,,6.209894410058905,6.856964588165283,5.712851524353027,,6.680109977722168,,9.76567107204991,,,,,L2 true target stolen by an unannotated competitor; cell left unlinked,True
6bba_3abfe10a,6bba,63000657,64000693,62,2.368824207280903,wrong_link_child,False,True,7.677607757223942,87.75,30638,31149,,,2,0.5187858939170837,0.8137739300727844,12,,,,4.740619208663702,7.151411227126998,,30524.0,,2.7383949756622314,3.1007633209228516,7.677607757223942,2.9027166581010855,0.9952505826950073,1.9066786444745958,,7.677607757223942,7.531732559204102,7.913801193237305,,7.869421005249023,,7.017067011194507,,,,,L2 true target stolen by an unannotated competitor; cell left unlinked,True
6bba_3abfe10a,6bba,68000849,69000887,67,0.40625,wrong_link_child,False,True,5.6596355143605255,92.625,33868,34550,,,4,0.23702161014080048,0.8658636212348938,8,,,,9.632418472319841,2.302690450923559,,33899.0,,2.608189582824707,2.5724098682403564,9.814900706959891,0.18858426628469502,0.9895287156105042,9.529305186122656,,5.6596355143605255,7.131157875061035,7.011030673980713,,6.7795915603637695,,8.897222050654456,,,,,L2 true target stolen by an unannotated competitor; cell left unlinked,True
6bba_3abfe10a,6bba,65000733,66000769,64,2.2980970388562794,wrong_link_both,False,True,8.36618226485825,92.625,31635,32434,32347.0,0.5208974086963292,4,0.14139167964458466,0.9957309365272522,11,0.9957309365272522,,-0.3802344985306263,9.247820299118757,5.535169911588534,0.356027859181994,31712.0,,1.3612691164016724,1.4432624578475952,10.318705691219632,0.516168014818122,0.9959089756011963,8.761497940402478,,8.36618226485825,8.56834888458252,8.162708282470703,8.104914665222168,7.775889873504639,10.941878719659798,6.110472062045026,,,1.0,0.8543392568826675,"L1b wrong partner chosen, confident (margin > 0.5)",True
6bba_3abfe10a,6bba,65000737,66000771,64,1.8168052317185792,wrong_link_parent,False,True,7.0624188283701965,94.25,31624,32372,32251.0,2.364172380443207,2,0.9768648147583008,0.9971887469291687,12,0.9971887469291687,,-2.3280938789248466,6.506115173920989,1.7227693769745993,0.41144858167596227,,,1.4961621761322021,1.510709285736084,,,,,,7.0624188283701965,8.681364059448242,,8.606794357299805,7.974506378173828,9.070615736834405,9.070615736834405,,,3.0,0.02032393217086792,"L1a wrong partner chosen, near-tie (margin < 0.1)",True
6bba_3abfe10a,6bba,69000869,70000905,68,1.86167137607581,wrong_link_parent,False,True,9.175448640354396,91.0,34547,35324,35207.0,0.49343852928083176,2,0.5794661641120911,0.9829361438751221,9,0.9829361438751221,,-0.07243525609374046,-4.538441330194473,4.65661922749941,0.48809293772135703,,,1.8564203977584839,1.9149606227874756,,,,,,9.175448640354396,6.788056373596191,,6.553311824798584,5.203352928161621,6.80404447741637,6.80404447741637,,,1.0,0.403469979763031,"L1b wrong partner chosen, intermediate margin",True
6bba_3abfe10a,6bba,77001128,78001158,76,2.333728575156074,wrong_link_both,False,True,8.706567972077956,55.25,39159,39751,39768.0,4.37659812136658,6,0.09685064107179642,0.9969183206558228,11,0.9969183206558228,,-3.701359272003174,-7.852227497845888,8.020496614026262,2.3354979459433522,39176.0,,1.5867279767990112,1.538241982460022,13.518755038494533,3.114227818211621,0.9966689944267273,-10.759673902764916,,8.706567972077956,8.311609268188477,8.215023040771484,8.350699424743652,8.465533256530762,7.836271738094003,5.730524612659315,,,3.0,0.9000676795840263,"L1b wrong partner chosen, confident (margin > 0.5)",True
6bba_3abfe10a,6bba,95001775,96001806,94,0.40625,wrong_link_child,False,True,7.923723480890857,78.0,50368,51021,,,4,0.10164973884820938,0.731087863445282,11,,,,-4.5473456140607595,8.992650921041214,,50350.0,,1.7654129266738892,1.6983716487884521,10.517647161656825,1.304546184474285,0.9940662384033203,-3.598750226199627,,7.923723480890857,7.48157262802124,7.556037902832031,,7.41286563873291,,6.93664716059274,,,,,L2 true target stolen by an unannotated competitor; cell left unlinked,True
6bba_3abfe10a,6bba,81001252,82001284,80,3.447145558284419,wrong_link_both,False,True,8.00236293450487,35.75,41687,42437,42283.0,3.214839136360019,4,0.07894041389226913,0.9965349435806274,8,0.9965349435806274,,2.944273935863748,-9.06315765529871,6.604270529439517,1.2909073023518858,41875.0,,1.4869394302368164,1.3899401426315308,10.59379627261834,1.42427499092616,0.9947972893714905,-7.772526957094669,,8.00236293450487,7.662290573120117,6.916497707366943,7.781342029571533,7.1462082862854,13.367656416801598,8.931150678036031,,,1.0,0.9175945296883583,"L1b wrong partner chosen, confident (margin > 0.5)",True
6bba_3abfe10a,6bba,81001274,82001308,80,0.8125,wrong_link_parent,False,True,7.189368264134718,95.875,41767,42720,42206.0,0.7051779788030056,6,0.049363963305950165,0.995299220085144,18,0.995299220085144,,-0.17957188980653882,8.091127368854359,4.620272007892161,0.6819310215703642,,,1.314017415046692,1.3701131343841553,,,,,,7.189368264134718,7.326726913452148,,8.13751220703125,5.462279796600342,9.379692691804015,8.005301173033967,,,4.0,0.9459352567791939,"L1b wrong partner chosen, confident (margin > 0.5)",True
6bba_3abfe10a,6bba,72000969,73001001,71,1.284675299443404,wrong_link_parent,False,True,6.909835737262557,63.375,36116,36642,36636.0,3.101856995253571,5,0.17788848280906677,0.997420072555542,10,0.997420072555542,,-3.053042743355036,6.510548719204962,7.818610547733074,0.5481303004310797,,,1.4591511487960815,1.3527939319610596,,,,,,6.909835737262557,7.9992241859436035,,8.50975227355957,8.444377899169922,12.51249796397165,8.848712679147296,,,3.0,0.8195315897464752,"L1b wrong partner chosen, confident (margin > 0.5)",True
6bba_3abfe10a,6bba,76001092,77001126,75,2.03125,wrong_link_parent,False,True,11.87545429431569,47.125,38633,39341,39434.0,2.171306131772743,2,0.8426300287246704,0.9920762777328491,8,0.9920762777328491,,-0.8933664876967669,-8.241498708724976,1.6473923563950297,1.9790064771329712,,,1.9073033332824707,1.7813140153884888,,,,,,11.87545429431569,7.917210578918457,,7.111907482147217,7.513431072235107,7.485806415685549,7.485806415685549,,,1.0,0.1494462490081787,"L1b wrong partner chosen, intermediate margin",True
6bba_3abfe10a,6bba,72000987,73001018,71,0.9084026158592896,wrong_link_child,False,True,7.934424676625035,95.875,36461,36673,,,3,0.2450965791940689,0.5801723003387451,5,,,,-10.117404360324144,2.3393365533506527,,36134.0,,1.6453051567077637,1.6947126388549805,13.937146416873336,3.575247744403666,0.9963054656982422,-13.568279964849353,,7.934424676625035,6.577828884124756,7.925517559051514,,8.304912567138672,,8.746733377685622,,,,,L2 true target stolen by an unannotated competitor; cell left unlinked,True
6bba_3abfe10a,6bba,55000386,56000414,54,4.0625,wrong_link_child,False,True,7.286300359427571,42.25,25576,26210,,,2,0.3733198940753937,0.49192070960998535,10,,,,-5.842918704729527,6.181081140439576,,25583.0,,1.5297658443450928,1.5406866073608398,7.286300359427571,1.4894962292085059,0.9928056597709656,-5.424642248079181,,7.286300359427571,7.596253395080566,7.584029197692871,,7.472507476806641,,7.0220694314127865,,,,,L2 true target stolen by an unannotated competitor; cell left unlinked,True
6bba_3abfe10a,6bba,98001874,99001910,97,1.9902104160113323,wrong_link_parent,False,True,7.4862242631738924,73.125,52024,52808,52648.0,2.8468940037220034,3,0.03623542562127113,0.9952301979064941,11,0.9952301979064941,,2.5616552736610174,-7.351161198690534,8.62436996287399,1.2420659110341117,,,1.92677903175354,1.9355428218841553,,,,,,7.4862242631738924,8.421538352966309,,8.244715690612793,7.478720664978027,13.233278722600483,7.7828998402882785,,,2.0,0.958994772285223,"L1b wrong partner chosen, confident (margin > 0.5)",True
6bba_3abfe10a,6bba,91001647,92001677,90,2.368824207280903,wrong_link_child,False,True,6.908130990909103,78.0,47846,48321,,,1,0.8667875528335571,0.8667875528335571,10,,,,-2.5335760042071342,6.446631831629616,,47771.0,,1.6232171058654785,1.5902312994003296,6.908130990909103,2.1254416837196586,0.9962639212608337,-2.6127460077404976,,6.908130990909103,7.7353105545043945,8.068613052368164,,8.488029479980469,,8.001364974076553,,,,,L2 true target stolen by an unannotated competitor; cell left unlinked,False
6bba_3abfe10a,6bba,88001509,89001553,87,0.0,wrong_link_both,False,True,11.051720867621212,37.375,46154,46541,46777.0,0.8384528028097182,3,0.6715251207351685,0.9936912059783936,6,0.9936912059783936,,-0.7880994044244289,-8.20301192626357,4.282107070385375,0.28618600819280576,46060.0,,1.4169121980667114,1.4355555772781372,11.356339780069204,2.730451812597596,0.9961193799972534,-10.803735684603453,,11.051720867621212,7.206648826599121,7.5345869064331055,7.120678901672363,7.9719319343566895,8.707909826735717,8.707909826735717,,,1.0,0.3221660852432251,"L1b wrong partner chosen, intermediate margin",True
6bba_3abfe10a,6bba,53000335,54000363,52,4.89189779763437,wrong_link_parent,False,True,8.444101351612924,58.5,24332,24870,24804.0,4.0568857642991025,2,0.9847983717918396,0.9910240173339844,10,0.9910240173339844,,2.254158638417721,2.0256128180772066,3.8321194723435466,3.372994357750911,,,2.144972085952759,2.1492977142333984,,,,,,8.444101351612924,7.571392059326172,,8.105203628540039,7.9071364402771,6.620924732267413,6.094343097695906,,,3.0,0.006225645542144775,"L1a wrong partner chosen, near-tie (margin < 0.1)",False
6bba_3abfe10a,6bba,61000578,62000612,60,0.40625,wrong_link_parent,False,True,6.446181821749407,42.25,29501,30288,30051.0,3.613603000171682,3,0.3509644865989685,0.9865196943283081,8,0.9865196943283081,,-3.1441535875201225,-6.289609085768461,5.907804640154302,1.781130220094568,,,1.4309018850326538,1.3814374208450317,,,,,,6.446181821749407,7.092686653137207,,7.426144123077393,5.618407726287842,8.009006911762755,6.800406544189443,,,2.0,0.6355552077293396,"L1b wrong partner chosen, confident (margin > 0.5)",True
6bba_3abfe10a,6bba,56000427,57000465,55,3.6336104634371584,wrong_link_child,False,True,6.407878135761929,82.875,26252,26680,,,3,0.10323183238506317,0.9833099246025085,13,,,,9.94844683795236,3.987565033895662,,26196.0,,1.2435437440872192,1.3258482217788696,8.104841923978434,3.2607970577653083,0.9946987628936768,6.769615645287558,,6.407878135761929,7.337585926055908,7.512124061584473,,8.073974609375,,6.454487536800482,,,,,L2 true target stolen by an unannotated competitor; cell left unlinked,True
6bba_3abfe10a,6bba,58000500,59000530,57,4.318496736423452,wrong_link_child,False,True,7.397700943277788,86.125,27491,27992,,,1,0.7528617978096008,0.7528617978096008,11,,,,-5.01804462634027,5.768937091663975,,27321.0,,1.2735675573349,1.3125661611557007,10.33784748547541,4.276746013966122,0.9909817576408386,-3.74597030878067,,7.397700943277788,7.496625900268555,8.10187816619873,,8.044158935546875,,6.191494242686368,,,,,L2 true target stolen by an unannotated competitor; cell left unlinked,True
6bba_3abfe10a,6bba,83001343,84001380,82,1.8168052317185792,wrong_link_child,False,True,6.516932749629679,91.0,43380,43812,,,1,0.6128499507904053,0.6128499507904053,4,,,,-0.26394120045006275,4.818640406182975,,43187.0,,2.069911241531372,1.9745512008666992,6.516932749629679,2.7625594187629288,0.9709275364875793,0.2291859518736601,,6.516932749629679,4.543623447418213,6.754209518432617,,6.692563056945801,,8.454823239156577,,,,,L2 true target stolen by an unannotated competitor; cell left unlinked,False
6bba_3abfe10a,6bba,68000818,69000856,67,0.9084026158592896,wrong_link_parent,False,True,8.293579558926778,47.125,33949,34635,34613.0,1.7738034564865401,2,0.885316014289856,0.9552575945854187,5,0.9552575945854187,,-1.398275613086298,4.166110452963039,3.006276192508864,1.0914229299825684,,,0.8753342032432556,0.810606837272644,,,,,,8.293579558926778,6.75359582901001,,6.371514797210693,6.125909805297852,6.910328826786021,6.910328826786021,,,1.0,0.06994158029556274,"L1a wrong partner chosen, near-tie (margin < 0.1)",True
6bba_3abfe10a,6bba,67000809,68000848,66,9.792226269470085,wrong_link_parent,False,True,7.72672537259112,82.875,33075,33861,33867.0,7.991737508242861,5,0.18393319845199585,0.6984147429466248,10,0.5798590779304504,,4.00388278067112,8.101882863789797,4.889744801273631,6.916414611581721,,,2.1035549640655518,1.9372199773788452,,,,,,7.72672537259112,7.752347946166992,,7.131436347961426,7.149991989135742,11.12882678857347,5.6596355143605255,,,4.0,0.3959258794784546,"L1b wrong partner chosen, intermediate margin",True
6bba_3abfe10a,6bba,68000825,69000864,67,2.03125,wrong_link_child,False,True,4.775914944625554,65.0,33669,34352,,,1,0.9915794134140015,0.9915794134140015,11,,,,3.8955355063080788,1.9417196561863326,,33671.0,,1.3218770027160645,1.3905277252197266,4.775914944625554,1.3864993287741603,0.9931974411010742,4.616449176333845,,4.775914944625554,7.819100379943848,7.809971332550049,,7.539184093475342,,7.144850680056817,,,,,L2 true target stolen by an unannotated competitor; cell left unlinked,True
6bba_3abfe10a,6bba,35000049,36000057,34,10.221043320644913,wrong_link_parent,False,True,10.217674941475801,14.625,12999,13538,13726.0,6.362816756457358,7,0.017249388620257378,0.9777284264564514,16,0.9777284264564514,,-6.245952716330066,6.495762288570404,10.210708926168486,1.2138829192404006,,,1.8334959745407104,1.5832769870758057,,,,,,10.217674941475801,8.398762702941895,,7.662363052368164,8.336568832397461,16.728934039622565,8.418942712165908,,,2.0,0.960479037836194,"L1b wrong partner chosen, confident (margin > 0.5)",True
6bba_3abfe10a,6bba,82001296,83001334,81,5.154734625807618,division_second_child,True,True,8.01537553452138,76.375,42132,42811,42809.0,3.786071776147975,2,0.9696369171142578,0.9944214224815369,8,0.9944214224815369,83001350.0,3.38571747392416,-7.768908577039838,2.143201813372555,1.6944782916605594,42527.0,,2.4529075622558594,1.712293267250061,14.562726835154184,7.99069968939362,0.7840723395347595,-14.346923360601068,,8.01537553452138,8.857851028442383,6.817877769470215,8.35981559753418,8.347735404968262,11.683614242097576,7.96026990619903,0.0,,2.0,0.024784505367279053,L4 division (second child never linked),True
6bba_3abfe10a,6bba,88001537,89001578,87,1.625,wrong_link_both,False,True,6.862631771435081,94.25,45947,47037,46551.0,0.6204828670993877,10,0.0008249453385360539,0.9952147006988525,11,0.9952147006988525,,0.07995905354619026,10.043292742222548,9.586483439026683,0.6153093028062179,46385.0,,1.3327919244766235,1.2941763401031494,15.49629239761341,1.7756492894699363,0.9706591367721558,10.901940569281578,,6.862631771435081,8.000747680664062,5.829351902008057,7.926464557647705,5.105803489685059,13.792577574347971,9.478836618445566,,,2.0,0.9943897553603165,"L1b wrong partner chosen, confident (margin > 0.5)",True
6bba_3abfe10a,6bba,53000341,54000373,52,8.14528717265389,wrong_link_both,False,True,7.801625171840103,89.375,24101,25075,24720.0,5.521207787463029,4,0.12191688269376755,0.9889122247695923,9,0.9889122247695923,,3.8032937715761364,6.033825391437858,8.313038569020405,4.002335807929236,24315.0,,1.5414581298828125,1.603255271911621,13.747482261554165,4.005859405309018,0.9881061315536499,9.009007669519633,,7.801625171840103,8.466045379638672,7.619349956512451,8.473715782165527,7.184200286865234,9.997361484298892,6.996608570300571,,,2.0,0.8669953420758247,"L1b wrong partner chosen, confident (margin > 0.5)",True
6bba_3abfe10a,6bba,90001607,91001647,89,2.632800908728193,wrong_link_parent,False,True,8.885319191061733,79.625,47231,47846,48029.0,6.422781266153907,5,0.10626779496669769,0.9448927044868469,13,0.9448927044868469,,5.895108874887228,-9.856013031676412,6.460530245267381,2.549472601555748,,,1.5583645105361938,1.6232171058654785,,,,,,8.885319191061733,7.745696067810059,,7.052208423614502,7.7353105545043945,16.283432913234694,6.908130990909103,,,3.0,0.8386249095201492,"L1b wrong partner chosen, confident (margin > 0.5)",True
6bba_3abfe10a,6bba,64000675,65000707,63,1.625,wrong_link_both,False,True,7.934922435550509,34.125,31515,32099,32204.0,1.866272052883382,2,0.1337437927722931,0.9762454628944397,6,0.9762454628944397,,-0.9350563492625952,1.4123191311955452,8.032423000110917,1.615128787148957,31551.0,,0.8001323342323303,0.7964309453964233,8.712389312910389,1.9611390092401646,0.9699206352233887,0.5427450221031904,,7.934922435550509,6.021056652069092,5.274309158325195,4.635706424713135,6.437579154968262,6.919618580825577,6.919618580825576,,,1.0,0.8425016701221466,"L1b wrong partner chosen, confident (margin > 0.5)",False
6bba_3abfe10a,6bba,70000921,71000950,69,1.86167137607581,wrong_link_both,False,True,6.770085845853121,92.625,35168,35793,35794.0,0.2685070126527064,2,0.9533717036247253,0.9908974766731262,11,0.9908974766731262,,-0.12307974323630333,5.607513335999101,1.7338969546212724,0.23863652831988286,35221.0,,2.6380577087402344,2.519036293029785,7.96936065256736,5.227886294098443,0.9377390146255493,5.1049295999109745,,6.770085845853121,6.804629802703857,6.430285453796387,6.808467388153076,6.810028553009033,6.047690031741157,6.047690031741157,,,3.0,0.03752577304840088,"L1a wrong partner chosen, near-tie (margin < 0.1)",True
6bba_3abfe10a,6bba,47000199,48000220,46,9.41413705883338,wrong_link_child,False,True,7.788362568024166,50.375,20611,21350,,,2,0.05968371406197548,0.15553906559944153,7,,,,1.8662225361913443,9.43756156910585,,20874.0,,1.3375197649002075,1.3936216831207275,9.056485757336073,6.860380138689736,0.528052031993866,6.348444137722254,,7.788362568024166,7.462942600250244,5.2732110023498535,,6.974296569824219,,9.489699414321255,,,,,L2 true target stolen by an unannotated competitor; cell left unlinked,False
6bba_3abfe10a,6bba,97001839,98001874,96,0.5745242597140698,wrong_link_child,False,True,4.639793007155112,73.125,51831,52024,,,1,0.5153489708900452,0.5153489708900452,5,,,,6.134308395907283,5.274256036405141,,51534.0,,2.0083870887756348,1.92677903175354,7.538246309918085,0.6911682794112614,0.9954854846000671,5.49333156272769,,4.639793007155112,6.5035881996154785,7.716034412384033,,8.421538352966309,,7.4862242631738924,,,,,L2 true target stolen by an unannotated competitor; cell left unlinked,True
6bba_3abfe10a,6bba,75001060,76001091,74,3.2752922102462856,wrong_link_both,False,True,6.400835285623894,39.0,38308,39047,38828.0,6.493394647024113,2,0.5600324273109436,0.8217421174049377,9,0.8217421174049377,,4.633056819438934,-0.0095176100730896,5.915192623686883,4.549610813009371,38293.0,,1.5147970914840698,1.3800795078277588,6.700691784289236,2.607432052467956,0.963374137878418,-1.3438854478299618,,6.400835285623894,6.7242231369018555,6.840911865234375,7.134796142578125,5.679408550262451,11.256915093450878,8.235727003144635,,,2.0,0.26170969009399414,"L1b wrong partner chosen, intermediate margin",False
6bba_3abfe10a,6bba,60000562,61000599,59,3.9804208320226646,wrong_link_child,False,True,4.785319408999316,87.75,28726,29188,,,1,0.812720000743866,0.812720000743866,11,,,,8.182440194301307,1.6088754165043857,,28740.0,,2.079638957977295,1.7983908653259277,9.122179743810648,2.025781969568683,0.9964029788970947,8.819118235260248,,4.785319408999316,7.674927711486816,7.5947794914245605,,8.233940124511719,,9.003629002198332,,,,,L2 true target stolen by an unannotated competitor; cell left unlinked,True
6bba_3abfe10a,6bba,25000008,26000011,24,8.53125,wrong_link_child,False,True,8.574363257058861,4.875,8251,8563,,,2,0.5944982171058655,0.7098498940467834,4,,,,4.000750766630517,7.61093037779416,,8194.0,,3.5765113830566406,3.1427724361419678,8.574363257058861,4.382099771344325,0.9913880228996277,1.0253827441483736,,8.574363257058861,7.983440399169922,8.266345024108887,,8.561677932739258,,6.997365973229369,,,,,L2 true target stolen by an unannotated competitor; cell left unlinked,True
6bba_3abfe10a,6bba,99001889,100001924,98,1.86167137607581,wrong_link_child,False,True,7.914735368356993,8.125,53096,53617,,,1,0.9595361948013306,0.9595361948013306,1,,,,3.4209353141486645,3.8277032730682907,,53067.0,,0.9714651703834534,0.9993302822113037,7.914735368356993,3.5323392918496186,0.9906702041625977,6.806936241686344,,7.914735368356993,6.170864105224609,6.32534122467041,,6.7794694900512695,,11.815182675950208,,,,,L2 true target stolen by an unannotated competitor; cell left unlinked,True
6bba_3abfe10a,6bba,96001804,97001839,95,1.8168052317185792,wrong_link_parent,False,True,8.915310284741992,71.5,51102,51831,51725.0,1.7246352743745146,2,0.9844974279403687,0.9923987984657288,8,0.9923987984657288,,1.4327430948615074,2.548683989793062,3.579887526974175,0.9600073196301824,,,1.8715472221374512,2.0083870887756348,,,,,,8.915310284741992,7.102373123168945,,7.030606269836426,6.5035881996154785,4.639793007155112,4.639793007155112,,,1.0,0.007901370525360107,"L1a wrong partner chosen, near-tie (margin < 0.1)",False
6bba_3abfe10a,6bba,53000333,54000368,52,9.518741792511236,wrong_link_child,False,True,9.411241335709022,68.25,24081,24681,,,2,0.2517416179180145,0.4405992031097412,10,,,,7.95796684641391,6.431197919378752,,24094.0,,1.3872463703155518,1.7401025295257568,10.495899913355997,2.3766377418751703,0.9964722394943237,7.456789784599096,,9.411241335709022,8.597071647644043,8.5231294631958,,8.911521911621094,,7.013266273761324,,,,,L2 true target stolen by an unannotated competitor; cell left unlinked,True
6bba_3abfe10a,6bba,79001188,80001219,78,1.625,wrong_link_child,False,True,5.78522216944717,53.625,40337,40888,,,1,0.9867718815803528,0.9867718815803528,8,,,,3.6197171369567513,5.469551262860843,,40307.0,,1.538241982460022,1.9224462509155273,9.231276590757137,3.215931351139543,0.9973228573799133,6.642831588163972,,5.78522216944717,8.465991973876953,8.976341247558594,,9.422882080078125,,10.846497315016562,,,,,L2 true target stolen by an unannotated competitor; cell left unlinked,True
6bba_3abfe10a,6bba,85001421,86001459,84,1.284675299443404,wrong_link_both,False,True,10.393917660545288,94.25,44578,45099,45159.0,1.126471388980613,2,0.4757773280143738,0.9314186573028564,4,0.9314186573028564,,-0.9419891219586134,-7.471859892830253,2.139492895123245,0.6177331821292689,44525.0,,1.6075564622879028,1.5695537328720093,10.393917660545288,5.3171663817586285,0.7508944272994995,-9.111855233088136,,10.393917660545288,5.259530067443848,6.139585018157959,6.059784889221191,6.477291584014893,6.851681838683167,6.851681838683167,,,1.0,0.45564132928848267,"L1b wrong partner chosen, intermediate margin",True
6bba_3abfe10a,6bba,86001449,87001486,85,0.9084026158592896,wrong_link_parent,False,True,10.130474790335679,78.0,44894,45632,45516.0,3.5329269846343356,2,0.9915828108787537,0.9939518570899963,12,0.9939518570899963,,3.1090944726020098,-2.594517247751355,1.677827403731898,1.6778273567900515,,,2.7883248329162598,2.3213958740234375,,,,,,10.130474790335679,7.311271667480469,,7.240174293518066,6.7972002029418945,6.6068269520840985,6.6068269520840985,,,1.0,0.0023690462112426758,"L1a wrong partner chosen, near-tie (margin < 0.1)",False
6bba_3abfe10a,6bba,53000329,54000357,52,4.875,wrong_link_child,False,True,6.843795286551188,39.0,24484,24940,,,1,0.9554277658462524,0.9554277658462524,14,,,,2.7992863319814205,4.509327636046602,,24334.0,,1.5313087701797485,1.5297658443450928,8.110388548727176,4.48143890226048,0.9835395812988281,5.925427708774805,,6.843795286551188,6.961094856262207,7.56845760345459,,7.658341407775879,,7.2764709508342325,,,,,L2 true target stolen by an unannotated competitor; cell left unlinked,False
6bba_3abfe10a,6bba,88001533,89001575,87,0.8125,wrong_link_parent,False,True,8.382785330326403,91.0,46015,46721,46678.0,0.525060941542419,2,0.9497886896133423,0.9940131306648254,8,0.9940131306648254,,-0.5227363109588623,-4.35530006873887,4.7174237965560435,0.04935323230074368,,,1.4178756475448608,1.5637845993041992,,,,,,8.382785330326403,7.713097095489502,,7.472845554351807,7.320036888122559,6.108765117775288,6.108765117775288,,,1.0,0.044224441051483154,"L1a wrong partner chosen, near-tie (margin < 0.1)",True
6bba_3abfe10a,6bba,98001876,99001913,97,1.625,wrong_link_both,False,True,8.898374340642746,79.625,52133,52810,52717.0,0.2571758629475464,3,0.09740766882896423,0.995315670967102,13,0.995315670967102,,0.1260739006102085,-0.6344631994143128,10.005318400011959,0.22415351005001558,52260.0,,1.5973783731460571,1.4896442890167236,10.05365661762435,0.5918632299917151,0.9937877655029297,-0.956797793507576,,8.898374340642746,7.752297401428223,7.304755210876465,7.837054252624512,7.469645977020264,9.91999142484724,8.033950622914608,,,2.0,0.8979080021381378,"L1b wrong partner chosen, confident (margin > 0.5)",False
6bba_3abfe10a,6bba,94001746,95001775,93,1.21875,wrong_link_both,False,True,10.320426210660582,78.0,49615,50368,50188.0,0.9623312231162306,2,0.4456529915332794,0.99739670753479,11,0.99739670753479,,0.020489923655986786,9.337351348251104,2.961484303059002,0.9621130630092039,49879.0,,1.6789722442626953,1.7654129266738892,11.647247137074881,2.9168054106603267,0.9897705316543579,10.713056122884154,,10.320426210660582,8.08513355255127,7.008083820343018,8.474723815917969,7.48157262802124,9.556115703787336,7.923723480890857,,,1.0,0.5517437160015106,"L1b wrong partner chosen, confident (margin > 0.5)",True
6bba_3abfe10a,6bba,85001418,86001458,84,1.21875,wrong_link_parent,False,True,7.24313118768741,91.0,44386,44814,44963.0,3.241951012492308,4,0.19699403643608093,0.9843910932540894,12,0.9843910932540894,,2.9952645767480135,-2.4541439041495323,8.20098205880859,1.2404178661557748,,,1.387131690979004,1.6214059591293335,,,,,,7.24313118768741,6.86480712890625,,7.037684440612793,7.619232177734375,9.560534496856494,7.398562345059327,,,1.0,0.7873970568180084,"L1b wrong partner chosen, confident (margin > 0.5)",False
6bba_3abfe10a,6bba,91001638,92001670,90,1.6750116604071745,wrong_link_parent,False,True,7.936880397661769,37.375,47772,48752,48525.0,0.9159387801162353,3,0.842327892780304,0.9980939030647278,6,0.9980939030647278,,-0.6142728440463543,4.883549264632165,5.708780872093508,0.6794208724995285,,,1.3905997276306152,1.309104323387146,,,,,,7.936880397661769,8.066905975341797,,7.419145107269287,6.5283050537109375,8.098422402422093,7.291664470438073,,,2.0,0.15576601028442383,"L1b wrong partner chosen, intermediate margin",True
6bba_3abfe10a,6bba,91001652,92001681,90,1.1490485194281397,wrong_link_both,False,True,9.193607235777758,91.0,47779,48682,48465.0,5.7187404920572416,8,0.01418869849294424,0.9861093163490295,12,0.9861093163490295,,-4.696474928408861,8.630183350294828,7.500405501223142,3.2629918881790205,47794.0,,1.4452440738677979,1.3046231269836426,12.47656444752048,2.6802042196464866,0.9903209805488586,8.709051981568336,,9.193607235777758,8.022066116333008,7.9600629806518555,7.631089210510254,6.799479961395264,14.247534973471657,8.513405353333413,,,2.0,0.9719206178560853,"L1b wrong partner chosen, confident (margin > 0.5)",True
6bba_3abfe10a,6bba,72000988,73001019,71,1.1490485194281397,wrong_link_parent,False,True,9.282912060160392,100.75,36485,37194,37159.0,2.99455051684948,2,0.6092251539230347,0.9719678163528442,8,0.9719678163528442,,1.047901639714837,1.9519671332091093,5.3519509922801,2.805215669328553,,,2.0396640300750732,1.6268259286880493,,,,,,9.282912060160392,6.395198345184326,,5.840962886810303,5.292290687561035,7.425821181056462,7.425821181056462,,,1.0,0.36274266242980957,"L1b wrong partner chosen, intermediate margin",False
6bba_3abfe10a,6bba,89001578,90001622,88,1.7235727791422095,wrong_link_child,False,True,9.478836618445566,95.875,47037,47112,,,-1,,0.6183274984359741,7,,,,-12.038731019943953,9.899295864494635,,46551.0,,1.2941763401031494,1.2675167322158813,13.792577574347971,2.232820216358001,0.9966064691543579,-9.963333688676357,,9.478836618445566,5.105803489685059,7.926464557647705,,8.395584106445312,,9.54912298044866,,,,,L2 true target stolen by an unannotated competitor; cell left unlinked,True
6bba_3abfe10a,6bba,79001183,80001215,78,3.6336104634371584,wrong_link_child,False,True,8.144885544710462,32.5,40605,41492,,,3,0.025106314569711685,0.12220942974090576,5,,,,11.208918992429972,2.9679715515620706,,40711.0,,1.4747300148010254,1.6154301166534424,20.1720446025618,8.668654280294373,0.5148143172264099,19.845547407305276,,8.144885544710462,7.216150283813477,6.711000442504883,,4.453754901885986,,5.333263336331077,,,,,L2 true target stolen by an unannotated competitor; cell left unlinked,True
6bba_3abfe10a,6bba,59000511,60000541,58,0.8125,wrong_link_parent,False,True,4.805477180508076,39.0,28338,28860,28989.0,5.915278087638215,2,0.38802120089530945,0.7708811163902283,9,0.7708811163902283,,-3.419054703786969,6.764053403865546,4.243472575400171,4.827067410613303,,,1.4586948156356812,1.3914135694503784,,,,,,4.805477180508076,6.654512405395508,,6.538400650024414,7.175623416900635,13.358569745168937,6.914270414678862,,,1.0,0.3828599154949188,"L1b wrong partner chosen, intermediate margin",True
6bba_3abfe10a,6bba,87001472,88001509,86,2.0714766773970688,wrong_link_parent,False,True,10.882071478222741,35.75,45413,46154,46060.0,2.4935881388620644,2,0.12553894519805908,0.995944082736969,7,0.995944082736969,,-1.209817796945572,9.59391788765788,4.854935157630805,2.180440942669014,,,1.4851937294006348,1.4169121980667114,,,,,,10.882071478222741,7.588600158691406,,7.5345869064331055,7.206648826599121,11.356339780069204,11.051720867621212,,,1.0,0.8704051375389099,"L1b wrong partner chosen, confident (margin > 0.5)",True
6bba_3abfe10a,6bba,87001494,88001533,86,1.1490485194281397,wrong_link_child,False,True,5.857530894427921,91.0,45504,46015,,,1,0.9528987407684326,0.9528987407684326,9,,,,3.8087807819247246,4.749193741252868,,45500.0,,1.6489553451538086,1.4178756475448608,5.857530894427921,0.5221043833972535,0.9942611455917358,3.967565631493926,,5.857530894427921,7.2892937660217285,7.304595470428467,,7.713097095489502,,8.382785330326403,,,,,L2 true target stolen by an unannotated competitor; cell left unlinked,True
6bba_3abfe10a,6bba,98001884,99001920,97,1.8168052317185792,wrong_link_child,False,True,7.115897039613389,97.5,52398,52964,,,1,0.9390887022018433,0.9390887022018433,9,,,,-4.737858913838863,3.239225281472584,,52255.0,,1.5447379350662231,1.6237174272537231,7.115897039613389,2.220656857252331,0.9902675747871399,-6.22239750251174,,7.115897039613389,6.774750709533691,7.322768211364746,,6.88715124130249,,7.452119382200572,,,,,L2 true target stolen by an unannotated competitor; cell left unlinked,True
6bba_3abfe10a,6bba,52000305,53000335,51,1.4647552056572457,wrong_link_both,False,True,5.866391615101772,58.5,23535,24332,24525.0,6.512775829698525,2,0.6579881310462952,0.8649610877037048,11,0.8649610877037048,,-2.7008531782776117,1.5328759048134089,7.502081680859668,5.926351416959093,23624.0,,2.2578322887420654,2.144972085952759,5.866391615101772,2.0243311705378306,0.9935086965560913,0.5863418634980917,,5.866391615101772,8.061394691467285,7.718137264251709,6.689239025115967,7.571392059326172,13.68529225596263,8.444101351612924,,,2.0,0.20697295665740967,"L1b wrong partner chosen, intermediate margin",False
6bba_3abfe10a,6bba,77001124,78001155,76,4.942244555867304,wrong_link_both,False,True,7.062764194366472,34.125,39582,40164,40077.0,0.9990616348795971,2,0.6383247375488281,0.9792730808258057,8,0.9792730808258057,,0.8914765305817127,-0.6674820221960545,6.258830360056193,0.4509919574784964,39536.0,,1.3037232160568237,1.491368055343628,10.471703742034773,7.088428278356421,0.5727335810661316,2.9946310073137283,,7.062764194366472,6.439916133880615,6.6566667556762695,6.954002857208252,6.525104999542236,6.792144864699374,6.792144864699374,,,3.0,0.34094834327697754,"L1b wrong partner chosen, intermediate margin",False
6bba_3abfe10a,6bba,99001910,100001940,98,1.7235727791422095,wrong_link_parent,False,True,7.7828998402882785,71.5,52808,53420,53607.0,0.6806526562000919,2,0.8415579795837402,0.9851974844932556,8,0.9851974844932556,,-0.12150789052248001,-2.114501290023327,6.119956905155044,0.6697192478442123,,,1.9355428218841553,1.911335825920105,,,,,,7.7828998402882785,7.478720664978027,,6.81248664855957,7.4800028800964355,6.784236940313353,6.784236940313354,,,1.0,0.14363950490951538,"L1b wrong partner chosen, intermediate margin",False
6bba_3abfe10a,6bba,79001194,80001224,78,2.1877232028983924,wrong_link_child,False,True,7.8490873061683395,68.25,40653,41216,,,1,0.9002001881599426,0.9002001881599426,9,,,,-0.6605799533426762,5.115501697169165,,40819.0,,1.8191231489181519,2.1247670650482178,7.8490873061683395,4.551843037184375,0.9674859046936035,-5.011033568531275,,7.8490873061683395,7.016897201538086,5.9775190353393555,,7.103140354156494,,10.225142300880318,,,,,L2 true target stolen by an unannotated competitor; cell left unlinked,False
6bba_3abfe10a,6bba,69000887,70000921,68,0.0,unlinked,False,True,8.897222050654456,92.625,34550,35168,,,2,0.30504360795021057,0.6024996638298035,6,,,,-9.926072638481855,2.1591719516845536,,,,2.5724098682403564,2.6380577087402344,,,,,,8.897222050654456,6.7795915603637695,,,6.804629802703857,,6.770085845853121,,,,,L3 true pair scored below 0.5; cell left unlinked,True
6bba_3abfe10a,6bba,93001716,94001749,92,2.2980970388562794,wrong_link_both,False,True,8.357647497195584,92.625,49392,49674,49998.0,1.5371678500274808,6,0.022789055481553078,0.9907237887382507,12,0.9907237887382507,,1.1694167219102383,-8.831004036590457,8.784619115011358,0.9976720551738534,49102.0,,1.3767467737197876,1.291498064994812,11.54701886741053,4.590401282839403,0.9889838099479675,-6.925396122038364,,8.357647497195584,6.450520992279053,7.5705342292785645,6.500215530395508,7.736766815185547,13.004669087208265,8.274526625160124,,,1.0,0.9679347332566977,"L1b wrong partner chosen, confident (margin > 0.5)",True
6bba_3abfe10a,6bba,70000918,71000953,69,0.0,wrong_link_child,False,True,7.504367657176489,100.75,35297,35857,,,2,0.4132917821407318,0.5376409888267517,6,,,,-1.9709201455116272,6.029899565292784,,35138.0,,2.0357043743133545,2.0396640300750732,7.504367657176489,3.2245327590602613,0.9856559038162231,-4.092801205813885,,7.504367657176489,5.575352668762207,6.926407337188721,,6.415711402893066,,9.27336661004315,,,,,L2 true target stolen by an unannotated competitor; cell left unlinked,False
6bba_3abfe10a,6bba,38000070,39000077,37,3.832554834897995,unlinked,False,True,9.684441882759899,27.625,14938,15602,,,2,0.26775574684143066,0.6137245297431946,12,,,,5.966338112251833,6.461617806387099,,,,1.6539229154586792,1.548187494277954,,,,,,9.684441882759899,7.417158603668213,,,7.261229515075684,,7.450318536633161,,,,,L3 true pair scored below 0.5; cell left unlinked,True
6bba_3abfe10a,6bba,95001782,96001816,94,2.4375,wrong_link_child,False,True,7.331579850339769,94.25,50529,50986,,,1,0.9831142425537109,0.9831142425537109,9,,,,1.5336820259690285,4.3911614532318906,,50470.0,,1.3144019842147827,1.4554766416549683,7.331579850339769,3.330156296674561,0.9931861162185669,2.2688179314136505,,7.331579850339769,6.8641037940979,7.149102210998535,,7.533658981323242,,7.962860323551916,,,,,L2 true target stolen by an unannotated competitor; cell left unlinked,False
6bba_3abfe10a,6bba,67000784,68000822,66,7.589376312484445,wrong_link_parent,False,True,8.786372543891478,55.25,32855,33494,33503.0,4.344403817962738,2,0.9951199293136597,0.997102677822113,10,0.997102677822113,,-3.117240401217714,3.198174855671823,4.184202215292006,3.0259968298967603,,,1.361932635307312,1.539105772972107,,,,,,8.786372543891478,9.05705738067627,,8.83409595489502,9.001047134399414,6.441866241977403,6.441866241977403,,,2.0,0.001982748508453369,"L1a wrong partner chosen, near-tie (margin < 0.1)",True
6bba_3abfe10a,6bba,60000545,61000578,59,0.40625,wrong_link_child,False,True,7.573768969558602,42.25,28938,29501,,,1,0.7355692386627197,0.7355692386627197,13,,,,5.946303246542811,4.417385949478685,,28806.0,,1.4817173480987549,1.4309018850326538,8.809859809544571,1.9310928659825999,0.9920439720153809,7.83054680749774,,7.573768969558602,6.904989242553711,7.398306369781494,,7.092686653137207,,6.446181821749407,,,,,L2 true target stolen by an unannotated competitor; cell left unlinked,True
6bba_3abfe10a,6bba,68000822,69000862,67,2.0714766773970688,wrong_link_child,False,True,6.441866241977403,60.125,33494,34105,,,1,0.9972419738769531,0.9972419738769531,7,,,,-2.9474126289132982,0.7750320538589476,,33503.0,,1.539105772972107,1.529824137687683,6.441866241977403,3.5454072639589356,0.9972796440124512,-6.315415256889537,,6.441866241977403,9.001047134399414,8.83409595489502,,9.16065502166748,,11.525108129000094,,,,,L2 true target stolen by an unannotated competitor; cell left unlinked,False
6bba_3abfe10a,6bba,20000002,21000003,19,4.0625,wrong_link_child,False,True,10.258899899365563,6.5,6195,6552,,,1,0.763309895992279,0.763309895992279,7,,,,3.052851007785648,6.900862817873223,,6236.0,,4.182197093963623,3.9169514179229736,12.577757292630347,5.493583193490445,0.9750163555145264,4.7339891460724175,,10.258899899365563,8.181100845336914,7.960460662841797,,8.370584487915039,,12.000168354811358,,,,,L2 true target stolen by an unannotated competitor; cell left unlinked,True
6bba_3abfe10a,6bba,96001806,97001840,95,2.2980970388562794,wrong_link_parent,False,True,6.93664716059274,78.0,51021,51561,51637.0,5.176422841830338,10,0.0078089069575071335,0.9723837971687317,15,0.9723837971687317,,4.722202884033322,6.176354408729821,9.469392474656255,2.1204134878485967,,,1.6983716487884521,1.6005141735076904,,,,,,6.93664716059274,7.41286563873291,,7.3875627517700195,7.632814407348633,10.799250421108528,7.154060401149335,,,2.0,0.9645748902112246,"L1b wrong partner chosen, confident (margin > 0.5)",True
6bba_3abfe10a,6bba,72000958,73000994,71,1.625,wrong_link_both,False,True,7.331520671504588,37.375,36487,36893,37202.0,7.35623748337016,2,0.6256934404373169,0.6918199062347412,5,0.6918199062347412,,-6.972898308187723,-0.2681703642010689,6.973658347997303,2.3436977397721166,36308.0,,1.1626436710357666,1.1421043872833252,7.331520671504588,0.4527399097127454,0.9938587546348572,-0.42167667113244534,,7.331520671504588,6.386619567871094,7.235900402069092,5.006745338439941,7.443256855010986,11.438680364653738,7.32972579691479,,,1.0,0.06612646579742432,"L1a wrong partner chosen, near-tie (margin < 0.1)",False
6bba_3abfe10a,6bba,83001342,84001386,82,2.632800908728193,wrong_link_parent,False,True,8.66960134668451,95.875,42950,43731,43750.0,4.928224935431952,2,0.973269522190094,0.9873233437538147,7,0.9873233437538147,,-4.882422024384141,3.151695666834712,3.5801875335858426,0.6703403538665497,,,2.014400005340576,1.8509423732757568,,,,,,8.66960134668451,7.640926361083984,,6.945418834686279,7.021377086639404,8.575934522936807,7.811936861599343,,,1.0,0.014053821563720703,"L1a wrong partner chosen, near-tie (margin < 0.1)",True
6bba_3abfe10a,6bba,60000567,61000601,59,4.1429533547941375,wrong_link_parent,False,True,8.82577873173777,95.875,28652,29529,29497.0,2.2414479121535886,4,0.20322437584400177,0.9949467778205872,9,0.9949467778205872,,1.1474220678210258,-4.308217546669766,7.936351209276936,1.9254898964094833,,,1.466102957725525,2.0164191722869873,,,,,,8.82577873173777,7.931184768676758,,7.102282524108887,6.924225807189941,9.439941164933565,7.538826759291139,,,1.0,0.7917224019765854,"L1b wrong partner chosen, confident (margin > 0.5)",True
6bba_3abfe10a,6bba,75001068,76001094,74,7.001185725468223,wrong_link_both,False,True,8.868342938781497,66.625,37896,38533,38504.0,2.990997436432242,2,0.961818277835846,0.9974575638771057,8,0.9974575638771057,,2.7073733378201723,-9.080978209152818,2.5604823129999668,1.2712966901572205,37977.0,,1.765731930732727,1.7992308139801025,13.795440622511705,7.25237545532332,0.8056185841560364,-9.753171794116497,,8.868342938781497,8.477371215820312,7.968667507171631,8.792218208312988,8.402850151062012,11.892723986666919,8.27795240663664,,,1.0,0.035639286041259766,"L1a wrong partner chosen, near-tie (margin < 0.1)",True
6bba_3abfe10a,6bba,67000798,68000836,66,2.6012692214570947,wrong_link_child,False,True,6.91360283344411,91.0,33468,33844,,,1,0.376829594373703,0.376829594373703,7,,,,2.2533685229718685,6.148259114431538,,33127.0,,2.1425974369049072,1.8766268491744995,6.91360283344411,1.799642466033383,0.9888034462928772,1.72774014249444,,6.91360283344411,4.764493942260742,7.573821544647217,,7.236337661743164,,7.581602141784214,,,,,L2 true target stolen by an unannotated competitor; cell left unlinked,False
6bba_3abfe10a,6bba,52000318,53000347,51,2.368824207280903,wrong_link_child,False,True,9.43753522349549,100.75,23931,24451,,,1,0.0829377993941307,0.0829377993941307,4,,,,-5.496497690677643,7.874016053386727,,23697.0,,2.418623924255371,1.6756387948989868,9.43753522349549,0.9108905809545125,0.9885196089744568,-5.549522064626217,,9.43753522349549,6.315106391906738,7.4618120193481445,,7.152666091918945,,9.250379397006075,,,,,L2 true target stolen by an unannotated competitor; cell left unlinked,True
6bba_5c824876,6bba,52000986,53001003,51,4.241374519244911,wrong_link_child,False,True,9.720920274501639,43.875,11975,12194,,,1,0.9680591225624084,0.9680591225624084,7,,,,-6.733542967587709,3.330038808780295,,11945.0,,4.634917736053467,4.749622344970703,11.817615367372737,4.317612729189607,0.9907823204994202,-10.40871490072459,,9.720920274501639,8.117362022399902,8.364869117736816,,8.340527534484863,,7.920358739612026,,,,,L2 true target stolen by an unannotated competitor; cell left unlinked,True
6bba_5c824876,6bba,2000032,3000049,1,4.596194077712559,wrong_link_child,False,True,8.393734072705179,56.875,397,470,,,1,0.4491960108280182,0.4491960108280182,8,,,,-9.225709779188037,4.622487109887591,,284.0,,5.425882339477539,5.11389684677124,8.393734072705179,3.6548464604740887,0.9954191446304321,-7.399397916160524,,8.393734072705179,7.771773338317871,9.101011276245117,,10.805516242980957,,12.523974623306753,,,,,L2 true target stolen by an unannotated competitor; cell left unlinked,True
6bba_5c824876,6bba,46000885,47000904,45,7.368707591056928,wrong_link_child,False,True,6.957012380949228,91.0,10584,10762,,,4,0.11988817155361176,0.5670318007469177,10,,,,-10.216775736771524,4.722129925049283,,10571.0,,3.8050761222839355,4.575931549072266,6.957012380949228,5.066552968073172,0.9508364200592041,-6.701123123988509,,6.957012380949228,7.8343892097473145,8.007930755615234,,8.331595420837402,,10.27903596843101,,,,,L2 true target stolen by an unannotated competitor; cell left unlinked,True
6bba_5c824876,6bba,4000073,5000087,3,9.859412143353172,unlinked,False,True,9.407324620239844,63.375,757,1101,,,2,0.21187053620815277,0.5582056641578674,2,,,,4.751274089794606,7.810510765264885,,,,2.181928873062134,2.2193877696990967,,,,,,9.407324620239844,8.834663391113281,,,7.300535202026367,,11.098918992784974,,1.0,,,L3 true pair scored below 0.5; cell left unlinked,True
6bba_5c824876,6bba,12000177,13000196,11,2.6012692214570947,wrong_link_both,False,True,8.569524641481904,8.125,2696,2923,2893.0,3.172411245379947,2,0.3541690707206726,0.9931622743606567,7,0.9931622743606567,,-2.576350621879101,-8.877223731949925,4.984257293108014,1.8511106349854711,2712.0,,5.461305141448975,5.4408464431762695,8.569524641481904,2.4841776949991607,0.9870728254318237,-8.042259972542524,,8.569524641481904,7.634345054626465,7.297107219696045,7.986931324005127,7.603181838989258,7.130673299979838,7.130673299979838,,,2.0,0.6389932036399841,"L1b wrong partner chosen, confident (margin > 0.5)",True
6bba_5c824876,6bba,53001009,54001026,52,3.447145558284419,wrong_link_child,False,True,6.685238070825034,91.0,12101,12349,,,1,0.9996227025985718,0.9996227025985718,1,,,,-0.22625380754470825,3.4917693834233554,,12100.0,,3.4633169174194336,3.132521152496338,6.685238070825034,3.92057410610526,0.999769389629364,-3.0162862543947995,,6.685238070825034,14.660259246826172,14.719306945800781,,14.505928039550781,,18.084115540522426,,,,,L2 true target stolen by an unannotated competitor; cell left unlinked,False
6bba_5c824876,6bba,8000119,9000131,7,3.471001521535247,wrong_link_both,False,True,9.566832777273559,14.625,1756,1998,1948.0,3.2565165615546148,2,0.1736074984073639,0.9937934875488281,7,0.9937934875488281,,-2.754153505433351,-11.025728746782988,3.8288617894837302,1.7376819571454025,1770.0,,4.945361137390137,4.424870491027832,9.566832777273559,2.140818983967445,0.9870491623878479,-9.087662300094962,,9.566832777273559,7.838865756988525,7.700018882751465,8.344671249389648,7.841151237487793,8.875952131291317,8.875952131291317,,,2.0,0.8201859891414642,"L1b wrong partner chosen, confident (margin > 0.5)",True
6bba_5c824876,6bba,32000604,33000624,31,2.4375,unlinked,False,True,6.7034599708657,97.5,7364,7592,,,1,0.3301767408847809,0.3301767408847809,5,,,,3.148550078738481,6.959703572142892,,,,4.865406036376953,5.128663539886475,,,,,,6.7034599708657,6.65254545211792,,,6.833475589752197,,6.9597954589394995,,,,,L3 true pair scored below 0.5; cell left unlinked,True
6bba_5c824876,6bba,2000036,3000054,1,2.03125,wrong_link_parent,False,True,8.949343110690975,91.0,387,612,588.0,1.6623087798523655,2,0.9364832043647766,0.9909446239471436,5,0.9909446239471436,,-0.406805126927793,-6.36065420601517,3.443052293543334,1.6117630310562165,,,4.779804229736328,5.028192520141602,,,,,,8.949343110690975,7.896762847900391,,8.156694412231445,7.926357269287109,6.229826495170438,6.229826495170438,,,1.0,0.05446141958236694,"L1a wrong partner chosen, near-tie (margin < 0.1)",True
6bba_5c824876,6bba,97001492,98001502,96,6.2541392543258905,wrong_link_child,False,True,7.670826447604158,13.0,24806,25105,,,4,0.031466446816921234,0.3984314203262329,10,,,,7.119603090453893,7.633335439395701,,24744.0,,3.2346975803375244,2.863248825073242,10.710080676387925,4.843699056251051,0.9640001654624939,9.334790271241218,,7.670826447604158,7.791445732116699,8.221345901489258,,8.304475784301758,,10.45802031974342,,,,,L2 true target stolen by an unannotated competitor; cell left unlinked,True
6bba_5c824876,6bba,48000919,49000936,47,4.021669817998489,wrong_link_parent,False,True,9.237880067085745,55.25,10987,11211,11236.0,5.088735438738829,2,0.970091700553894,0.9879058599472046,10,0.9879058599472046,,4.620767921209335,-4.025007992982864,3.0144492126822326,2.1316031956720334,,,4.311399936676025,4.3152666091918945,,,,,,9.237880067085745,8.352293014526367,,8.229806900024414,8.483521461486816,10.023313810582701,10.023313810582701,,,2.0,0.017814159393310547,"L1a wrong partner chosen, near-tie (margin < 0.1)",True
6bba_5c824876,6bba,29000521,30000542,28,1.8168052317185792,wrong_link_child,False,True,7.631612708830659,1.625,6638,6855,,,1,0.904582142829895,0.904582142829895,4,,,,4.677124315872788,3.6586655248604787,,6612.0,,5.49013614654541,4.991423606872559,7.631612708830659,2.773877930705003,0.9881453514099121,7.199402056634426,,7.631612708830659,7.195873260498047,7.846861362457275,,7.768518924713135,,8.862692137230612,,,,,L2 true target stolen by an unannotated competitor; cell left unlinked,True
6bba_5c824876,6bba,3000054,4000070,2,2.632800908728193,wrong_link_child,False,True,6.229826495170438,91.0,612,841,,,1,0.9771091341972351,0.9771091341972351,6,,,,5.947635957971215,1.153667252558848,,588.0,,5.028192520141602,5.222673416137695,6.229826495170438,1.0812686140350949,0.9902597069740295,5.953849079087377,,6.229826495170438,7.926357269287109,8.156694412231445,,7.937759876251221,,8.687513558197235,,,,,L2 true target stolen by an unannotated competitor; cell left unlinked,True
6bba_5c824876,6bba,49000936,50000953,48,2.632800908728193,wrong_link_both,False,True,10.023313810582701,52.0,11211,11436,11463.0,3.7766144679543907,1,0.988640546798706,0.988640546798706,12,0.9863371253013611,,-3.3450097842141986,4.6589662217884324,3.228963433885717,1.75320460388219,11236.0,,4.3152666091918945,4.6010918617248535,10.023313810582701,4.652493173286286,0.9949796795845032,8.6457759141922,,10.023313810582701,8.483521461486816,8.229806900024414,8.408571243286133,8.669906616210938,9.048980525372405,9.048980525372405,,,1.0,-0.0023034214973449707,L1c wrong partner: true partner ranked first but taken (greedy),True
6bba_5c824876,6bba,47000902,48000922,46,7.198768340834423,wrong_link_both,False,True,8.45959873078273,73.125,10703,11109,10951.0,4.042757251947445,4,0.06225406005978584,0.9962904453277588,7,0.9962904453277588,,-2.827416775515303,-9.51393486186862,8.685162236360124,2.8895675412954622,10859.0,,3.2101197242736816,3.2748000621795654,9.518573299332868,4.395721133629396,0.9295145869255066,-6.741543497890234,,8.45959873078273,9.421589851379395,7.329804420471191,8.818827629089355,6.548662185668945,8.900892433895201,7.8847309736533475,,,2.0,0.934036385267973,"L1b wrong partner chosen, confident (margin > 0.5)",True
6bba_5c824876,6bba,21000365,22000386,20,3.374565944310468,unlinked,False,True,14.632032689760978,30.875,4772,5039,,,1,0.18369954824447632,0.18369954824447632,2,,,,-9.898624129593372,2.0805569142497062,,,,1.5873539447784424,1.4670790433883667,,,,,,14.632032689760978,7.425896644592285,,,5.009819030761719,,11.858596704538956,,,,,L3 true pair scored below 0.5; cell left unlinked,True
6bba_5c824876,6bba,66001190,67001201,65,3.6336104634371584,wrong_link_parent,False,True,22.38913309818979,69.875,15358,15612,15611.0,6.349655490701183,2,0.9998032450675964,0.999854326248169,2,0.999854326248169,,-6.090141529683024,-6.120540077332407,3.898351294611718,1.7967473386711332,,,3.4670705795288086,3.3710319995880127,,,,,,22.38913309818979,15.713561058044434,,16.82659339904785,15.64862060546875,4.370753785379998,4.370753785379998,,,1.0,5.1081180572509766e-05,"L1a wrong partner chosen, near-tie (margin < 0.1)",True
6bba_5c824876,6bba,91001433,92001443,90,8.165523942160723,wrong_link_parent,False,True,9.135166148353855,22.75,22572,22896,23006.0,2.804092225287913,2,0.545905590057373,0.991603434085846,10,0.991603434085846,,0.4922393560409546,-4.319877672940493,6.618305337970596,2.760549514912657,,,3.3522191047668457,3.5309510231018066,,,,,,9.135166148353855,8.219489097595215,,7.636702537536621,8.464529037475586,10.193582904276028,10.193582904276028,,,1.0,0.4456978440284729,"L1b wrong partner chosen, intermediate margin",True
6bba_5c824876,6bba,61001122,62001136,60,2.4375,wrong_link_parent,False,True,12.139450956890016,34.125,14097,14359,14386.0,3.869009925283233,2,0.9968994855880737,0.9975167512893677,3,0.9975167512893677,,3.398271380458027,-6.190971399191767,0.971757559535283,1.8495916918877155,,,1.6485092639923096,1.6250585317611694,,,,,,12.139450956890016,10.686820983886719,,9.007928848266602,9.719647407531738,9.629848722252932,9.629848722252932,,,1.0,0.0006172657012939453,"L1a wrong partner chosen, near-tie (margin < 0.1)",True
6bba_5c824876,6bba,42000809,43000827,41,2.6012692214570947,wrong_link_both,False,True,8.013758397060485,73.125,9626,9853,9860.0,3.4149884481183936,2,0.3879190981388092,0.9909436106681824,10,0.9909436106681824,,1.9574640169739723,-7.194583720527589,6.490688721950671,2.798299612806712,9612.0,,5.315854549407959,5.042916774749756,8.013758397060485,2.470654806163047,0.9862508773803711,-6.727531794458628,,8.013758397060485,8.009317398071289,8.132802963256836,8.052133560180664,8.133868217468262,9.988076661936255,9.988076661936255,,,2.0,0.6030245125293732,"L1b wrong partner chosen, confident (margin > 0.5)",True
6bba_5c824876,6bba,3000057,4000074,2,4.908737426772795,division_second_child,True,True,13.457855847892297,68.25,458,790,757.0,5.9482594132567765,2,0.9615996479988098,0.9881612062454224,3,0.9881612062454224,4000073.0,-2.6187536637298763,-2.1552631594240665,4.733448082958147,5.340778903502672,,,4.16630220413208,3.543891668319702,,,,,,13.457855847892297,12.756263732910156,,8.834663391113281,8.47681999206543,9.407324620239846,9.407324620239844,0.0,,1.0,0.02656155824661255,L4 division (second child never linked),False
6bba_5c824876,6bba,4000070,5000085,3,3.0671202393287422,wrong_link_parent,False,True,8.687513558197235,89.375,841,1065,1021.0,3.306758008177866,4,0.05647921934723854,0.9894886612892151,6,0.9894886612892151,,-2.639402972534299,-12.244959844276309,4.471594169978587,1.992034255033169,,,5.222673416137695,5.17605447769165,,,,,,8.687513558197235,7.937759876251221,,8.414274215698242,7.982372760772705,9.93063816419575,9.93063816419575,,,1.0,0.9330094419419765,"L1b wrong partner chosen, confident (margin > 0.5)",True
6bba_5c824876,6bba,34000646,35000667,33,1.625,wrong_link_both,False,True,7.600527844128527,92.625,7810,7904,8003.0,6.43029550653516,2,0.9163902401924133,0.966759979724884,8,0.966759979724884,,-6.1658123061060905,4.129384119994938,4.850861996132427,1.8252284534372567,7686.0,,5.586529731750488,4.33773136138916,9.224464036729149,2.906687312815466,0.9923353791236877,5.924436044879258,,7.600527844128527,7.48207950592041,8.893510818481445,7.90899658203125,9.147528648376465,12.252729578293033,8.361020606166635,,,2.0,0.0503697395324707,"L1a wrong partner chosen, near-tie (margin < 0.1)",True
6bba_5c824876,6bba,73001266,74001278,72,3.300390601883359,wrong_link_both,False,True,8.614552833640406,102.375,17223,17448,17453.0,2.036259737123377,2,0.8067497611045837,0.9948111772537231,5,0.9948111772537231,,-1.6180971562862396,-1.4561166372150183,8.224858628569706,1.2361696120873331,17325.0,,1.7462626695632935,2.3694276809692383,10.19440382831084,3.9181885581152245,0.9785651564598083,0.8518199753016233,,8.614552833640406,8.755001068115234,7.7574663162231445,9.389078140258789,9.521184921264648,7.980135174800479,7.980135174800479,,,2.0,0.1880614161491394,"L1b wrong partner chosen, intermediate margin",False
6bba_5c824876,6bba,10000145,11000161,9,2.03125,wrong_link_both,False,True,10.628667604635032,9.75,2229,2471,2463.0,2.6800260042784054,2,0.9252890944480896,0.9882161021232605,7,0.9882161021232605,,-0.027327751740813255,7.071465391665697,2.266978170396685,2.6798866725280135,2240.0,,4.250694751739502,5.206035137176514,10.628667604635032,3.2852009434543574,0.9924269914627075,10.041684592142701,,10.628667604635032,7.7333526611328125,7.52108097076416,7.659716606140137,7.47329568862915,7.6518197930222005,7.6518197930222005,,,1.0,0.0629270076751709,"L1a wrong partner chosen, near-tie (margin < 0.1)",True
6bba_5c824876,6bba,14000232,15000252,13,8.285906709588275,wrong_link_child,False,True,7.172993836624515,91.0,3146,3216,,,1,0.6332427859306335,0.6332427859306335,1,,,,-10.77146597020328,1.3596483133278212,,3157.0,,2.0795114040374756,2.851578950881958,7.172993836624515,3.87528028279307,0.9928789734840393,-7.171448226785287,,7.172993836624515,7.660548686981201,7.428247928619385,,10.317455291748047,,20.952093836773507,,,,,L2 true target stolen by an unannotated competitor; cell left unlinked,True
6bba_5c824876,6bba,13000196,14000216,12,0.8125,wrong_link_child,False,True,7.130673299979838,6.5,2923,3111,,,1,0.9810614585876465,0.9810614585876465,5,,,,3.5442924816161394,3.4114025894394095,,2893.0,,5.4408464431762695,5.577870845794678,7.130673299979838,2.7652729399587215,0.9944072961807251,6.300873110070825,,7.130673299979838,7.603181838989258,7.986931324005127,,8.059341430664062,,11.017106802630483,,,,,L2 true target stolen by an unannotated competitor; cell left unlinked,True
6bba_5c824876,6bba,58001083,59001096,57,3.832554834897995,wrong_link_both,False,True,6.642856728438475,26.0,13499,13740,13758.0,2.4586122206953767,2,0.6493467688560486,0.9936188459396362,7,0.9936188459396362,,-0.07337109372019768,-9.068658921867609,3.28717012041407,2.457517189026143,13484.0,,4.920673370361328,5.500800132751465,6.642856728438475,3.169096798911378,0.9748582243919373,-6.387660862877965,,6.642856728438475,7.746695041656494,7.904506683349609,7.703047752380371,7.825214862823486,9.059829101137675,9.059829101137675,,,2.0,0.34427207708358765,"L1b wrong partner chosen, intermediate margin",True
6bba_5c824876,6bba,43000824,44000840,42,3.350023320814349,wrong_link_child,False,True,9.362236182923748,48.75,9939,10004,,,1,0.8369578719139099,0.8369578719139099,2,,,,-9.365979557856917,2.630512393235287,,9928.0,,2.0110416412353516,2.2611682415008545,9.362236182923748,0.9777629688249834,0.995067834854126,-9.211646135896444,,9.362236182923748,6.89873743057251,7.235260963439941,,9.4417724609375,,20.336346821463717,,,,,L2 true target stolen by an unannotated competitor; cell left unlinked,True
6bba_5c824876,6bba,7000116,8000126,6,5.465534769123694,wrong_link_child,False,True,6.767267185392085,81.25,1384,1603,,,1,0.9873513579368591,0.9873513579368591,2,,,,-9.240673017222434,2.2575071981087405,,1382.0,,1.6221760511398315,1.83243989944458,6.767267185392085,4.836956200434886,0.9973037242889404,-6.418302914564265,,6.767267185392085,10.552144050598145,10.63017463684082,,12.763701438903809,,20.355482014765542,,,,,L2 true target stolen by an unannotated competitor; cell left unlinked,True
6bba_5c824876,6bba,28000502,29000523,27,8.295859754268994,wrong_link_child,False,True,9.109530245897425,4.875,6377,6659,,,2,9.11854876903817e-05,0.07601796835660934,2,,,,-0.7734849201515317,14.545269234855661,,6404.0,,2.6502041816711426,1.8246259689331055,15.570906229160922,4.961443841343565,0.7817943692207336,2.536709491163492,,9.109530245897425,7.876326560974121,7.285372734069824,,6.682100772857666,,16.316775387640288,,,,,L2 true target stolen by an unannotated competitor; cell left unlinked,False
6bba_5c824876,6bba,60001108,61001120,59,5.041429918683786,wrong_link_parent,False,True,8.710735642851546,19.5,14003,14259,14282.0,1.7409069831413768,3,0.24248982965946198,0.9933227896690369,9,0.9933227896690369,,-0.1808477700687945,-10.417676409240812,3.899996080469704,1.7314881483889961,,,5.771409511566162,5.43618106842041,,,,,,8.710735642851546,7.736555099487305,,7.275452613830566,7.616330623626709,10.535846827390765,9.378036114780203,,,1.0,0.7508329600095749,"L1b wrong partner chosen, confident (margin > 0.5)",True
6bba_5c824876,6bba,60001115,61001128,59,4.958913218891817,wrong_link_child,False,True,4.497684817935009,78.0,13846,14090,,,1,0.9994490742683411,0.9994490742683411,1,,,,-0.6591180339455605,7.826888847512728,,13845.0,,2.947263717651367,2.8961472511291504,4.497684817935009,3.372209688107839,0.9998561143875122,-0.13525671046227217,,4.497684817935009,15.826332092285156,16.091794967651367,,15.634305000305176,,21.68678209283896,,,,,L2 true target stolen by an unannotated competitor; cell left unlinked,False
6bba_5c824876,6bba,47000899,48000919,46,6.858289350304491,wrong_link_both,False,True,9.143827239033763,61.75,10788,10987,11058.0,4.729730711531326,4,0.03298916295170784,0.9857853055000305,8,0.9857853055000305,,2.5833960035815835,-12.726481065154076,5.452439123957105,3.961870478988597,10745.0,,4.699897289276123,4.311399936676025,10.490204662445587,3.538661556443817,0.9797407388687134,-9.690166492015123,,9.143827239033763,8.158781051635742,8.585783004760742,7.737849235534668,8.352293014526367,17.84610866277039,9.237880067085745,,,2.0,0.9527961425483227,"L1b wrong partner chosen, confident (margin > 0.5)",True
6bba_5c824876,6bba,5000076,6000092,4,7.198768340834423,unlinked,False,True,10.936124734903643,21.125,1097,1324,,,1,0.2837602198123932,0.2837602198123932,3,,,,6.223812554962933,5.474644264932477,,,,2.9800000190734863,3.0201375484466553,,,,,,10.936124734903643,7.3352460861206055,,,7.377427577972412,,8.268127958092867,,,,,L3 true pair scored below 0.5; cell left unlinked,True
6bba_5c824876,6bba,45000866,46000885,44,3.917733121653388,wrong_link_parent,False,True,10.317699982342976,94.25,10340,10584,10571.0,4.975407340965422,2,0.9176982641220093,0.9251050353050232,8,0.9251050353050232,,-3.6910814149305224,3.0100417090579867,3.2768620344885218,3.3362548159406384,,,3.7997236251831055,3.8050761222839355,,,,,,10.317699982342976,7.926791191101074,,8.007930755615234,7.8343892097473145,6.957012380949228,6.957012380949228,,,1.0,0.007406771183013916,"L1a wrong partner chosen, near-tie (margin < 0.1)",True
6bba_5c824876,6bba,73001255,74001267,72,1.625,wrong_link_child,False,True,7.73839676004346,3.25,17368,17580,,,1,0.9076785445213318,0.9076785445213318,6,,,,0.9953608270734549,4.854827089796586,,17297.0,,4.148013114929199,3.3700337409973145,7.73839676004346,4.1091004257068,0.9902093410491943,4.731505857780576,,7.73839676004346,6.857161045074463,7.974918365478516,,7.895099639892578,,9.146360889221079,,,,,L2 true target stolen by an unannotated competitor; cell left unlinked,False
6bba_5c824876,6bba,25000452,26000470,24,13.006346107285474,wrong_link_parent,False,True,11.629390698209814,60.125,5553,5800,5957.0,4.355778421606078,2,0.9499965310096741,0.9742926359176636,3,0.9742926359176636,,4.187080684117973,-9.958387016318738,1.005609143340864,1.2004836537059993,,,1.7591246366500854,1.8121333122253418,,,,,,11.629390698209814,8.968734741210938,,4.72957706451416,8.741873741149902,14.161878527977388,14.161878527977388,,,1.0,0.024296104907989502,"L1a wrong partner chosen, near-tie (margin < 0.1)",True
6bba_5c824876,6bba,46000883,47000902,45,2.8726212985703494,wrong_link_both,False,True,9.507089172674144,74.75,10608,10703,10859.0,4.325777305193266,2,0.7365542650222778,0.9678415656089783,5,0.9678415656089783,,-3.2336140759289265,3.5079294219613075,5.982149377229605,2.8733411391756856,10520.0,,3.5474112033843994,3.2101197242736816,9.681905673980607,3.366522013692884,0.99580317735672,5.147138182073832,,9.507089172674144,7.581667900085449,8.46038818359375,7.329804420471191,9.421589851379395,9.518573299332868,8.45959873078273,,,1.0,0.23128730058670044,"L1b wrong partner chosen, intermediate margin",True
6bba_5c824876,6bba,60001114,61001126,59,5.202538442914189,wrong_link_child,False,True,5.611267231913903,47.125,13946,14180,,,1,0.9748744964599609,0.9748744964599609,8,,,,-5.644686009734869,2.1832517985801028,,13930.0,,4.460563659667969,4.959396839141846,5.611267231913903,1.0181029499403855,0.9899467825889587,-5.424796275794506,,5.611267231913903,8.272865295410156,8.424304962158203,,8.331101417541504,,10.475880522558265,,,,,L2 true target stolen by an unannotated competitor; cell left unlinked,True
6bba_5c824876,6bba,56001052,57001068,55,2.0714766773970688,wrong_link_child,False,True,8.484823592827754,32.5,12964,13229,,,1,0.7849294543266296,0.7849294543266296,7,,,,-9.033174820244312,2.1100619551283044,,12979.0,,5.115127086639404,5.762866973876953,8.484823592827754,1.3835862048248588,0.9843472242355347,-8.119744485244155,,8.484823592827754,8.052347183227539,7.860849380493164,,7.998321533203125,,9.531473177837814,,,,,L2 true target stolen by an unannotated competitor; cell left unlinked,True
6bba_5c824876,6bba,58001076,59001092,57,0.5745242597140698,wrong_link_child,False,True,9.4356727315981,1.625,13480,13631,,,1,0.9565942287445068,0.9565942287445068,6,,,,5.065207060426474,3.2638194777907654,,13416.0,,5.410033702850342,4.155533313751221,9.98567774158786,5.291173449969233,0.9935083389282227,9.908409260213375,,9.4356727315981,7.944134712219238,8.549243927001953,,9.195924758911133,,11.93765650827214,,,,,L2 true target stolen by an unannotated competitor; cell left unlinked,True
6bba_61dd1e0d,6bba,48000257,49000263,47,1.7235727791422095,wrong_link_parent,False,True,13.035025318338919,19.5,3848,3975,3990.0,4.470184131219622,2,0.3310316503047943,0.7953094840049744,5,0.7953094840049744,,-4.016483899205923,-1.3491370640695095,5.863464560104701,1.9622444430873833,,,10.54068374633789,11.114700317382812,,,,,,13.035025318338919,7.785469055175781,,5.808957099914551,6.513988494873047,8.26755442756309,8.26755442756309,,,1.0,0.46427783370018005,"L1b wrong partner chosen, intermediate margin",False
6bba_61dd1e0d,6bba,56000309,57000316,55,3.65625,wrong_link_child,False,True,9.202822424762813,4.875,4761,4848,,,2,0.0091926334425807,0.04162769392132759,3,,,,-4.061559271067381,7.0099657252947525,,4740.0,,4.442575454711914,4.42888879776001,11.659717111192696,3.665267176147017,0.639410138130188,-5.117038149386644,,9.202822424762813,4.3555588722229,5.632358074188232,,5.8723602294921875,,7.628639458117125,,,,,L2 true target stolen by an unannotated competitor; cell left unlinked,True
6bba_61dd1e0d,6bba,94000601,95000611,93,5.525597394173774,wrong_link_parent,False,True,24.100801121502847,52.0,10368,10562,10560.0,5.529554642130313,2,0.9994568228721619,0.9998763799667358,2,0.9998763799667358,,3.191414204891771,9.52264247648418,7.761756357754111,4.515622871002395,,,3.528853178024292,3.318202257156372,,,,,,24.100801121502847,15.657431602478027,,14.960033416748047,14.605841636657715,7.159186860174451,7.159186860174451,,,1.0,0.0004195570945739746,"L1a wrong partner chosen, near-tie (margin < 0.1)",True
6bba_61dd1e0d,6bba,91000578,92000585,90,1.6750116604071745,wrong_link_parent,False,True,22.469922149009296,50.375,9758,9966,9962.0,1.7328875799832597,2,0.9996992349624634,0.9999642372131348,2,0.9999642372131348,,0.04043670045211911,9.753093412145972,4.771783925234394,1.7324157232364246,,,3.6375858783721924,3.593036413192749,,,,,,22.469922149009296,16.81157684326172,,16.036239624023438,13.952235221862793,11.537495357001958,11.537495357001958,,,1.0,0.0002650022506713867,"L1a wrong partner chosen, near-tie (margin < 0.1)",True
6bba_61dd1e0d,6bba,55000302,56000309,54,1.6750116604071745,wrong_link_parent,False,True,20.3040335367009,3.25,4591,4761,4711.0,1.9322792667710913,3,0.0536375418305397,0.9530242681503296,3,0.9530242681503296,,0.08397120796144009,7.8561968775466084,6.096689484611988,1.9304538329177734,,,3.635248899459839,4.442575454711914,,,,,,20.3040335367009,7.229937553405762,,6.941534996032715,4.3555588722229,9.202822424762813,9.202822424762813,,,1.0,0.8993867263197899,"L1b wrong partner chosen, confident (margin > 0.5)",True
6bba_61dd1e0d,6bba,86000521,87000533,85,3.8540258983302125,wrong_link_both,False,True,7.0228275572171555,1.625,8840,9049,9035.0,0.9683785038223681,4,0.008962210267782211,0.9959690570831299,6,0.9959690570831299,,0.19755825772881508,4.393548784428276,12.12874047741883,0.9480124795952863,8881.0,,5.53775691986084,6.342587471008301,12.948606932149218,0.3496380401811698,0.9938269257545471,4.151513781398535,,7.0228275572171555,9.639869689941406,8.203089714050293,8.975741386413574,8.528417587280273,12.635281950298271,8.208285658285947,,,2.0,0.9870068468153477,"L1b wrong partner chosen, confident (margin > 0.5)",True
6bba_61dd1e0d,6bba,49000263,50000269,48,0.40625,wrong_link_child,False,True,8.26755442756309,21.125,3975,4098,,,1,0.05728054791688919,0.05728054791688919,3,,,,0.31224105693399906,6.258916875888338,,3990.0,,11.114700317382812,12.468354225158691,8.26755442756309,3.406479559014634,0.9187290668487549,-2.6673468351364136,,8.26755442756309,6.513988494873047,5.808957099914551,,5.732686996459961,,12.891397996797902,,,,,L2 true target stolen by an unannotated competitor; cell left unlinked,False
6bba_61dd1e0d,6bba,74000438,75000445,73,1.284675299443404,wrong_link_child,False,True,7.157375506601795,30.875,6920,7067,,,1,0.9998769760131836,0.9998769760131836,1,,,,6.3334156782366335,4.574497537188417,,6917.0,,5.6738600730896,5.600794315338135,7.157375506601795,1.1085108605548732,0.9999780654907227,6.2314449842087924,,7.157375506601795,15.695924758911133,16.682554244995117,,17.037330627441406,,25.177047478146875,,,,,L2 true target stolen by an unannotated competitor; cell left unlinked,True
6bba_61dd1e0d,6bba,92000585,93000593,91,0.5745242597140698,wrong_link_both,False,True,11.537495357001958,52.0,9966,10165,10169.0,0.37054122166447906,2,0.9994227886199951,0.9999364614486694,2,0.9999364614486694,,0.14698930736631155,-9.395042815245688,5.68668789398204,0.34013958968719976,9962.0,,3.593036413192749,3.599785804748535,11.537495357001958,0.6812820769677741,0.9999568462371826,-9.712656711693853,,11.537495357001958,13.952235221862793,16.036239624023438,14.397716522216797,15.63166618347168,11.059004645762142,11.059004645762142,,,2.0,0.0005136728286743164,"L1a wrong partner chosen, near-tie (margin < 0.1)",True
6bba_7af54fde,6bba,53000863,54000879,52,0.9084026158592896,wrong_link_parent,False,True,11.143745089521293,82.875,6492,6601,6595.0,1.4865102846430034,2,0.8226187825202942,0.9922637939453125,4,0.9922637939453125,,1.1813425980508327,0.42614475823938847,7.47248801226736,0.902298449727102,,,7.012357234954834,5.907325267791748,,,,,,11.143745089521293,8.29244613647461,,7.451928615570068,7.289133071899414,7.324213798402747,7.324213798402747,3.0,,1.0,0.1696450114250183,"L1b wrong partner chosen, intermediate margin",False
6bba_7af54fde,6bba,2000025,3000042,1,3.65625,wrong_link_parent,False,True,8.23756209677307,69.875,197,314,318.0,3.059354577966818,2,0.9376791715621948,0.9767228960990906,9,0.9767228960990906,,2.917856109328568,-2.4937471030279994,3.389811163375761,0.9196554566686799,,,7.686540603637695,8.521760940551758,,,,,,8.23756209677307,6.792266845703125,,6.805397033691406,6.914239883422852,6.085150561429059,6.085150561429059,,,2.0,0.03904372453689575,"L1a wrong partner chosen, near-tie (margin < 0.1)",False
6bba_7af54fde,6bba,82001242,83001253,81,0.9084026158592896,unlinked,False,True,9.324177786654134,94.25,9330,9421,,,1,0.310749888420105,0.310749888420105,4,,,,0.11108030378818512,0.42538776670857403,,,,6.002857208251953,5.973490238189697,,,,,,9.324177786654134,6.56217098236084,,,6.694252014160156,,12.37147554133447,,,,,L3 true pair scored below 0.5; cell left unlinked,False
6bba_7af54fde,6bba,40000684,41000697,39,2.2980970388562794,wrong_link_child,False,True,8.333950342422062,76.375,5090,5179,,,1,0.9181190729141235,0.9181190729141235,4,,,,-6.55489113368094,2.285115787295242,,5083.0,,5.6810994148254395,4.815319538116455,8.333950342422062,2.1220840899295967,0.9815473556518555,-7.2580931056290865,,8.333950342422062,7.369896411895752,7.576774597167969,,7.765743255615234,,13.637582585936064,,,,,L2 true target stolen by an unannotated competitor; cell left unlinked,True
6bba_7af54fde,6bba,4000065,5000083,3,1.284675299443404,wrong_link_parent,False,True,10.107962267800525,89.375,432,576,549.0,0.8155692742320855,2,0.06130209565162659,0.9881033301353455,5,0.9881033301353455,,0.09176462655887008,9.24687526607886,5.188544711098918,0.8103903345820221,,,9.876667022705078,9.323792457580566,,,,,,10.107962267800525,7.108695030212402,,7.22239875793457,6.4780755043029785,10.150138891004168,10.114505802482437,,,1.0,0.9268012344837189,"L1b wrong partner chosen, confident (margin > 0.5)",True
6bba_7af54fde,6bba,85001275,86001291,84,0.8125,wrong_link_child,False,True,6.264088907702694,74.75,9584,9681,,,1,0.250736266374588,0.250736266374588,7,,,,-8.780798096209764,3.367874899252598,,9580.0,,7.540774822235107,7.190542697906494,6.264088907702694,3.165724329854686,0.9734656810760498,-5.868654303019866,,6.264088907702694,7.63355827331543,7.817141532897949,,7.824561595916748,,9.593225665192064,,,,,L2 true target stolen by an unannotated competitor; cell left unlinked,True
6bba_7af54fde,6bba,8000126,9000143,7,1.625,wrong_link_both,False,True,8.435734962547418,68.25,918,1026,1055.0,2.682321282334692,2,0.848678469657898,0.9877418279647827,6,0.9877418279647827,,2.563191119581461,-6.899197027087212,4.19667553022244,0.7905053738997376,914.0,,7.57757568359375,7.435757637023926,8.435734962547418,0.869270214644495,0.9904345273971558,-7.40039579407312,,8.435734962547418,7.282867431640625,7.323369026184082,7.049291610717773,7.784384727478027,10.394884441637554,8.261748395356546,,,2.0,0.13906335830688477,"L1b wrong partner chosen, intermediate margin",True
6bba_7af54fde,6bba,74001137,75001151,73,1.284675299443404,wrong_link_child,False,True,5.596150946575649,95.875,8515,8629,,,4,0.05172073468565941,0.9781700372695923,5,,,,4.8917033292818815,9.62281222759025,,8527.0,,7.15317440032959,6.752470970153809,10.505797273911536,0.5433123319822016,0.9756902456283569,4.8917033292818815,,5.596150946575649,7.527759552001953,7.188309669494629,,7.022099494934082,,12.304250051312657,,,,,L2 true target stolen by an unannotated competitor; cell left unlinked,True
6bba_7af54fde,6bba,3000041,4000057,2,2.0714766773970688,wrong_link_parent,False,True,8.912942064909046,65.0,353,426,459.0,3.86322238256254,2,0.013082599267363548,0.9062050580978394,5,0.9062050580978394,,3.624092001700774,-6.690242604119703,8.275824000894017,1.3380748635037811,,,6.167295455932617,6.77839469909668,,,,,,8.912942064909046,5.8075079917907715,,6.525918483734131,7.217072486877441,12.615202560839371,6.600422333814265,,,1.0,0.8931224588304758,"L1b wrong partner chosen, confident (margin > 0.5)",True
6bba_7af54fde,6bba,81001232,82001242,80,1.6750116604071745,wrong_link_parent,False,True,10.047156500044581,95.875,9220,9330,9317.0,0.2875847532652651,4,0.005726165138185024,0.9765896201133728,5,0.9765896201133728,,0.0,-14.072731677442789,3.072752482414873,0.2875847532652651,,,6.383809566497803,6.002857208251953,,,,,,10.047156500044581,7.096654415130615,,7.199715614318848,6.56217098236084,14.403470860726275,9.324177786654134,,,1.0,0.9708634549751878,"L1b wrong partner chosen, confident (margin > 0.5)",True
6bba_7af54fde,6bba,37000630,38000651,36,4.942244555867304,wrong_link_child,False,True,9.205844087162898,89.375,4784,4895,,,1,0.9189627170562744,0.9189627170562744,9,,,,3.40650712326169,3.1135753342782575,,4797.0,,5.733597278594971,5.945866584777832,9.205844087162898,5.2422292026658885,0.9228313565254211,7.647286079823971,,9.205844087162898,6.474882125854492,6.0332231521606445,,6.748322486877441,,10.156571844589136,,,,,L2 true target stolen by an unannotated competitor; cell left unlinked,True
6bba_7af54fde,6bba,92001395,93001410,91,1.7235727791422095,wrong_link_parent,False,True,12.882226134414957,92.625,10338,10441,10436.0,0.7058707382705965,2,0.8647303581237793,0.963265597820282,5,0.963265597820282,,-0.23588159307837486,-6.081660846248269,2.9410818094388484,0.6652919458354242,,,7.45819616317749,7.429272174835205,,,,,,12.882226134414957,6.862787246704102,,6.953911304473877,6.889566421508789,6.4157212184327745,6.4157212184327745,,,1.0,0.09853523969650269,"L1a wrong partner chosen, near-tie (margin < 0.1)",True
6bba_7af54fde,6bba,27000423,28000448,26,2.03125,wrong_link_parent,False,True,9.4409925194386,66.625,3359,3496,3497.0,3.03307054057866,2,0.9815526604652405,0.992038369178772,7,0.992038369178772,,2.797936004586518,-6.330774560570717,1.8543695377399352,1.170927418059958,,,6.242592811584473,6.439382553100586,,,,,,9.4409925194386,8.42153549194336,,7.789801597595215,7.807979583740234,9.226976184788068,8.327472019522618,,,2.0,0.010485708713531494,"L1a wrong partner chosen, near-tie (margin < 0.1)",True
6bba_7af54fde,6bba,21000334,22000347,20,1.284675299443404,wrong_link_both,False,True,7.745241636334132,63.375,2572,2698,2718.0,7.353040378686341,2,0.8189413547515869,0.8928840160369873,5,0.8928840160369873,,7.22444755397737,-1.6277335621416569,7.3903302661393315,1.3691458470236675,2568.0,,6.124881267547607,5.8864288330078125,7.745241636334131,2.983909992836103,0.9966378211975098,-4.1228267550468445,,7.745241636334132,8.320990562438965,8.487164497375488,7.9564208984375,9.040904998779297,11.707182034835245,11.707182034835245,,,2.0,0.07394266128540039,"L1a wrong partner chosen, near-tie (margin < 0.1)",False
6bba_7af54fde,6bba,20000324,21000337,19,1.8168052317185792,wrong_link_both,False,True,8.143262922354062,79.625,2483,2597,2647.0,4.473167122265161,2,0.9310264587402344,0.9520121216773987,7,0.9520121216773987,,3.0077672274783254,-3.7103416230529547,4.059262040803754,3.310975748781819,2489.0,,5.567905426025391,5.652142524719238,8.143262922354062,4.898886106383412,0.9120909571647644,-3.4495494461152703,,8.143262922354062,6.796164035797119,6.700985908508301,6.3642072677612305,7.345845699310303,8.47882346818719,8.47882346818719,,,1.0,0.020985662937164307,"L1a wrong partner chosen, near-tie (margin < 0.1)",True
6bba_7af54fde,6bba,92001388,93001407,91,2.03125,wrong_link_child,False,True,5.4588235551679904,69.875,10335,10433,,,1,0.8481917381286621,0.8481917381286621,6,,,,-6.743578474968672,1.3052313949077077,,10351.0,,6.963921546936035,7.818850517272949,10.120523806209922,3.4192870124015813,0.9125984907150269,-9.621485495008528,,5.4588235551679904,7.102013111114502,6.7152509689331055,,7.15920352935791,,8.537361598638979,,,,,L2 true target stolen by an unannotated competitor; cell left unlinked,True
6bba_7af54fde,6bba,55000889,56000902,54,0.0,wrong_link_parent,False,True,9.929712269734127,78.0,6675,6785,6770.0,0.009837180541893267,2,0.8759055733680725,0.9723449945449829,4,0.9723449945449829,,-0.009667279198765755,6.073642905801535,0.7765585486113659,0.001820393887848027,,,6.997036933898926,6.997036933898926,,,,,,9.929712269734127,7.921196937561035,,7.888206958770752,7.4207353591918945,6.132800649666391,6.132800649666391,,2.0,1.0,0.0964394211769104,"L1a wrong partner chosen, near-tie (margin < 0.1)",True
6bba_7af54fde,6bba,1000007,2000025,0,3.447145558284419,wrong_link_both,False,True,7.6139664936726925,66.625,64,197,180.0,7.796448531007476,2,0.25505733489990234,0.7679688334465027,6,0.7679688334465027,,-7.743749925866723,5.379177472554147,6.399520002662215,0.9049567847625413,69.0,,7.9042768478393555,7.686540603637695,7.6139664936726925,1.2638071716438264,0.9754383563995361,5.054812550544739,,7.6139664936726925,6.969638347625732,6.83566951751709,7.270805835723877,6.792266845703125,15.0075373302317,8.23756209677307,,,1.0,0.5129114985466003,"L1b wrong partner chosen, confident (margin > 0.5)",True
6bba_7af54fde,6bba,83001253,84001264,82,1.8168052317185792,wrong_link_child,False,True,12.37147554133447,94.25,9421,9511,,,3,0.002165228361263871,0.3855297565460205,6,,,,13.961651373654604,2.1455743456621272,,9413.0,,5.973490238189697,6.683450698852539,14.364615426804766,1.6784034500649407,0.9812337756156921,13.961651373654604,,12.37147554133447,6.694252014160156,7.12256383895874,,6.958575248718262,,10.686623402253494,,,,,L2 true target stolen by an unannotated competitor; cell left unlinked,True
6bba_7af54fde,6bba,95001444,96001460,94,0.0,wrong_link_parent,False,True,10.084749112578345,92.625,10615,10726,10725.0,3.269574263171626,2,0.9730342626571655,0.9919134378433228,5,0.9919134378433228,,-3.2656551036052406,6.241459655109793,2.3204274011605626,0.1600393910614762,,,9.318939208984375,8.95590877532959,,,,,,10.084749112578345,8.254510879516602,,7.866921424865723,7.83722448348999,9.75012333234674,9.75012333234674,,,1.0,0.018879175186157227,"L1a wrong partner chosen, near-tie (margin < 0.1)",True
6bba_7af54fde,6bba,90001355,91001372,89,0.0,wrong_link_both,False,True,6.2685397768075894,69.875,10119,10228,10234.0,3.2538621726999892,3,0.06776965409517288,0.9430405497550964,8,0.9430405497550964,,-3.2471496700309217,2.9272282272577286,9.105542814210501,0.20889724590327122,10124.0,,5.698449611663818,6.467132091522217,10.212172073960174,0.8481697170969837,0.9776322841644287,3.58836467564106,,6.2685397768075894,7.546905994415283,7.42157506942749,7.155744552612305,7.270818710327148,10.998582952821437,8.172802877517112,,,1.0,0.8752708956599236,"L1b wrong partner chosen, confident (margin > 0.5)",False
6bba_7af54fde,6bba,25000394,26000410,24,2.03125,wrong_link_parent,False,True,11.907774971975766,82.875,3159,3318,3270.0,4.788963641449773,2,0.12724943459033966,0.8902111053466797,3,0.8902111053466797,,-4.187230002135038,8.488246943801641,3.1912547408989376,2.3240649019225086,,,5.206486225128174,5.093091011047363,,,,,,11.907774971975766,6.7207794189453125,,6.852572917938232,5.544589996337891,13.803124822281045,9.785554806817471,,,1.0,0.76296167075634,"L1b wrong partner chosen, confident (margin > 0.5)",True
6bba_7af54fde,6bba,91001378,92001395,90,1.8168052317185792,wrong_link_child,False,True,6.628500646495202,91.0,10251,10338,,,1,0.6799031496047974,0.6799031496047974,3,,,,6.129874233156443,2.726054798107783,,10241.0,,7.4142632484436035,7.45819616317749,6.628500646495202,0.5137650939633515,0.9630827903747559,6.101457272889093,,6.628500646495202,6.7153520584106445,6.910190582275391,,6.862787246704102,,12.882226134414957,,,,,L2 true target stolen by an unannotated competitor; cell left unlinked,True
6bba_7af54fde,6bba,7000111,8000132,6,2.6012692214570947,wrong_link_parent,False,True,9.250870598141255,79.625,806,923,949.0,0.20407756031651997,2,0.15089674293994904,0.9084007143974304,8,0.9084007143974304,,0.18652569875121117,5.808617457747459,6.401029526862536,0.08279984498847365,,,5.428990840911865,6.136606216430664,,,,,,9.250870598141255,6.644056797027588,,6.508678913116455,7.190098762512207,8.51216766798175,8.51216766798175,,,1.0,0.7575039714574814,"L1b wrong partner chosen, confident (margin > 0.5)",True
6bba_7af54fde,6bba,6000095,7000111,5,1.4647552056572457,unlinked,False,True,11.475855756929803,79.625,687,806,,,2,0.025815412402153015,0.1744745671749115,5,,,,-5.998541742563248,6.800461444568815,,,,5.2180609703063965,5.428990840911865,,,,,,11.475855756929803,6.666592597961426,,,6.644056797027588,,9.250870598141255,,,,,L3 true pair scored below 0.5; cell left unlinked,True
6bba_7af54fde,6bba,26000409,27000424,25,0.9084026158592896,wrong_link_child,False,True,8.58366864969719,74.75,3266,3380,,,1,0.8051231503486633,0.8051231503486633,7,,,,-2.6309599727392197,5.165371427757135,,3254.0,,3.512848377227783,3.902592658996582,8.58366864969719,4.909043941618572,0.9289630651473999,0.472841065376997,,8.58366864969719,6.975611686706543,7.379059314727783,,7.4586029052734375,,10.101077598356465,,,,,L2 true target stolen by an unannotated competitor; cell left unlinked,False
6bba_7af54fde,6bba,87001304,88001322,86,0.0,wrong_link_both,False,True,8.567306643184526,69.875,9804,9904,9901.0,3.7118519959859104,3,0.12498253583908081,0.9854700565338135,7,0.9854700565338135,,3.0784391071647406,-2.777602130547166,8.062613133437125,2.0738992028503556,9810.0,,6.572868347167969,6.418759346008301,8.567306643184526,0.2256924355503825,0.8946035504341125,-2.9985830495133996,,8.567306643184526,7.472610950469971,7.313534736633301,7.697442054748535,7.6220703125,8.379414469873856,8.379414469873856,,,1.0,0.8604875206947327,"L1b wrong partner chosen, confident (margin > 0.5)",False
6bba_7af54fde,6bba,3000049,4000065,2,1.6750116604071745,wrong_link_child,False,True,8.05899734604362,89.375,335,432,,,1,0.3526095449924469,0.3526095449924469,5,,,,-6.416591794695705,4.562673160980467,,325.0,,9.843396186828613,9.876667022705078,8.482564661611805,0.9884887780851765,0.984265923500061,-7.204460914246738,,8.05899734604362,6.489809989929199,6.722922325134277,,7.108695030212402,,10.107962267800525,,,,,L2 true target stolen by an unannotated competitor; cell left unlinked,True
6bba_7af54fde,6bba,18000289,19000307,17,4.89189779763437,wrong_link_parent,False,True,11.972697136613432,73.125,2247,2381,2363.0,4.332591206177165,2,0.10974637418985367,0.9309036135673523,5,0.9309036135673523,,3.274047610349953,8.860649456270039,3.0082460288313917,2.8375973648503177,,,5.057618618011475,5.261547565460205,,,,,,11.972697136613432,6.046616554260254,,6.529233932495117,6.171136856079102,5.9553837916088,5.9553837916088,,,1.0,0.8211572393774986,"L1b wrong partner chosen, confident (margin > 0.5)",True
6bba_7af54fde,6bba,1000012,2000028,0,1.21875,wrong_link_child,False,True,6.176395196056386,82.875,28,161,,,2,0.20111118257045746,0.9921597838401794,5,,,,10.35815280303359,2.6081614090544423,,44.0,,7.004779815673828,7.306666374206543,13.48171177075726,2.9795109171926253,0.9896625280380249,13.295462980866432,,6.176395196056386,8.115864753723145,7.5975213050842285,,7.757702350616455,,6.526852172376132,,,,,L2 true target stolen by an unannotated competitor; cell left unlinked,True
6bba_7af54fde,6bba,87001311,88001328,86,2.368824207280903,wrong_link_both,False,True,10.281173472684122,94.25,9827,9921,9930.0,2.8021906391567777,2,0.03749648481607437,0.615009605884552,7,0.615009605884552,,-2.655483989045024,10.113312419503927,3.066827386686181,0.8948056560524178,9816.0,,6.478604316711426,7.397364616394043,10.666911637780197,0.26087732942542463,0.9877032041549683,10.275284729897976,,10.281173472684122,6.746726989746094,7.051136016845703,6.848213195800781,7.213684558868408,13.352875917833135,9.42783598147066,,,1.0,0.5775131210684776,"L1b wrong partner chosen, confident (margin > 0.5)",True
6bba_7af54fde,6bba,76001165,77001180,75,0.9084026158592896,wrong_link_parent,False,True,13.212597120679495,95.875,8738,8839,8843.0,0.6879827689594629,2,0.01785406284034252,0.9708306789398193,4,0.9708306789398193,,0.0,-5.161024818196893,8.802708076034154,0.6879827689594629,,,6.610039234161377,7.0122222900390625,,,,,,13.212597120679495,6.849697589874268,,6.890490531921387,7.168857097625732,10.017175790289743,5.730622222493892,,,1.0,0.9529766160994768,"L1b wrong partner chosen, confident (margin > 0.5)",True
6bba_7af54fde,6bba,33000550,34000570,32,2.2980970388562794,unlinked,False,True,10.746483664718621,73.125,4188,4346,,,2,0.08486193418502808,0.44544103741645813,8,,,,6.514971501193941,6.972491516043164,,,,5.45206356048584,5.740641117095947,,,,,,10.746483664718621,7.336919784545898,,,6.776884078979492,,7.4266382664520085,,,,,L3 true pair scored below 0.5; cell left unlinked,True
6bba_7af54fde,6bba,25000391,26000409,24,2.7252078475778685,wrong_link_parent,False,True,10.790330679676979,76.375,3125,3266,3254.0,4.399591907820083,2,0.49874821305274963,0.9531781077384949,7,0.9531781077384949,,3.0937940310686827,2.6209529656916857,5.5767085073082265,3.1280740797941062,,,4.643123149871826,3.512848377227783,,,,,,10.790330679676979,7.3758392333984375,,7.379059314727783,6.975611686706543,8.58366864969719,8.58366864969719,,,1.0,0.45442989468574524,"L1b wrong partner chosen, intermediate margin",False
6bba_7af54fde,6bba,86001295,87001311,85,1.8168052317185792,wrong_link_both,False,True,8.881870022498166,95.875,9718,9827,9816.0,0.759333618453115,2,0.07012206315994263,0.9870797991752625,4,0.9870797991752625,,0.31006378098390996,-9.965220948914066,3.3547091441912498,0.6931435607686641,9717.0,,7.098604202270508,6.478604316711426,10.509911222186487,0.2220400118972859,0.5909537672996521,-9.977865169057623,,8.881870022498166,6.834726333618164,6.875760555267334,7.051136016845703,6.746726989746094,10.666911637780197,10.281173472684122,,,1.0,0.9169577360153198,"L1b wrong partner chosen, confident (margin > 0.5)",True
6bba_7af54fde,6bba,78001194,79001207,77,1.7235727791422095,wrong_link_child,False,True,7.188441144287313,95.875,8960,9033,,,3,0.03536147624254227,0.17073729634284973,7,,,,10.386524715460837,1.4120098223493063,,8946.0,,6.568941116333008,6.713725566864014,11.404368718178828,1.1148232612557403,0.9775791764259338,11.307474319823086,,7.188441144287313,6.06474494934082,6.767660140991211,,7.170837879180908,,10.398353393136762,,,,,L2 true target stolen by an unannotated competitor; cell left unlinked,True
6bba_7af54fde,6bba,4000064,5000082,3,0.40625,wrong_link_child,False,True,7.145122137724468,87.75,456,561,,,1,0.597114622592926,0.597114622592926,10,,,,-6.606395861133933,1.9741374836566592,,420.0,,6.541110992431641,6.680122375488281,7.145122137724468,0.8693034243251221,0.9622971415519714,-6.998549019917846,,7.145122137724468,6.585991382598877,7.357007026672363,,6.876880168914795,,8.98833035531328,,,,,L2 true target stolen by an unannotated competitor; cell left unlinked,True
6bba_7af54fde,6bba,56000902,57000915,55,0.40625,wrong_link_child,False,True,6.132800649666391,78.0,6785,6864,,,1,0.8742261528968811,0.8742261528968811,5,,,,-6.13426560908556,1.2735112707269096,,6770.0,,6.997036933898926,6.6846089363098145,6.132800649666391,0.7621011483158281,0.97847980260849,-6.0833101850003,,6.132800649666391,7.4207353591918945,7.888206958770752,,8.094690322875977,,9.794103015648817,,3.0,,,L2 true target stolen by an unannotated competitor; cell left unlinked,True
6bba_7af54fde,6bba,77001180,78001194,76,1.625,wrong_link_parent,False,True,5.730622222493892,95.875,8839,8960,8922.0,1.894751996997315,5,0.026671141386032104,0.9918574690818787,7,0.9918574690818787,,1.5403120461851358,-6.1464495016261935,9.32988853791096,1.1034146684280908,,,7.0122222900390625,6.568941116333008,,,,,,5.730622222493892,7.168857097625732,,7.476634979248047,6.06474494934082,12.005299144778709,7.188441144287313,,,2.0,0.9651863276958466,"L1b wrong partner chosen, confident (margin > 0.5)",True
6bba_7af54fde,6bba,7000109,8000126,6,2.2980970388562794,wrong_link_both,False,True,8.965166045646187,66.625,789,918,914.0,1.838859571788897,2,0.7137593030929565,0.9891570806503296,6,0.9891570806503296,,-1.1253205223474652,6.275075271725655,4.652657655612689,1.4543239827298706,799.0,,8.107522964477539,7.57757568359375,10.393878052872166,3.20330870269237,0.9876734614372253,9.334418501704931,,8.965166045646187,7.304515838623047,6.9598870277404785,7.323369026184082,7.282867431640625,8.435734962547418,8.435734962547418,,,1.0,0.27539777755737305,"L1b wrong partner chosen, intermediate margin",True
6bba_7af54fde,6bba,6000100,7000117,5,0.8125,wrong_link_both,False,True,8.95648855228995,89.375,690,778,818.0,6.202284555196808,2,0.10166218131780624,0.8011130094528198,7,0.8011130094528198,,3.996909037232399,-8.722288824617863,4.587576434250818,4.742684034565538,668.0,,9.198908805847168,8.918654441833496,9.837308939709501,0.6330443690408109,0.9912341237068176,-8.700691480189562,,8.95648855228995,6.6495208740234375,7.257190704345703,6.442519664764404,7.653951168060303,13.84406390593259,10.042353312438575,,,2.0,0.6994508281350136,"L1b wrong partner chosen, confident (margin > 0.5)",True
6bba_7af54fde,6bba,56000905,57000916,55,7.001185725468223,division_second_child,True,True,9.518966617452266,81.25,6801,6886,6893.0,2.329047128718805,3,0.017693957313895226,0.9798451066017151,4,0.9798451066017151,57000917.0,-0.1415115650743246,-0.4124514376744628,10.754920267862307,2.3247440729558866,6775.0,,5.490041255950928,6.6734161376953125,9.518966617452266,1.2534751079177244,0.9743756055831909,-0.4273096276447177,,9.518966617452266,7.012855052947998,7.630705833435059,7.160145282745361,7.370992660522461,12.419797413146707,11.208116444116289,0.0,,1.0,0.9621511492878199,L4 division (second child never linked),False
6bba_7af54fde,6bba,18000295,19000310,17,4.394265616971737,wrong_link_both,False,True,7.676681658494452,82.875,2201,2322,2356.0,2.194522725614852,3,0.11578688770532608,0.9603807330131531,10,0.9603807330131531,,0.07035250402987003,5.742421425879002,7.240244759015445,2.1933947475128055,2219.0,,5.875,5.086785316467285,7.676681658494452,6.831430813182932,0.6922621130943298,-0.30036245938390493,,7.676681658494452,7.3230414390563965,6.967408657073975,6.6034040451049805,7.281777858734131,8.985963894181678,8.03971731550759,,,1.0,0.844593845307827,"L1b wrong partner chosen, confident (margin > 0.5)",True
6bba_7af54fde,6bba,3000047,4000064,2,1.86167137607581,wrong_link_parent,False,True,11.464337593081046,86.125,321,456,420.0,2.6150046739915083,2,0.06890260428190231,0.9505905508995056,6,0.9505905508995056,,2.5557922925800085,9.554341312497854,1.5857325248331744,0.5533310059865227,,,5.5376105308532715,6.541110992431641,,,,,,11.464337593081046,6.777616024017334,,7.357007026672363,6.585991382598877,7.145122137724468,7.145122137724468,,,1.0,0.8816879466176033,"L1b wrong partner chosen, confident (margin > 0.5)",True
6bba_7af54fde,6bba,21000340,22000354,20,1.21875,wrong_link_child,False,True,8.209851140210997,92.625,2654,2730,,,1,0.8365781307220459,0.8365781307220459,7,,,,-6.1727014081552625,1.6932236052025522,,2611.0,,5.259999752044678,5.631190776824951,9.476383534952726,4.818657847701403,0.9434410333633423,-9.132531522773206,,8.209851140210997,6.0607147216796875,7.013795852661133,,7.4662370681762695,,11.668224034170324,,,,,L2 true target stolen by an unannotated competitor; cell left unlinked,True
6bba_7af54fde,6bba,32000533,33000550,31,2.1877232028983924,wrong_link_both,False,True,7.564713753003066,74.75,4078,4188,4195.0,3.7572362522988527,4,0.10708805173635483,0.9860504269599915,9,0.9860504269599915,,3.2912514729541726,-6.420917645737063,8.956856743591219,1.812315645070063,4071.0,,5.49937105178833,5.45206356048584,12.939424452638736,3.4972681802563557,0.9656881093978882,-9.359627191151958,,7.564713753003066,7.250679016113281,7.391443729400635,7.1766581535339355,7.336919784545898,13.447051015442463,10.746483664718621,,,1.0,0.8789623752236366,"L1b wrong partner chosen, confident (margin > 0.5)",True
6bba_7af54fde,6bba,36000605,37000621,35,2.368824207280903,wrong_link_both,False,True,9.881897097256381,69.875,4585,4732,4734.0,1.512133157659849,2,0.9639942049980164,0.9897078275680542,6,0.9897078275680542,,0.07189457323693205,-6.393084049967001,0.7928725522853508,1.5104230721335745,4579.0,,5.180323123931885,5.308778762817383,9.881897097256381,3.8162397585744534,0.9853118658065796,-9.717488135487656,,9.881897097256381,7.666896820068359,7.79425048828125,7.401052951812744,7.418454647064209,6.616666900999923,6.616666900999923,,,1.0,0.025713622570037842,"L1a wrong partner chosen, near-tie (margin < 0.1)",True
6bba_7af54fde,6bba,19000311,20000326,18,1.21875,wrong_link_parent,False,True,7.819518333732469,94.25,2351,2496,2474.0,2.9830298582075327,2,0.8262324929237366,0.960406482219696,14,0.960406482219696,,-2.522079885005951,6.536584112793207,0.8725276006661713,1.5929784018014883,,,5.476309776306152,5.310678482055664,,,,,,7.819518333732469,6.728187561035156,,7.025763511657715,6.621577739715576,9.28627492704357,8.901440837200369,,,2.0,0.13417398929595947,"L1b wrong partner chosen, intermediate margin",True
6bba_7af54fde,6bba,54000879,55000892,53,1.7235727791422095,wrong_link_parent,False,True,7.324213798402747,82.875,6601,6704,6681.0,3.8082919318947432,2,0.33292335271835327,0.9810171723365784,6,0.9810171723365784,,-3.2300253100693226,-2.7830628864467144,7.488064740190323,2.0174300322058683,,,5.907325267791748,5.490041255950928,,,,,,7.324213798402747,7.289133071899414,,7.6230974197387695,7.0251288414001465,9.484272261205618,9.484272261205618,2.0,,1.0,0.6480938196182251,"L1b wrong partner chosen, confident (margin > 0.5)",False
6bba_7af54fde,6bba,37000621,38000646,36,6.423376497217021,wrong_link_both,False,True,6.616666900999923,69.875,4732,4872,4876.0,2.1909975093247267,2,0.11028329282999039,0.9800770878791809,5,0.9800770878791809,,0.006268245168030262,9.225312711670995,5.473580549771728,2.190988542865907,4734.0,,5.308778762817383,5.90013313293457,6.616666900999923,5.177819950709134,0.9727182984352112,6.464978623203933,,6.616666900999923,7.418454647064209,7.401052951812744,7.3790717124938965,7.48860502243042,9.831048897139148,9.485021035849464,,,2.0,0.8697937950491905,"L1b wrong partner chosen, confident (margin > 0.5)",True
6bba_7af54fde,6bba,45000759,46000771,44,1.86167137607581,wrong_link_child,False,True,8.961338664710137,86.125,5718,5852,,,1,0.8958342671394348,0.8958342671394348,5,,,,-6.036963049322367,2.01423958171661,,5713.0,,5.698947429656982,8.248514175415039,8.961338664710137,2.6694354909510842,0.9798499345779419,-8.70277614519,,8.961338664710137,7.888592720031738,7.974335670471191,,7.451383590698242,,9.708812682229457,,,,,L2 true target stolen by an unannotated competitor; cell left unlinked,True
6bba_7af54fde,6bba,23000360,24000375,22,2.2980970388562794,wrong_link_parent,False,True,12.971476018112142,63.375,2828,2976,2958.0,0.9805953275546074,2,0.27968695759773254,0.9956181049346924,6,0.9956181049346924,,0.09490066207945347,4.753665581345558,7.575413909184024,0.9759923466702027,,,5.7186784744262695,5.861697196960449,,,,,,12.971476018112142,9.139771461486816,,8.987632751464844,8.064692497253418,9.167262291110289,7.052304222988607,,,1.0,0.7159311473369598,"L1b wrong partner chosen, confident (margin > 0.5)",True
6bba_7b5d3b2c,6bba,17000114,18000119,16,2.03125,wrong_link_both,False,True,5.993126834390903,21.125,1158,1239,1241.0,0.7659684597551292,2,0.9914736747741699,0.9946262240409851,3,0.9946262240409851,,-0.20372471772134304,0.09818059462122619,5.96509067670725,0.7383792526398639,1166.0,,3.5358076095581055,3.829690933227539,5.993126834390903,1.126924615836048,0.9969633221626282,-0.023846534080803394,,5.993126834390903,9.312858581542969,8.772076606750488,8.494560241699219,8.757214546203613,6.258753420411573,6.258753420411573,,,3.0,0.0031525492668151855,"L1a wrong partner chosen, near-tie (margin < 0.1)",False
6bba_7b5d3b2c,6bba,34000222,35000229,33,2.569350598886808,wrong_link_parent,False,True,21.66317649120263,6.5,2412,2483,2481.0,4.00242316742308,2,0.9982719421386719,0.9990978240966797,2,0.9990978240966797,,2.9261974170221947,-0.36277649155817926,6.200483738211333,2.7307068476381056,,,7.064484596252441,6.612023830413818,,,,,,21.66317649120263,11.690703392028809,,11.221230506896973,10.79755687713623,9.511491643380985,9.511491643380985,,,1.0,0.0008258819580078125,"L1a wrong partner chosen, near-tie (margin < 0.1)",False
6bba_7b5d3b2c,6bba,85000516,86000521,84,0.8125,wrong_link_child,False,True,3.7704862905254055,45.5,5956,6011,,,1,0.9996662139892578,0.9996662139892578,1,,,,-2.9566984619013965,2.685455668217261,,5958.0,,7.2679362297058105,7.6906023025512695,3.770486290525406,2.78622451100923,0.9997121691703796,-0.40382652124390006,,3.7704862905254055,14.14732837677002,13.847192764282227,,14.773736000061035,,19.55050588267567,,,,,L2 true target stolen by an unannotated competitor; cell left unlinked,False
6bba_7b5d3b2c,6bba,16000109,17000114,15,1.4647552056572457,wrong_link_parent,False,True,21.49691349745974,21.125,1082,1158,1166.0,1.185277453521336,2,0.9964408278465271,0.9983097314834595,3,0.9983097314834595,,-0.16253814537776634,-0.13869161129696295,5.504226090305239,1.1740800624843173,,,3.9297871589660645,3.5358076095581055,,,,,,21.49691349745974,10.337974548339844,,8.772076606750488,9.312858581542969,5.993126834390903,5.993126834390903,,,1.0,0.001868903636932373,"L1a wrong partner chosen, near-tie (margin < 0.1)",False
6bba_7b5d3b2c,6bba,84000511,85000516,83,0.9084026158592896,wrong_link_parent,False,True,21.140945806213832,45.5,5896,5956,5958.0,1.5192375425973486,2,0.9997605681419373,0.9997850060462952,2,0.9997850060462952,,-0.04919051006436348,0.3546360111795366,2.284218177727634,1.5184409782921555,,,7.480154991149902,7.2679362297058105,,,,,,21.140945806213832,15.074993133544922,,13.847192764282227,14.14732837677002,3.770486290525406,3.7704862905254055,,,1.0,2.4437904357910156e-05,"L1a wrong partner chosen, near-tie (margin < 0.1)",False
6bba_aeee7805,6bba,93000839,94000846,92,2.8726212985703494,wrong_link_child,False,True,4.3117634146055765,1.625,5305,5377,,,1,0.9975787997245789,0.9975787997245789,1,,,,0.16481302119791508,4.663104759263775,,5306.0,,3.2445390224456787,3.3060994148254395,4.311763414605577,0.4085217877647865,0.9982337951660156,0.16487655974924564,,4.3117634146055765,10.8535737991333,10.824183464050293,,11.513842582702637,,38.96044330501765,,,,,L2 true target stolen by an unannotated competitor; cell left unlinked,False
6bba_aeee7805,6bba,78000736,79000742,77,0.9084026158592896,wrong_link_both,False,True,13.805520513886922,69.875,4430,4490,4491.0,1.051308421244713,2,0.9995822310447693,0.999942421913147,2,0.999942421913147,,0.03677091468125582,-0.3518687002360821,7.85507294717026,1.050665168554452,4429.0,,7.851884365081787,12.29797077178955,13.805520513886922,5.959785119178828,0.9991745352745056,-0.2656678073108196,,13.805520513886922,15.231779098510742,16.621292114257812,14.449312210083008,16.344560623168945,8.673567685198668,8.673567685198668,,,2.0,0.00036019086837768555,"L1a wrong partner chosen, near-tie (margin < 0.1)",False
6bba_aeee7805,6bba,83000769,84000776,82,6.107276653713994,wrong_link_both,False,True,12.045971687304718,1.625,4735,4794,4795.0,0.5255048262716517,2,0.3671323359012604,0.9877933859825134,2,0.9877933859825134,,-0.14066331088542938,-0.3664746005088091,11.58822862637492,0.5063290979250036,4740.0,,2.4817392826080322,3.5652174949645996,12.045971687304718,0.8047451000223788,0.9959957599639893,-0.39845848828554153,,12.045971687304718,10.316780090332031,9.027995109558105,9.909528732299805,10.06775951385498,12.044583154598856,12.044583154598856,,,1.0,0.620661050081253,"L1b wrong partner chosen, confident (margin > 0.5)",False
6bba_aeee7805,6bba,14000155,15000176,13,6.700046641628698,division_second_child,True,True,13.654381709111025,11.375,856,940,926.0,3.202749101736779,2,0.9892936944961548,0.9907480478286743,2,0.9907480478286743,15000177.0,-0.6381095349788666,-5.23961351091566,3.754015300728298,3.1385375623122305,,,10.663050651550293,8.781242370605469,,,,,,13.654381709111025,12.527767181396484,,10.446783065795898,7.854554176330566,8.284698289955,8.284698289955,0.0,,1.0,0.0014543533325195312,L4 division (second child never linked),True
6bba_aeee7805,6bba,77000729,78000736,76,4.737648414561806,wrong_link_parent,False,True,33.457787880951415,69.875,4378,4430,4429.0,1.064389766029939,2,0.9929890632629395,0.9996633529663086,2,0.9996633529663086,,0.10818266496062279,0.3738504722714424,14.725289675519758,1.0588777479158233,,,10.496232032775879,7.851884365081787,,,,,,33.457787880951415,15.969943046569824,,16.621292114257812,15.231779098510742,13.805520513886922,13.805520513886922,,,1.0,0.006674289703369141,"L1a wrong partner chosen, near-tie (margin < 0.1)",False
6bba_afb141ff,6bba,90000874,91000883,89,2.569350598886808,unlinked,False,True,8.927435296633192,99.125,6130,6188,,,1,0.11613387614488602,0.11613387614488602,2,,,,0.0,1.8500391452291833,,,,4.2186665534973145,4.528444290161133,,,,,,8.927435296633192,5.901700496673584,,,6.2964653968811035,,13.697934088475797,,,,,L3 true pair scored below 0.5; cell left unlinked,False
6bba_afb141ff,6bba,29000239,30000253,28,1.625,division_second_child,True,True,10.744369533041208,21.125,2217,2295,2288.0,9.73370600625337,3,0.9150187969207764,0.9902181029319763,7,0.9902181029319763,30000252.0,-7.591265359369572,0.814942418190185,1.9354667144213986,6.0924316048527345,,,35.59907913208008,19.285518646240234,,,,,,10.744369533041208,16.986021041870117,,10.544683456420898,8.65605354309082,11.621988982284707,10.499412299814765,0.0,,1.0,0.07519930601119995,L4 division (second child never linked),False
6bba_afb141ff,6bba,47000444,48000458,46,0.0,unlinked,False,True,11.556530291284613,56.875,3420,3482,,,1,0.03781077265739441,0.03781077265739441,5,,,,-0.0006935726851224899,0.007581008828077273,,,,6.16505765914917,6.16505765914917,,,,,,11.556530291284613,5.942480087280273,,,5.946051597595215,,11.592322328927116,,,,,L3 true pair scored below 0.5; cell left unlinked,False
6bba_afb141ff,6bba,45000411,46000428,44,2.9295104113144914,unlinked,False,True,9.773392275479335,58.5,3301,3366,,,1,0.11321703344583511,0.11321703344583511,4,,,,-3.3614708334207535,4.418287177345765,,,,6.18850564956665,6.517241477966309,,,,,,9.773392275479335,4.730874061584473,,,4.731429100036621,,9.795906815239327,,,,,L3 true pair scored below 0.5; cell left unlinked,True
6bba_afb141ff,6bba,78000777,79000783,77,9.967623368938053,unlinked,False,True,13.236085310985557,94.25,5374,5422,,,2,0.019471677020192146,0.35515663027763367,2,,,,4.79022615775466,7.620027342015657,,,,10.400444984436035,4.145333290100098,,,,,,13.236085310985557,6.657732009887695,,,8.12663745880127,,10.99201346771267,,,,,L3 true pair scored below 0.5; cell left unlinked,True
6bba_afb141ff,6bba,60000598,61000612,59,5.9150892850404215,wrong_link_child,False,True,9.68849917902626,27.625,4226,4247,,,1,0.009302569553256035,0.009302569553256035,4,,,,-1.395908871665597,12.864931984338686,,4184.0,,7.820689678192139,13.368444442749023,12.938678811575706,0.3445607994957272,0.999782383441925,-1.7208437155932188,,9.68849917902626,5.867134094238281,13.88041877746582,,14.30864143371582,,11.186502136429876,,,,,L2 true target stolen by an unannotated competitor; cell left unlinked,False
6bba_afb141ff,6bba,48000452,49000469,47,7.643548137154629,division_second_child,True,True,13.374983159620715,17.875,3451,3532,3513.0,4.6407300191714445,3,0.0025326707400381565,0.9944354295730591,3,0.9944354295730591,49000477.0,-0.9551228601485491,7.636438833549619,6.557896291000935,4.541378142465198,,,17.758621215820312,8.433563232421875,,,,,,13.374983159620715,10.760193824768066,,11.53672981262207,7.159606456756592,14.023067502494735,14.023067502494735,0.0,,1.0,0.9919027588330209,L4 division (second child never linked),True
6bba_afb141ff,6bba,36000308,37000321,35,1.86167137607581,unlinked,False,True,12.676004808131912,81.25,2717,2778,,,1,0.36031293869018555,0.36031293869018555,3,,,,-0.08111294778063893,0.9909990571206384,,,,5.08229923248291,5.193562984466553,,,,,,12.676004808131912,8.891840934753418,,,8.870803833007812,,13.899443884244887,,,,,L3 true pair scored below 0.5; cell left unlinked,False
6bba_afb141ff,6bba,91000883,92000892,90,0.0,unlinked,False,True,13.697934088475797,99.125,6188,6252,,,1,0.14097608625888824,0.14097608625888824,2,,,,0.0,0.13236782430924673,,,,4.528444290161133,4.528444290161133,,,,,,13.697934088475797,6.2964653968811035,,,6.379682540893555,,13.786824803878288,,,,,L3 true pair scored below 0.5; cell left unlinked,False
6bba_afb141ff,6bba,46000428,47000444,45,1.7235727791422095,unlinked,False,True,9.795906815239327,56.875,3366,3420,,,1,0.08977287262678146,0.08977287262678146,4,,,,-0.2988593149930239,1.4230561326260247,,,,6.517241477966309,6.16505765914917,,,,,,9.795906815239327,4.731429100036621,,,5.942480087280273,,11.556530291284613,,,,,L3 true pair scored below 0.5; cell left unlinked,False
6bba_afb141ff,6bba,57000562,58000572,56,3.832554834897995,wrong_link_both,False,True,11.10960083067609,13.0,4005,4071,4069.0,3.1711814099522835,2,0.7583937048912048,0.9930737018585205,3,0.9930737018585205,,-2.1943867560476065,-10.627573573961854,2.6546498552736684,2.2893357769689042,4012.0,,14.925976753234863,21.755109786987305,11.10960083067609,1.5274128221115022,0.9819059371948242,-10.35765546374023,,11.10960083067609,11.175012588500977,9.009389877319336,10.343414306640625,10.187110900878906,9.775375930930915,9.712417856582112,,8.0,3.0,0.23467999696731567,"L1b wrong partner chosen, intermediate margin",True
6bba_afb141ff,6bba,44000394,45000411,43,2.368824207280903,unlinked,False,True,9.685635006834183,58.5,3235,3301,,,1,0.10732954740524292,0.10732954740524292,6,,,,-2.3075052089989185,0.7525844893600628,,,,7.194482803344727,6.18850564956665,,,,,,9.685635006834183,4.778008937835693,,,4.730874061584473,,9.773392275479335,,,,,L3 true pair scored below 0.5; cell left unlinked,False
6bba_afb141ff,6bba,57000565,58000576,56,0.9084026158592896,wrong_link_parent,False,True,10.561950248160837,27.625,3992,4104,4055.0,2.4337418973152762,5,0.0044530173763632774,0.9998756647109985,5,0.9998756647109985,,-2.2243398558348417,-0.9087535683065653,13.78931532670137,0.9876293983536517,,,12.46298885345459,12.119111061096191,,,,,,10.561950248160837,14.603196144104004,,14.279925346374512,5.5894455909729,12.882931701189408,9.627717847599754,,,1.0,0.9954226473346353,"L1b wrong partner chosen, confident (margin > 0.5)",False
6bba_afb141ff,6bba,33000277,34000290,32,1.6750116604071745,division_second_child,True,True,12.24801720980774,82.875,2483,2561,2562.0,5.996239752008686,2,0.9967553019523621,0.997077226638794,5,0.997077226638794,34000291.0,-2.135806136764586,1.4405449824407697,0.8763672402049424,5.602965581701169,,,38.665287017822266,41.3737907409668,,,,,,12.24801720980774,16.89684295654297,,13.867321968078613,14.736557006835938,7.399391460508345,7.399391460508346,0.0,,1.0,0.00032192468643188477,L4 division (second child never linked),False
6bba_afb141ff,6bba,49000478,50000487,48,6.662995408410545,division_second_child,True,True,12.854088256172208,27.625,3530,3575,,,2,0.006835692562162876,0.16154032945632935,3,,,,-10.49404333718121,4.579449441729572,,3513.0,49000477.0,12.98206901550293,14.278619766235352,13.293758058652411,2.1462993264845003,0.9926865100860596,-11.679835353046656,False,12.854088256172208,7.225669860839844,11.53672981262207,,9.922531127929688,,11.145790007979706,0.0,,,,L4 division (second child never linked),True
6bba_afb141ff,6bba,28000217,29000232,27,0.0,unlinked,False,True,13.255582538246632,47.125,2212,2257,,,1,0.02328614890575409,0.02328614890575409,2,,,,-1.3766798274591565,0.4199536480009556,,,,6.503030300140381,7.65885066986084,,,,,,13.255582538246632,5.862581253051758,,,6.198436737060547,,14.723858296098125,,,,,L3 true pair scored below 0.5; cell left unlinked,False
6bba_afb141ff,6bba,58000576,59000588,57,2.9575446425202108,wrong_link_child,False,True,9.627717847599754,27.625,4104,4122,,,1,0.008287027478218079,0.008287027478218079,6,,,,-1.7104557920247316,12.914383121399274,,4055.0,,12.119111061096191,13.188000679016113,12.882931701189408,0.4128559832742112,0.999854564666748,-1.3155862875282764,,9.627717847599754,5.5894455909729,14.279925346374512,,14.642754554748535,,10.90531938224093,,,,,L2 true target stolen by an unannotated competitor; cell left unlinked,False
6bba_afb141ff,6bba,49000478,50000486,48,2.9295104113144914,division_second_child,True,True,12.854088256172208,27.625,3530,3592,,,1,0.16154032945632935,0.16154032945632935,3,,,,0.17533497139811516,1.286132841785061,,,,12.98206901550293,10.37517261505127,,,,,,12.854088256172208,7.225669860839844,,,7.26589822769165,,12.101536848839906,0.0,,,,L4 division (second child never linked),False
6bba_afb141ff,6bba,59000588,60000598,58,2.632800908728193,wrong_link_parent,False,True,10.90531938224093,26.0,4122,4226,4184.0,2.0349858453115512,3,0.046597253531217575,0.9997691512107849,4,0.9997691512107849,,-0.6216500718146563,1.0991936437785625,11.000211515417252,1.9377096219070598,,,13.188000679016113,7.820689678192139,,,,,,10.90531938224093,14.642754554748535,,13.88041877746582,5.867134094238281,12.938678811575706,9.68849917902626,,,1.0,0.9531718976795673,"L1b wrong partner chosen, confident (margin > 0.5)",False
6bba_afb141ff,6bba,89000865,90000874,88,0.9084026158592896,unlinked,False,True,10.049134112764662,99.125,6077,6130,,,1,0.0471290685236454,0.0471290685236454,3,,,,0.0,0.46588686103410687,,,,3.959110975265503,4.2186665534973145,,,,,,10.049134112764662,5.068697929382324,,,5.901700496673584,,8.927435296633192,,,,,L3 true pair scored below 0.5; cell left unlinked,False
6bba_c27cba08,6bba,30000201,31000209,29,2.632800908728193,wrong_link_child,False,True,12.481516181775664,8.125,1813,1866,,,1,0.8353316187858582,0.8353316187858582,1,,,,-3.099467054824345,11.607519914910958,,1802.0,,7.20068359375,8.374701499938965,12.481516181775664,2.047387053114085,0.9991231560707092,-2.767731728963554,,12.481516181775664,12.08006477355957,14.9839506149292,,15.298147201538086,,23.208745008765646,,,,,L2 true target stolen by an unannotated competitor; cell left unlinked,True
6bba_c27cba08,6bba,61000553,62000566,60,1.4647552056572457,unlinked,False,True,10.10802098358898,100.75,3855,3930,,,1,0.26562777161598206,0.26562777161598206,3,,,,0.0,1.44467600190515,,,,4.347451210021973,3.8725640773773193,,,,,,10.10802098358898,5.2231831550598145,,,5.042325019836426,,10.236603226083313,,,,,L3 true pair scored below 0.5; cell left unlinked,False
6bba_c27cba08,6bba,79000742,80000754,78,2.6012692214570947,wrong_link_parent,False,True,14.041386133814921,63.375,5129,5199,5203.0,1.6913155855728625,2,0.8361572623252869,0.9784409999847412,4,0.9784409999847412,,-0.19435402238741517,7.794688632944599,1.4411601977293378,1.680111580813461,,,11.631896018981934,11.707450866699219,,,,,,14.041386133814921,7.824542045593262,,7.84477424621582,8.23043441772461,8.055775972790592,8.055775972790592,,,1.0,0.14228373765945435,"L1b wrong partner chosen, intermediate margin",True
6bba_c27cba08,6bba,56000486,57000497,55,5.154734625807618,wrong_link_parent,False,True,7.839062092265162,99.125,3484,3571,3558.0,2.2194531228891266,2,0.34624341130256653,0.9761550426483154,3,0.9761550426483154,,-1.5585818253457546,0.0,6.300549722294916,1.5801249502505148,,,7.401599884033203,6.519216060638428,,,,,,7.839062092265162,6.5014967918396,,6.772629737854004,6.0325517654418945,7.2457733721562585,7.245773372156259,,,2.0,0.6299116313457489,"L1b wrong partner chosen, confident (margin > 0.5)",False
6bba_c27cba08,6bba,62000562,63000575,61,0.8125,unlinked,False,True,9.568100299189414,79.625,3915,3993,,,1,0.36534908413887024,0.36534908413887024,4,,,,-0.1760190399363637,4.673106246483722,,,,6.479230880737305,6.721282005310059,,,,,,9.568100299189414,6.7770843505859375,,,6.658100128173828,,9.729304142886198,,,,,L3 true pair scored below 0.5; cell left unlinked,False
6bba_c27cba08,6bba,61000548,62000562,60,1.284675299443404,unlinked,False,True,9.14393505741905,79.625,3846,3915,,,1,0.04790350794792175,0.04790350794792175,4,,,,0.727822252549231,5.49498613235452,,,,5.922875881195068,6.479230880737305,,,,,,9.14393505741905,6.830196380615234,,,6.7770843505859375,,9.568100299189414,,,,,L3 true pair scored below 0.5; cell left unlinked,False
6bba_c27cba08,6bba,69000649,70000657,68,1.7235727791422095,wrong_link_parent,False,True,14.003820201090141,82.875,4399,4497,4486.0,3.4855554663624084,2,0.8910901546478271,0.9511603116989136,5,0.9511603116989136,,-3.2822994254529476,3.1023022402077913,1.1884268996304475,1.1728629036507705,,,8.104052543640137,7.552418231964111,,,,,,14.003820201090141,8.081374168395996,,7.023138046264648,6.607514381408691,6.506003246452816,6.506003246452816,,,1.0,0.060070157051086426,"L1a wrong partner chosen, near-tie (margin < 0.1)",True
6bba_c27cba08,6bba,60000539,61000553,59,1.1490485194281397,unlinked,False,True,11.016863094397142,100.75,3787,3855,,,1,0.2466983050107956,0.2466983050107956,3,,,,0.8660005256533623,1.4464816441636321,,,,4.5759477615356445,4.347451210021973,,,,,,11.016863094397142,5.818105220794678,,,5.2231831550598145,,10.10802098358898,,,,,L3 true pair scored below 0.5; cell left unlinked,False
6bba_c27cba08,6bba,5000025,6000030,4,1.1490485194281397,wrong_link_both,False,True,10.178415844607825,6.5,279,325,371.0,4.171088949953358,1,0.9976007342338562,0.9976007342338562,2,0.9926712512969971,,-2.292361192405224,4.253783777356148,6.251728908035533,3.4846898272267364,286.0,,7.570598125457764,10.900701522827148,10.178415844607825,2.7226148482306436,0.9995423555374146,6.420898862183094,,10.178415844607825,12.202392578125,11.10771369934082,8.236770629882812,15.531981468200684,11.647737377872657,11.647737377872657,,,1.0,-0.004929482936859131,L1c wrong partner: true partner ranked first but taken (greedy),True
6bba_c27cba08,6bba,28000184,29000192,27,1.86167137607581,wrong_link_both,False,True,12.512384916129236,6.5,1680,1745,1741.0,1.2698683407486566,2,0.9859774112701416,0.9991900324821472,2,0.9991900324821472,,0.0930468812584877,2.446487944573164,11.437527318938443,1.2664548474871953,1684.0,,8.562807083129883,7.688205242156982,12.512384916129236,0.9051857825421815,0.9993871450424194,2.6244664853438735,,12.512384916129236,13.894209861755371,13.320826530456543,14.222294807434082,13.223334312438965,12.739063051620146,12.05851794962475,,,1.0,0.013212621212005615,"L1a wrong partner chosen, near-tie (margin < 0.1)",False
6bba_c27cba08,6bba,56000481,57000492,55,4.375446405796785,wrong_link_parent,False,True,11.465551455972495,71.5,3462,3564,3561.0,3.7279290302506087,4,0.006703034043312073,0.6198338270187378,5,0.6198338270187378,,-3.2118980779778212,2.5655089721549302,9.027240670322392,1.89239678483864,,,6.3592000007629395,4.544052600860596,,,,,,11.465551455972495,7.774452209472656,,6.6620988845825195,6.386420249938965,10.078276607697273,10.078276607697273,,,1.0,0.6131307929754257,"L1b wrong partner chosen, confident (margin > 0.5)",False
6bba_c27cba08,6bba,59000525,60000539,58,1.1490485194281397,unlinked,False,True,11.727778164986683,100.75,3712,3787,,,1,0.34156960248947144,0.34156960248947144,3,,,,-0.8660005256533623,1.1578081488593424,,,,6.480000019073486,4.5759477615356445,,,,,,11.727778164986683,6.1801652908325195,,,5.818105220794678,,11.016863094397142,,,,,L3 true pair scored below 0.5; cell left unlinked,False
6bba_c27cba08,6bba,48000394,49000406,47,0.5745242597140698,wrong_link_both,False,True,12.812738921199,66.625,2936,3013,3015.0,4.514353820330589,2,0.49421676993370056,0.5969590544700623,3,0.5969590544700623,,3.611347379628569,-9.448551719076931,1.9201740798774531,2.7087931849410825,2928.0,,7.5909223556518555,6.6474995613098145,12.812738921199,4.161065287903273,0.8892840147018433,-12.64350619749166,,12.812738921199,7.5967512130737305,8.190963745117188,7.142332553863525,7.335005283355713,13.295837318946308,11.82366108021246,,,1.0,0.1027422845363617,"L1b wrong partner chosen, intermediate margin",True
6bba_c27cba08,6bba,49000406,50000416,48,2.03125,wrong_link_parent,False,True,11.82366108021246,66.625,3013,3077,3074.0,1.7628947691009678,2,0.004044040571898222,0.9209506511688232,3,0.9209506511688232,,0.5541125750169158,12.600127621553838,3.236121206297714,1.6735463008628346,,,6.6474995613098145,5.99138879776001,,,,,,11.82366108021246,7.335005283355713,,7.584136009216309,6.9499192237854,12.372044046240575,7.012992647380404,,,1.0,0.916906610596925,"L1b wrong partner chosen, confident (margin > 0.5)",True
6bba_c27cba08,6bba,27000174,28000184,26,3.300390601883359,wrong_link_both,False,True,11.554114831559327,8.125,1621,1680,1684.0,1.781921905359972,3,0.053333085030317307,0.9991037249565125,3,0.9991037249565125,,-0.06695031002163887,-2.6914167953655124,14.00128720611716,1.7806637337773012,1617.0,,8.44631576538086,8.562807083129883,13.530305767572154,1.0382239170233594,0.999206006526947,-1.870003673247993,,11.554114831559327,12.797910690307617,13.266104698181152,13.320826530456543,13.894209861755371,12.512384916129236,12.512384916129236,,,2.0,0.9457706399261951,"L1b wrong partner chosen, confident (margin > 0.5)",False
6bba_c27cba08,6bba,57000490,58000503,56,4.5420130792964475,wrong_link_child,False,True,9.231273225204337,47.125,3559,3629,,,1,0.35027527809143066,0.35027527809143066,3,,,,-0.6853327108547091,6.120527281119671,,3548.0,,8.614117622375488,10.562051773071289,10.0625307819754,5.1221713919442,0.9613994359970093,2.612725328654051,,9.231273225204337,6.719161510467529,7.323025703430176,,7.228082656860352,,11.183163967142592,,,,,L2 true target stolen by an unannotated competitor; cell left unlinked,False
6bba_c27cba08,6bba,60000535,61000548,59,1.9902104160113323,wrong_link_parent,False,True,13.039779792292865,78.0,3765,3846,3842.0,0.9407266232447398,2,0.07107073068618774,0.944531261920929,4,0.944531261920929,,-0.014657367952167988,8.704070452600718,2.414885115773566,0.9406124288176111,,,7.596078395843506,5.922875881195068,,,,,,13.039779792292865,7.969167709350586,,7.25931453704834,6.830196380615234,9.14393505741905,9.14393505741905,,,1.0,0.8734605312347412,"L1b wrong partner chosen, confident (margin > 0.5)",True
6bba_c27cba08,6bba,46000366,47000379,45,5.859020822628983,wrong_link_parent,False,True,28.306195629562733,1.625,2767,2832,2849.0,3.1714750858163843,2,0.9968395233154297,0.9970017075538635,2,0.9970017075538635,,-0.3490354958921671,-0.18802481144666672,6.17917343519337,3.152210088582509,,,3.7795350551605225,2.3951773643493652,,,,,,28.306195629562733,11.268648147583008,,8.160778045654297,9.370893478393555,8.504363775790292,8.504363775790292,,,1.0,0.0001621842384338379,"L1a wrong partner chosen, near-tie (margin < 0.1)",False
6bba_c27cba08,6bba,71000665,72000674,70,1.4647552056572457,wrong_link_child,False,True,7.536642743121206,82.875,4561,4627,,,2,0.03306828811764717,0.0960034653544426,4,,,,-9.462808302603662,3.8359544384624704,,4552.0,,8.142745018005371,7.91320276260376,9.841282903899508,1.0758902491582982,0.929019570350647,-9.342284944839776,,7.536642743121206,7.070601463317871,7.62857723236084,,7.61839485168457,,11.103319607506563,,,,,L2 true target stolen by an unannotated competitor; cell left unlinked,True
6bba_c27cba08,6bba,50000416,51000425,49,0.40625,wrong_link_child,False,True,7.012992647380404,68.25,3077,3136,,,3,0.11176526546478271,0.46779555082321167,3,,,,-9.207199950702488,2.8268192869725923,,3074.0,,5.99138879776001,7.141666412353516,12.372044046240575,2.8406034472850132,0.9707679748535156,-12.046015046536922,,7.012992647380404,6.9499192237854,7.584136009216309,,7.705373764038086,,10.441764599701573,,,,,L2 true target stolen by an unannotated competitor; cell left unlinked,True
6bba_c27cba08,6bba,63000575,64000587,62,1.625,wrong_link_child,False,True,9.729304142886198,79.625,3993,4044,,,1,0.07449741661548615,0.07449741661548615,4,,,,-6.432901473715901,4.100670131355827,,3981.0,,6.721282005310059,8.069541931152344,9.729304142886198,3.007185499178798,0.9594811201095581,-9.180411271750927,,9.729304142886198,6.658100128173828,7.191432952880859,,7.563143730163574,,7.37360856913391,,,,,L2 true target stolen by an unannotated competitor; cell left unlinked,True
6bba_c328f2fd,6bba,86000487,87000495,85,4.908737426772795,wrong_link_both,False,True,8.828765125133248,1.625,29057,29576,29390.0,1.473830786968691,4,0.03853611275553703,0.9959879517555237,6,0.9959879517555237,,-0.5414801837905543,-3.814766142706503,11.96313354917149,1.370757600445425,29198.0,,4.674623489379883,2.7319564819335938,13.201393572541052,1.27768739244332,0.9832450151443481,-4.41272328440391,,8.828765125133248,10.6461763381958,8.286330223083496,9.537623405456543,7.740649223327637,11.317867071960348,10.640373953101246,,,1.0,0.9574518389999866,"L1b wrong partner chosen, confident (margin > 0.5)",True
6bba_c328f2fd,6bba,8000005,9000007,7,6.512682938889317,wrong_link_both,False,True,7.455716582815196,91.0,2513,2781,2791.0,5.513873634509346,2,0.9837483167648315,0.9901637434959412,11,0.9901637434959412,,1.8352819737046957,-3.5468960851430893,5.951226145829915,5.19947521720528,2510.0,,4.168837547302246,3.8308496475219727,7.455716582815196,8.941521306089887,0.7006835341453552,-5.661601575091481,,7.455716582815196,8.542200088500977,8.569875717163086,8.865367889404297,8.947829246520996,12.32869994291533,6.9073225160930924,,,3.0,0.006415426731109619,"L1a wrong partner chosen, near-tie (margin < 0.1)",True
6bba_c328f2fd,6bba,74000384,75000393,73,5.859020822628983,wrong_link_child,False,True,7.916119740015651,95.875,25213,25590,,,3,0.4180317223072052,0.7155241966247559,6,,,,4.103042611153796,6.397959180483311,,25263.0,,0.9475349187850952,1.3399372100830078,12.696506911346386,5.6456439348710274,0.7628894448280334,8.948350999504328,,7.916119740015651,7.601110458374023,6.272143363952637,,7.148565769195557,,8.944587464922666,,,,,L2 true target stolen by an unannotated competitor; cell left unlinked,True
6bba_c328f2fd,6bba,55000219,56000224,54,6.550584420492571,wrong_link_child,False,True,8.04923277555067,22.75,18003,18258,,,1,0.9432732462882996,0.9432732462882996,9,,,,-6.545579370111227,3.521689702840904,,17998.0,,4.304558277130127,3.647557020187378,8.049232775550673,1.7105232284733445,0.9952548742294312,-6.935036196373403,,8.04923277555067,8.527703285217285,8.578027725219727,,9.262438774108887,,8.961650393001621,,,,,L2 true target stolen by an unannotated competitor; cell left unlinked,True
6bba_c328f2fd,6bba,69000328,70000338,68,0.9084026158592896,wrong_link_parent,False,True,11.420527914018223,97.5,23149,23809,23498.0,1.621415752169856,2,0.8146674633026123,0.9991081357002258,4,0.9991081357002258,,-0.020874476118478924,5.213605197146535,5.773367725087632,1.6212813752187862,,,1.1659600734710693,1.2204030752182007,,,,,,11.420527914018223,10.079690933227539,,11.073272705078125,6.856596946716309,8.714340166552919,7.294871945339747,,,1.0,0.18444067239761353,"L1b wrong partner chosen, intermediate margin",True
6bba_c328f2fd,6bba,32000095,33000100,31,0.40625,wrong_link_child,False,True,6.520909576571247,50.375,10433,10672,,,1,0.9796002507209778,0.9796002507209778,7,,,,5.933063195087016,3.2153199199370546,,10436.0,,5.631762504577637,6.115993499755859,6.520909576571247,0.6863496394654378,0.9970985651016235,5.428504563868046,,6.520909576571247,8.572526931762695,8.539285659790039,,9.000031471252441,,8.354929668673426,,3.0,,,L2 true target stolen by an unannotated competitor; cell left unlinked,True
6bba_c328f2fd,6bba,77000406,78000416,76,0.40625,wrong_link_child,False,True,6.816471814123298,3.25,26179,26376,,,1,0.9864498972892761,0.9864498972892761,7,,,,5.216820456087589,1.5788776902249162,,26024.0,,3.302588939666748,3.2579710483551025,6.816471814123298,1.3922313766551107,0.9984056353569031,6.484737429767847,,6.816471814123298,8.241039276123047,10.112625122070312,,10.210948944091797,,8.552604014535195,,,,,L2 true target stolen by an unannotated competitor; cell left unlinked,True
6bba_c328f2fd,6bba,95000562,96000570,94,8.909758081031157,unlinked,False,True,11.319441489588035,79.625,31989,32264,,,1,0.19692786037921906,0.19692786037921906,6,,,,-8.9968519564718,5.948533736869693,,,,1.616904854774475,1.6722089052200317,,,,,,11.319441489588035,8.118189811706543,,,8.220379829406738,,8.86328821275908,,,,,L3 true pair scored below 0.5; cell left unlinked,True
6bba_c328f2fd,6bba,84000464,85000476,83,0.40625,unlinked,False,True,9.343512952925874,4.875,28492,28949,,,2,0.40574467182159424,0.9614101052284241,7,,,,-5.9965999303385615,8.710437929713873,,,,5.2927656173706055,5.133261680603027,,,,,,9.343512952925874,8.909280776977539,,,7.784010410308838,,9.951052365039612,,,,,L3 true pair scored below 0.5; cell left unlinked,True
6bba_c328f2fd,6bba,85000476,86000486,84,2.03125,wrong_link_child,False,True,9.951052365039612,4.875,28949,29319,,,2,0.03407467156648636,0.45643752813339233,3,,,,-0.3630936425179243,10.488649373327288,,28996.0,85000475.0,5.133261680603027,5.3791399002075195,9.951052365039612,0.7002108745818538,0.9674637317657471,-0.7710353080183268,False,9.951052365039612,7.784010410308838,6.961688995361328,,6.625293254852295,,8.519230462813749,,,,,L2 true target stolen by an unannotated competitor; cell left unlinked,False
6bba_c328f2fd,6bba,43000155,44000161,42,1.625,wrong_link_parent,False,True,9.017148935095117,48.75,13714,14162,14053.0,2.580611558957723,2,0.8482887744903564,0.9960716962814331,8,0.9960716962814331,,2.1398425176739693,-10.410457864403725,1.3245474393495071,1.4424389130153616,,,5.466282367706299,5.497004985809326,,,,,,9.017148935095117,10.387836456298828,,9.681558609008789,8.55461311340332,12.677603360912839,7.794611817129133,,,1.0,0.14778292179107666,"L1b wrong partner chosen, intermediate margin",True
6bba_c328f2fd,6bba,55000221,56000226,54,5.28125,wrong_link_parent,False,True,7.988262714836163,50.375,17864,18285,18229.0,3.511442791944393,2,0.99072265625,0.9984357953071594,10,0.9984357953071594,,2.9096628446131945,-7.904553783126175,4.070245738638504,1.9657295367816214,,,4.676980018615723,3.1168744564056396,,,,,,7.988262714836163,10.871292114257812,,10.269775390625,8.962552070617676,12.366444550532215,12.227193762395569,,,3.0,0.007713139057159424,"L1a wrong partner chosen, near-tie (margin < 0.1)",True
6bba_c328f2fd,6bba,89000511,90000519,88,1.4647552056572457,wrong_link_parent,False,True,11.095174290131107,3.25,30254,30333,30579.0,0.32641712997227273,3,0.0012180261546745896,0.9120343923568726,3,0.9120343923568726,,0.010352062061429024,6.695053545758128,11.074977437667,0.3262529349299588,,,4.93027925491333,5.226133346557617,,,,,,11.095174290131107,6.696908950805664,,6.4290313720703125,9.913308143615723,12.66313096672189,6.6399123222897485,,,1.0,0.910816366202198,"L1b wrong partner chosen, confident (margin > 0.5)",True
6bba_c328f2fd,6bba,20000038,21000043,19,4.162823748671087,wrong_link_both,False,True,9.273162322296374,86.125,6592,6856,6862.0,3.210201714285731,-1,,0.9919369220733643,9,0.9919369220733643,,-0.4541936507448554,-13.259728115051985,8.046021410177135,3.1779086163743138,6527.0,,1.9104093313217163,2.021946907043457,12.081832945328237,3.9695469483151635,0.9928472638130188,-10.753814360126853,,9.273162322296374,8.684441566467285,9.10951042175293,9.192953109741211,9.222761154174805,13.983773100821933,8.6159039121321,,,3.0,,L1d wrong partner: true partner beyond the 15 um gate,True
6bba_c328f2fd,6bba,95000556,96000564,94,7.71875,wrong_link_both,False,True,9.06024384623213,1.625,31858,32149,32172.0,5.796379956233204,3,0.4721432626247406,0.9868056774139404,4,0.9868056774139404,,5.665057331323624,-2.300540594384074,8.507576603128552,1.2268439305137806,31841.0,,4.179999828338623,2.9371888637542725,9.530078061190016,1.2431569248656655,0.9954719543457031,-1.4802402444183826,,9.06024384623213,9.491994857788086,10.332125663757324,9.367055892944336,10.129646301269531,11.438988863184115,9.036672764923475,,,1.0,0.5146624147891998,"L1b wrong partner chosen, confident (margin > 0.5)",False
6bba_c328f2fd,6bba,29000074,30000075,28,12.32217259658377,division_second_child,True,True,10.430722928364103,50.375,9434,9752,9762.0,5.809905189487027,4,0.009439614601433277,0.9924042820930481,6,0.9924042820930481,,1.318034035153687,-1.2874813387170434,11.82638614552505,5.6584259819321465,,,6.502713680267334,5.650940418243408,,,,,,10.430722928364103,9.351909637451172,,9.097373962402344,9.228537559509277,17.592845442133747,6.668368341081134,0.0,,3.0,0.9829646674916148,L4 division (second child never linked),False
6bba_c328f2fd,6bba,83000457,84000464,82,3.917733121653388,wrong_link_child,False,True,7.269385804941922,8.125,28219,28492,,,1,0.9903380274772644,0.9903380274772644,3,,,,0.8415127946063876,4.524478501808567,,28189.0,,4.9422454833984375,5.2927656173706055,7.269385804941922,4.912630273355238,0.9916090369224548,-0.8717951010912657,,7.269385804941922,8.435404777526855,8.67245864868164,,8.909280776977539,,9.343512952925874,,,,,L2 true target stolen by an unannotated competitor; cell left unlinked,False
6bba_c328f2fd,6bba,42000148,43000154,41,3.040096626753827,wrong_link_both,False,True,7.465802699381399,32.5,13482,13922,13879.0,0.9608708909251544,4,0.26541876792907715,0.9937018156051636,9,0.9937018156051636,,-0.9103847462683916,9.795073119923472,1.647335482580267,0.3073637629733479,13551.0,,5.268758296966553,5.081730842590332,12.290006616590071,2.5453873878525473,0.9936555624008179,12.233156807720661,,7.465802699381399,8.626431465148926,8.244765281677246,8.222164154052734,7.943742275238037,10.80519403376418,9.407425535121087,,,2.0,0.7282830476760864,"L1b wrong partner chosen, confident (margin > 0.5)",True
6bba_c328f2fd,6bba,14000017,15000021,13,9.449133971560569,wrong_link_parent,False,True,8.174423330985748,76.375,4451,4776,4962.0,7.062760353893276,3,0.837703287601471,0.9780398607254028,6,0.9780398607254028,,-5.198499705642462,-4.9189729150384665,7.770133785098181,4.781023386991734,,,4.220753192901611,4.639170169830322,,,,,,8.174423330985748,9.429966926574707,,8.358868598937988,10.622283935546875,12.553933403290506,9.516574909876613,,,4.0,0.14033657312393188,"L1b wrong partner chosen, intermediate margin",True
6bba_c328f2fd,6bba,33000100,34000105,32,2.1877232028983924,wrong_link_parent,False,True,8.354929668673426,50.375,10672,11003,11023.0,0.39717950588145606,2,0.9909995198249817,0.997041642665863,7,0.997041642665863,,0.18858502944931388,-6.254589597694576,3.4430867202938407,0.34955292383248493,,,6.115993499755859,5.796476364135742,,,,,,8.354929668673426,9.000031471252441,,8.649089813232422,8.798831939697266,7.298988610058982,7.298988610058982,,4.0,3.0,0.006042122840881348,"L1a wrong partner chosen, near-tie (margin < 0.1)",True
6bba_c328f2fd,6bba,29000072,30000082,28,11.316815475212097,wrong_link_both,False,True,11.080755972275764,68.25,9402,9713,9723.0,6.866526324929571,3,0.47217345237731934,0.989963710308075,6,0.989963710308075,30000079.0,-2.905675631016493,-5.4444404393434525,9.059979606244049,6.221433347570936,9443.0,,5.021239757537842,6.092991352081299,11.497500508491742,6.344143730107631,0.9834295511245728,-9.839416297152638,,11.080755972275764,10.375834465026855,9.267139434814453,10.096920013427734,10.743595123291016,15.15259380650875,10.218694292584912,,,2.0,0.5177902579307556,"L1b wrong partner chosen, confident (margin > 0.5)",True
6bba_c328f2fd,6bba,83000456,84000466,82,3.300390601883359,wrong_link_child,False,True,8.09521597418636,4.875,28125,28432,,,1,0.9212005734443665,0.9212005734443665,8,,,,2.44747681170702,6.264668888818693,,28121.0,,5.432884216308594,5.150425910949707,8.09521597418636,4.918221293875442,0.9926940202713013,6.8997223218902946,,8.09521597418636,9.322000503540039,9.424314498901367,,10.321647644042969,,8.416368401791317,,,,,L2 true target stolen by an unannotated competitor; cell left unlinked,False
6bba_c328f2fd,6bba,86000486,87000494,85,1.7235727791422095,wrong_link_parent,False,True,8.519230462813749,3.25,29319,29551,29612.0,0.7234075312372001,2,0.020029500126838684,0.9638073444366455,5,0.9638073444366455,,-0.05773346684873104,0.26568604074418545,9.282274473756315,0.7211000645238684,,,5.3791399002075195,4.673043727874756,,,,,,8.519230462813749,6.625293254852295,,7.130201816558838,8.013212203979492,9.989721440994836,7.834106250262545,,,1.0,0.9437778443098068,"L1b wrong partner chosen, confident (margin > 0.5)",False
6bba_c328f2fd,6bba,31000082,32000090,30,1.86167137607581,wrong_link_child,False,True,8.543813769605656,40.625,10032,10330,,,1,0.9268062710762024,0.9268062710762024,8,,,,-9.208594393683597,1.0913385319844713,,10021.0,,6.73848819732666,6.836579322814941,10.137135636039327,1.3244771282093035,0.9980971217155457,-9.953634273959324,,8.543813769605656,9.615699768066406,10.065326690673828,,10.256324768066406,,12.270901658309631,,2.0,,,L2 true target stolen by an unannotated competitor; cell left unlinked,True
6bba_c328f2fd,6bba,88000503,89000511,87,0.9084026158592896,wrong_link_child,False,True,7.946933196023326,3.25,29893,30254,,,1,0.10667150467634201,0.10667150467634201,2,,,,-0.24614517576992512,9.132962995738398,,29946.0,,4.182793140411377,4.93027925491333,9.028654631881276,0.11063960609541265,0.953455924987793,-0.21779925748705864,,7.946933196023326,7.684571743011475,6.680338382720947,,6.696908950805664,,11.095174290131107,,,,,L2 true target stolen by an unannotated competitor; cell left unlinked,False
6bba_c328f2fd,6bba,36000115,37000120,35,0.8125,wrong_link_child,False,True,5.838160017763173,50.375,11690,11852,,,3,0.8420458436012268,0.9540757536888123,9,,,,7.3509540325030684,3.371345944325106,,11562.0,,5.606564044952393,5.801504135131836,8.656109556402468,0.8848657231329815,0.9968891739845276,7.814880922436714,,5.838160017763173,8.250685691833496,9.217214584350586,,9.387393951416016,,7.9423748330064035,,7.0,,,L2 true target stolen by an unannotated competitor; cell left unlinked,True
6bba_c328f2fd,6bba,14000019,15000022,13,6.20113711850496,wrong_link_child,False,True,8.591518370591194,91.0,4428,4783,,,1,0.9895390868186951,0.9895390868186951,7,,,,-4.002307465299964,5.208840486480405,,4572.0,,3.985774040222168,4.061134338378906,10.742427706734626,5.832965029413818,0.9910299777984619,-9.492760324850678,,8.591518370591194,9.904997825622559,8.571447372436523,,9.96997356414795,,9.038858594073542,,,,,L2 true target stolen by an unannotated competitor; cell left unlinked,True
6bba_c328f2fd,6bba,76000396,77000406,75,2.9575446425202108,wrong_link_parent,False,True,7.95402060151247,4.875,25663,26179,26024.0,2.0815431013536405,2,0.9840400815010071,0.9984180927276611,10,0.9984180927276611,,-1.8290158957242966,-8.313753325492144,2.9131957002988083,0.9937416847354154,,,3.724717140197754,3.302588939666748,,,,,,7.95402060151247,10.428009033203125,,10.112625122070312,8.241039276123047,6.816471814123298,6.816471814123298,,,2.0,0.014378011226654053,"L1a wrong partner chosen, near-tie (margin < 0.1)",True
6bba_c328f2fd,6bba,44000160,45000165,43,3.350023320814349,wrong_link_child,False,True,7.794611817129133,35.75,14241,14484,,,3,0.1524365097284317,0.9301186203956604,8,,,,-10.924401180818677,3.3364633780431716,,14150.0,,4.346280097961426,5.047192096710205,12.918106995389628,2.6388928509689586,0.995019793510437,-12.797675115987659,,7.794611817129133,8.002296447753906,8.606790542602539,,8.564866065979004,,7.5696653559300024,,,,,L2 true target stolen by an unannotated competitor; cell left unlinked,True
6bba_c328f2fd,6bba,71000348,72000360,70,7.129658564756099,unlinked,False,True,7.2723830570622185,97.5,24174,24439,,,4,0.08197526633739471,0.4621310234069824,8,,,,-5.455253458581865,6.5665006001279504,,,,1.2204030752182007,1.0505555868148804,,,,,,7.2723830570622185,6.828037261962891,,,8.068061828613281,,7.993831055635401,,,,,L3 true pair scored below 0.5; cell left unlinked,True
6bba_c328f2fd,6bba,67000304,68000311,66,13.381606137250492,division_second_child,True,True,6.132359235822203,24.375,22401,22775,22776.0,5.30297798063417,3,0.13195520639419556,0.9956373572349548,7,0.9956373572349548,68000314.0,-0.2920296713709831,-7.185886554419994,10.144311905457263,5.294930984831607,22648.0,,3.9204187393188477,5.775393962860107,12.976272663797458,4.950671610339782,0.9575110673904419,-7.710012722760439,,6.132359235822203,10.317182540893555,7.715873718261719,10.594400405883789,10.603628158569336,16.84569450876512,9.734738419245375,0.0,,5.0,0.8636821508407593,L4 division (second child never linked),True
6bba_cf35214c,6bba,99000964,100000972,98,5.008586377412294,wrong_link_both,False,True,8.028935888462245,9.75,36332,36863,36904.0,4.398006880661443,2,0.7760241031646729,0.9843460917472839,9,0.9843460917472839,,1.204819078790024,0.017684644553810358,6.376476136784023,4.229760691780204,36436.0,,1.7655004262924194,1.8123050928115845,8.028935888462245,3.1552291191636974,0.9846838116645813,2.5552483194041997,,8.028935888462245,7.991344928741455,7.41367244720459,7.766578674316406,7.981420040130615,10.158558463297686,7.6664907844357995,,,2.0,0.20832198858261108,"L1b wrong partner chosen, intermediate margin",False
6bba_cf35214c,6bba,94000912,95000923,93,4.375446405796785,wrong_link_parent,False,True,8.775426344862527,8.125,33810,34239,34393.0,5.1697161801696865,2,0.9774503707885742,0.9926321506500244,11,0.9926321506500244,,0.7158284368924797,2.256381289102137,5.762532938823977,5.119917482972194,,,2.030402660369873,2.4260103702545166,,,,,,8.775426344862527,8.716486930847168,,8.318999290466309,9.031425476074219,9.313683913392426,9.313683913392426,,,4.0,0.015181779861450195,"L1a wrong partner chosen, near-tie (margin < 0.1)",False
6bba_cf35214c,6bba,94000919,95000930,93,5.773897351442957,wrong_link_child,False,True,8.755813325681817,60.125,33817,34228,,,3,0.34616103768348694,0.9899505376815796,10,,,,0.18272573500871658,8.098533342485664,,33765.0,,2.0240273475646973,2.8705008029937744,12.470411034545961,4.52217824844897,0.9906634092330933,0.46209166944026947,,8.755813325681817,8.662757873535156,8.982707977294922,,9.1074800491333,,7.634148373028374,,,,,L2 true target stolen by an unannotated competitor; cell left unlinked,False
6bba_cf35214c,6bba,94000918,95000928,93,5.154734625807618,wrong_link_both,False,True,9.47786803794334,45.5,33730,34253,34172.0,5.572940649563504,2,0.9925835132598877,0.9956926703453064,13,0.9956926703453064,,3.2501417510211468,0.7441707532852888,5.2053860196472534,4.52705711051081,33929.0,,2.4510366916656494,2.776787519454956,9.47786803794334,5.267781943429235,0.9920884370803833,4.928619224578142,,9.47786803794334,9.23790454864502,8.099136352539062,9.718402862548828,8.90264892578125,7.782105749311929,7.782105749311929,,,3.0,0.003109157085418701,"L1a wrong partner chosen, near-tie (margin < 0.1)",False
6bba_cf35214c,6bba,67000624,68000635,66,0.5745242597140698,wrong_link_child,False,True,7.06344982856638,22.75,22279,22642,,,1,0.9970368146896362,0.9970368146896362,8,,,,3.801571311429143,3.6132223470295024,,22254.0,,2.3366012573242188,2.283479690551758,7.06344982856638,2.341151596264207,0.9988548755645752,6.1325256722047925,,7.06344982856638,9.810172080993652,10.645211219787598,,10.527667045593262,,9.71338726110982,,,,,L2 true target stolen by an unannotated competitor; cell left unlinked,True
6bba_cf35214c,6bba,25000251,26000259,24,3.374565944310468,wrong_link_child,False,True,8.978716646732899,6.5,7603,7780,,,1,0.8622226119041443,0.8622226119041443,2,,,,1.3317125728353858,7.237184184336197,,7494.0,,1.638474941253662,1.5438251495361328,8.978716646732899,2.7870431401180586,0.9961710572242737,1.24278374761343,,8.978716646732899,7.157201766967773,8.467744827270508,,8.689729690551758,,15.600426295767408,,,,,L2 true target stolen by an unannotated competitor; cell left unlinked,False
6bba_cf35214c,6bba,94000921,95000932,93,8.165523942160723,wrong_link_both,False,True,8.302852125455939,74.75,33740,34229,34255.0,7.74314240355549,4,0.7705515623092651,0.9765017628669739,8,0.9489887356758118,,-2.4697602707892656,0.9679707232862711,8.199285998836144,7.338701416910899,34127.0,,2.211242437362671,2.368117332458496,8.302852125455939,3.3554230236745917,0.9779646396636963,0.0691649578511715,,8.302852125455939,9.16269588470459,5.245754241943359,8.874406814575195,9.104402542114258,8.726284685552262,8.726284685552262,,,4.0,0.17843717336654663,"L1b wrong partner chosen, intermediate margin",False
6bba_cf35214c,6bba,70000660,71000673,69,2.03125,wrong_link_child,False,True,7.252004564389163,17.875,23485,23816,,,1,0.9974452257156372,0.9974452257156372,5,,,,2.691024485975504,3.5415366848945067,,23414.0,,2.3130507469177246,2.372673273086548,7.252004564389163,3.667356997562332,0.9988299012184143,6.2104077418780435,,7.252004564389163,9.437976837158203,10.689393997192383,,10.805020332336426,,9.99602667570975,,,,,L2 true target stolen by an unannotated competitor; cell left unlinked,False
6bba_cf35214c,6bba,54000492,55000504,53,1.6750116604071745,wrong_link_parent,False,True,8.082511958851196,100.75,17229,17886,17597.0,2.761330530367388,2,0.9740598201751709,0.9978671073913574,7,0.9978671073913574,,-2.7594448877498507,5.312702406197786,2.2272685208806644,0.10203043374529022,,,2.8196816444396973,2.9283788204193115,,,,,,8.082511958851196,9.842435836791992,,10.079450607299805,7.178012847900391,8.363291194162336,7.375042881497511,,,1.0,0.023807287216186523,"L1a wrong partner chosen, near-tie (margin < 0.1)",True
6bba_cf35214c,6bba,28000279,29000288,27,2.2980970388562794,wrong_link_parent,False,True,8.98345380086854,17.875,8361,8819,8712.0,1.874549630633371,3,0.7010996341705322,0.9967644214630127,6,0.9967644214630127,,-1.5374663714319468,-6.2791067734360695,6.338597006529537,1.0724427604415967,,,3.4448211193084717,3.551154136657715,,,,,,8.98345380086854,9.289510726928711,,8.99666976928711,8.114627838134766,8.231317139125585,8.231317139125585,,,1.0,0.29566478729248047,"L1b wrong partner chosen, intermediate margin",True
6bba_cf35214c,6bba,24000244,25000253,23,1.6750116604071745,wrong_link_parent,False,True,9.476595034206827,24.375,7092,7557,7372.0,1.6600117105339869,2,0.81913161277771,0.9969971179962158,4,0.9969971179962158,,-1.0778681663796306,-6.265169589780271,5.582697754110285,1.2624734036863452,,,3.909341812133789,3.4969499111175537,,,,,,9.476595034206827,9.458314895629883,,10.03887939453125,7.858853816986084,8.168018283796505,8.168018283796505,,,2.0,0.17786550521850586,"L1b wrong partner chosen, intermediate margin",True
6bba_cf35214c,6bba,99000968,100000977,98,6.080193253507654,wrong_link_child,False,True,8.733859288225018,60.125,36234,36624,,,1,0.9758173227310181,0.9758173227310181,12,,,,1.4206345756538212,5.940839202838054,,36139.0,,2.5750391483306885,2.545319080352783,9.55034243769021,4.132160666254978,0.993026614189148,1.3412193772383034,,8.733859288225018,8.46982192993164,8.999410629272461,,9.211994171142578,,7.910214457399317,,,,,L2 true target stolen by an unannotated competitor; cell left unlinked,False
6bba_cf35214c,6bba,27000270,28000279,26,1.7235727791422095,wrong_link_child,False,True,8.152973220484013,19.5,8196,8361,,,1,0.9557556509971619,0.9557556509971619,6,,,,3.004810650832951,6.293991186596611,,7996.0,,3.490494728088379,3.4448211193084717,8.152973220484013,2.4050936117132093,0.997849702835083,4.958363239187747,,8.152973220484013,7.7733588218688965,10.26683235168457,,9.289510726928711,,8.98345380086854,,,,,L2 true target stolen by an unannotated competitor; cell left unlinked,True
6bba_cf35214c,6bba,99000967,100000975,98,4.631962664465248,wrong_link_parent,False,True,8.524571205312316,48.75,36158,36752,36774.0,5.6494302725352314,2,0.9845896363258362,0.9900084733963013,12,0.9900084733963013,,3.550851456820965,-0.1357787000015378,5.463079944654319,4.394031899728304,,,2.66861629486084,2.9894680976867676,,,,,,8.524571205312316,8.88399887084961,,8.379356384277344,8.482925415039062,8.282056033520615,8.282056033520615,,,3.0,0.005418837070465088,"L1a wrong partner chosen, near-tie (margin < 0.1)",False
6bba_cf35214c,6bba,47000421,48000430,46,1.21875,wrong_link_parent,False,True,9.68547539182318,99.125,14900,15252,15200.0,1.891789460408733,2,0.9517379999160767,0.9948933124542236,8,0.9948933124542236,,-1.6527048666030169,3.5967845749109983,5.146129143426005,0.9205617776229197,,,2.753253936767578,3.592170476913452,,,,,,9.68547539182318,8.15756893157959,,8.624472618103027,8.208894729614258,6.950183244334637,6.950183244334637,,,2.0,0.04315531253814697,"L1a wrong partner chosen, near-tie (margin < 0.1)",True
6bba_cf35214c,6bba,35000346,36000353,34,3.6336104634371584,wrong_link_parent,False,True,6.842424983342456,89.375,10602,11014,10974.0,2.412939342996592,2,0.9021652936935425,0.9971113204956055,9,0.9971113204956055,,-2.0900038853287697,-9.135356748476624,4.232285247370406,1.2058855800993193,,,2.660712957382202,2.6366872787475586,,,,,,6.842424983342456,10.17581558227539,,9.379047393798828,9.022473335266113,8.649353920338967,8.649353920338967,,,2.0,0.09494602680206299,"L1a wrong partner chosen, near-tie (margin < 0.1)",True
6bba_cf35214c,6bba,31000314,32000323,30,3.040096626753827,wrong_link_child,False,True,6.901599648648043,97.5,9472,9681,,,1,0.9910399317741394,0.9910399317741394,6,,,,2.0142831939738244,4.603548069172609,,9474.0,,3.2664947509765625,3.3171610832214355,6.901599648648044,3.3125633371634335,0.9948821067810059,5.213522892445326,,6.901599648648043,8.148022651672363,8.134886741638184,,9.013020515441895,,7.051730868843701,,,,,L2 true target stolen by an unannotated competitor; cell left unlinked,False
6bba_cf35214c,6bba,38000365,39000371,37,3.447145558284419,wrong_link_parent,False,True,7.853305170516539,82.875,11628,12014,11992.0,1.7982340905344545,2,0.9959121942520142,0.9976474642753601,6,0.9976474642753601,,0.6803490146994591,-6.697464983910322,2.827038654840576,1.6645633248866658,,,3.2185304164886475,3.1706583499908447,,,,,,7.853305170516539,9.662256240844727,,9.217970848083496,9.060419082641602,8.40935862934351,8.40935862934351,,,3.0,0.0017352700233459473,"L1a wrong partner chosen, near-tie (margin < 0.1)",True
6bba_cf35214c,6bba,26000259,27000268,25,1.7235727791422095,wrong_link_parent,False,True,15.600426295767408,3.25,7780,8253,8254.0,3.480018324821419,2,0.7670755386352539,0.9911680221557617,2,0.9911680221557617,,-2.656386495567858,-5.964979306794703,6.485790747435613,2.2481410825963724,,,1.5438251495361328,1.4430538415908813,,,,,,15.600426295767408,8.689729690551758,,6.663122177124023,6.736843109130859,7.153558417438555,7.153558417438555,,,1.0,0.2240924835205078,"L1b wrong partner chosen, intermediate margin",True
6bba_d1acb6ff,6bba,35000388,36000396,34,9.237163813232934,wrong_link_parent,False,True,10.439825728346353,60.125,7181,7479,7463.0,5.483849888177486,2,0.7649210691452026,0.9791603684425354,5,0.9791603684425354,,-4.378653230145574,2.6956108482554555,6.830463261542179,3.3015156347047583,,,7.067266464233398,5.22606086730957,,,,,,10.439825728346353,9.050422668457031,,8.103885650634766,7.841983795166016,11.740534441987895,7.437693943028133,,,1.0,0.21423929929733276,"L1b wrong partner chosen, intermediate margin",False
6bba_d1acb6ff,6bba,33000367,34000377,32,8.14528717265389,wrong_link_parent,False,True,8.029735826337879,63.375,6779,6979,7094.0,5.667626949529718,2,0.7686070203781128,0.9841740131378174,4,0.9841740131378174,,-4.252116713672876,-4.952342391654383,8.087202504429262,3.7471987794003283,,,7.083110809326172,6.936296463012695,,,,,,8.029735826337879,9.479435920715332,,7.9033942222595215,9.614675521850586,10.565953979258822,10.565953979258822,,,2.0,0.2155669927597046,"L1b wrong partner chosen, intermediate margin",True
6bba_d1acb6ff,6bba,61000774,62000790,60,1.8168052317185792,unlinked,False,True,9.56351082244169,100.75,11683,11898,,,2,0.006400311831384897,0.05421341210603714,4,,,,4.339712258428335,9.306243849635996,,,,5.532560348510742,5.555294036865234,,,,,,9.56351082244169,8.428945541381836,,,4.485890865325928,,10.278819504729734,,,,,L3 true pair scored below 0.5; cell left unlinked,True
6bba_d1acb6ff,6bba,60000758,61000773,59,3.1729139308370784,wrong_link_both,False,True,6.682385286874867,95.875,11575,11680,11754.0,4.1939265755194555,1,0.8516133427619934,0.8516133427619934,4,0.8331289291381836,,3.5715954741463065,-3.6393307177349925,5.823916945076221,2.1983461715357673,11600.0,,4.161159515380859,6.603091716766357,6.707399083844678,0.5128800219366704,0.9927523136138916,-3.63646172452718,,6.682385286874867,7.708100318908691,6.518558025360107,5.853793621063232,8.47169017791748,10.320179854951451,10.320179854951451,,,1.0,-0.018484413623809814,L1c wrong partner: true partner ranked first but taken (greedy),True
6bba_d1acb6ff,6bba,19000188,20000199,18,3.5648292823780494,wrong_link_both,False,True,12.450020594906812,68.25,3952,4156,4148.0,3.0418390861235682,2,0.4832245409488678,0.9961622953414917,4,0.9961622953414917,,-1.6089747250080109,-10.40432469919324,4.56829429048334,2.581469612479384,3956.0,,6.282370567321777,6.1772284507751465,14.494035895998165,3.7645293592113678,0.9961567521095276,-13.753465881571174,,12.450020594906812,9.059389114379883,8.961691856384277,9.056818962097168,8.918500900268555,9.019575605473516,9.019575605473516,,,1.0,0.5129377543926239,"L1b wrong partner chosen, confident (margin > 0.5)",True
6bba_d1acb6ff,6bba,59000738,60000754,58,4.614113030962723,wrong_link_parent,False,True,16.014512165256374,56.875,11312,11496,11474.0,6.936571907220631,2,0.9985365867614746,0.9990516304969788,4,0.9990516304969788,,-6.571862107608467,3.869791393633932,2.5499734755605665,2.2196076821417003,,,4.9775848388671875,4.745700359344482,,,,,,16.014512165256374,13.224100112915039,,9.923036575317383,9.01140308380127,10.447482404620349,10.447482404620349,,,1.0,0.0005150437355041504,"L1a wrong partner chosen, near-tie (margin < 0.1)",True
6bba_d1acb6ff,6bba,51000592,52000620,50,18.99408830728656,wrong_link_both,False,True,10.731249381225927,55.25,10083,10341,10363.0,2.683109414295001,-1,,0.9817870855331421,3,0.9817870855331421,,-1.6336493790149689,-14.785813845694065,12.398679441354595,2.1284421146750665,10202.0,,6.8590474128723145,6.111289024353027,23.365189709212725,5.360575406407777,0.9168480634689331,-17.640438829548657,,10.731249381225927,9.670279502868652,7.630074501037598,7.718250274658203,8.143516540527344,17.7274330717535,8.973390161760724,,,1.0,,L1d wrong partner: true partner beyond the 15 um gate,True
6bba_d1acb6ff,6bba,55000665,56000683,54,4.1429533547941375,wrong_link_both,False,True,11.980499600080693,50.375,10763,10865,10972.0,6.173451019434005,2,0.16891394555568695,0.9329745173454285,4,0.9329745173454285,,6.003571942448616,-10.324790559709072,5.637054125465984,1.4382702879481661,10716.0,,7.508889198303223,8.749858856201172,11.980499600080693,0.41205739431352945,0.9956250786781311,-10.61692052707076,,11.980499600080693,8.474554061889648,9.564556121826172,7.753530502319336,10.307470321655273,16.946368033458366,11.381786060662956,,,2.0,0.7640605717897415,"L1b wrong partner chosen, confident (margin > 0.5)",True
6bba_d1acb6ff,6bba,54000648,55000665,53,2.333728575156074,wrong_link_parent,False,True,10.588294429816356,52.0,10554,10763,10716.0,4.388305165545036,2,0.8446673154830933,0.993060827255249,4,0.993060827255249,,-3.6853133784607053,6.9316071486100554,3.174928923419915,2.3823701493445117,,,7.762922763824463,7.508889198303223,,,,,,10.588294429816356,10.00094223022461,,9.564556121826172,8.474554061889648,11.980499600080693,11.980499600080693,,,1.0,0.14839351177215576,"L1b wrong partner chosen, intermediate margin",True
6bba_d1acb6ff,6bba,60000757,61000771,59,8.053592463149597,wrong_link_both,False,True,9.516008871907903,86.125,11527,11655,11642.0,6.372859092050364,1,0.9016541838645935,0.9016541838645935,6,0.7986912131309509,,-2.2780410945415497,-6.12386120762676,5.301195280287998,5.951794836745377,11604.0,,7.987053394317627,8.551691055297852,12.678748789028242,4.641665448150366,0.9205054044723511,-8.972909715026617,,9.516008871907903,8.50706958770752,6.240121364593506,9.498961448669434,8.991786003112793,11.880963269203692,9.893018811333024,,,1.0,-0.10296297073364258,L1c wrong partner: true partner ranked first but taken (greedy),True
6bba_d1acb6ff,6bba,36000400,37000408,35,4.5420130792964475,wrong_link_child,False,True,5.2720451913252315,84.5,7444,7714,,,1,0.6762368679046631,0.6762368679046631,6,,,,-5.5307480450719595,5.725680456659449,,7422.0,,5.152272701263428,4.438467502593994,5.2720451913252315,6.577168062610098,0.7933655977249146,-4.974096700549126,,5.2720451913252315,8.280794143676758,8.49789047241211,,7.43695068359375,,6.347172979030993,,,,,L2 true target stolen by an unannotated competitor; cell left unlinked,True
6bba_d1acb6ff,6bba,60000748,61000761,59,6.5253412267099105,wrong_link_both,False,True,10.39024458859984,21.125,11475,11699,11744.0,5.691576248259703,3,0.8812212944030762,0.9689615368843079,5,0.9689615368843079,,-0.8527644211426377,-4.5855157328769565,6.026817762224363,5.627329120620835,11503.0,,8.313623428344727,8.801545143127441,10.713647509404813,3.6618061542096907,0.9906152486801147,-8.100172117352486,,10.39024458859984,9.85509204864502,8.891633987426758,6.814087867736816,8.155669212341309,8.603663232161557,8.603663232161557,,,2.0,0.08774024248123169,"L1a wrong partner chosen, near-tie (margin < 0.1)",True
6bba_d1acb6ff,6bba,23000232,24000244,22,2.6012692214570947,wrong_link_child,False,True,5.143074916483775,68.25,4788,4932,,,2,0.9587295055389404,0.9806281328201294,3,,,,-7.821457501500845,3.301054187597006,,4735.0,,5.732601165771484,6.210814952850342,9.017665016112552,1.9791200732703242,0.996866762638092,-8.802446744870394,,5.143074916483775,8.797035217285156,10.054987907409668,,10.60152530670166,,11.308895328728534,,,,,L2 true target stolen by an unannotated competitor; cell left unlinked,True
6bba_d1acb6ff,6bba,53000635,54000652,52,2.1877232028983924,wrong_link_parent,False,True,12.322536655571007,94.25,10402,10672,10550.0,1.8090172436104068,2,0.4933992326259613,0.9942461848258972,6,0.9942461848258972,,-0.1514724800363183,-11.052395839244127,0.8386503962907387,1.8026645487919934,,,7.661622047424316,7.616073131561279,,,,,,12.322536655571007,10.682171821594238,,10.487648963928223,7.202154159545898,10.96542381717156,10.207382165228106,,,1.0,0.5008469521999359,"L1b wrong partner chosen, confident (margin > 0.5)",True
6bba_d1acb6ff,6bba,22000216,23000227,21,1.4647552056572457,wrong_link_parent,False,True,15.122297950385162,24.375,4540,4850,4787.0,1.6202631510986938,2,0.5628998875617981,0.9964168071746826,4,0.9964168071746826,,-1.2551470324397087,7.420469965785742,4.771059267450558,1.0246260809515155,,,5.961594104766846,5.52234411239624,,,,,,15.122297950385162,9.594935417175293,,8.810423851013184,8.209278106689453,9.982993394462358,9.982993394462358,,,1.0,0.4335169196128845,"L1b wrong partner chosen, intermediate margin",True
6bba_d1acb6ff,6bba,18000179,19000189,17,1.6750116604071745,wrong_link_child,False,True,8.329064037825095,71.5,3849,3928,,,1,0.6960877776145935,0.6960877776145935,4,,,,-3.5124744987115264,5.784479740103207,,3734.0,,6.2973785400390625,6.295407295227051,8.329064037825095,2.9804152484392903,0.9911201596260071,-3.1497123329900205,,8.329064037825095,7.893163681030273,9.291898727416992,,9.557278633117676,,11.180467360164364,,,,,L2 true target stolen by an unannotated competitor; cell left unlinked,True
6bba_d1acb6ff,6bba,52000610,53000629,51,5.343384490423649,wrong_link_child,False,True,8.825151829043543,58.5,10295,10406,,,2,0.3114814758300781,0.9539769887924194,5,,,,-9.979838384315372,5.052288324359134,,10254.0,,7.594489097595215,7.72378396987915,8.825151829043543,2.3627867563472678,0.9953680038452148,-7.8450125912204385,,8.825151829043543,8.716259956359863,9.758257865905762,,10.34366226196289,,12.219230760159014,,,,,L2 true target stolen by an unannotated competitor; cell left unlinked,True
6bba_d1acb6ff,6bba,69000893,70000909,68,2.6012692214570947,wrong_link_both,False,True,12.970617968571283,82.875,12732,12954,12905.0,7.219891487741957,2,0.1627533882856369,0.9836339950561523,6,0.9836339950561523,,-6.5443907653097995,9.767315027071163,2.476483959242373,3.0492265586040963,12799.0,,7.3972487449646,6.706454753875732,16.428003432682466,7.405281047817792,0.8708313703536987,16.115490681724623,,12.970617968571283,9.636772155761719,7.826164722442627,8.318679809570312,7.00189733505249,16.788118008299783,7.500020479601477,,,1.0,0.8208806067705154,"L1b wrong partner chosen, confident (margin > 0.5)",True
6bba_d1acb6ff,6bba,62000790,63000804,61,2.471122277933652,wrong_link_parent,False,True,10.278819504729734,100.75,11898,11952,12041.0,2.6619924255426057,3,0.009092358872294426,0.9649631381034851,4,0.9649631381034851,,-0.5901043070480227,-5.418361157178879,12.372665652511214,2.5957620423393166,,,5.555294036865234,6.2300496101379395,,,,,,10.278819504729734,4.485890865325928,,5.311275482177734,8.540749549865723,10.943065359034536,7.792279527175579,,,1.0,0.9558707792311907,"L1b wrong partner chosen, confident (margin > 0.5)",True
6bba_d1acb6ff,6bba,70000909,71000925,69,2.8726212985703494,wrong_link_both,False,True,7.500020479601477,81.25,12954,13009,13087.0,3.376138768553777,3,0.028808023780584335,0.9810093641281128,5,0.9810093641281128,,2.8719685627147555,-13.30915082897991,3.8378492690865365,1.774854799500499,12905.0,,6.706454753875732,7.936129093170166,16.788118008299783,3.51259699332962,0.9944607019424438,-16.311705792380963,,7.500020479601477,7.00189733505249,8.318679809570312,7.360292434692383,8.887266159057617,16.462284116939802,13.608866996024231,,,1.0,0.9522013403475285,"L1b wrong partner chosen, confident (margin > 0.5)",True
6bba_d1acb6ff,6bba,89001148,90001159,88,7.675867723749543,wrong_link_both,False,True,8.97440729841981,8.125,14915,15051,15025.0,9.568925240478706,1,0.8302141427993774,0.8302141427993774,4,0.8138178586959839,,9.47989380150102,-5.8449888622853905,6.68122506950846,1.302284058926078,14986.0,,12.53040599822998,10.678632736206055,10.830848656878958,2.8131295148210347,0.9293791651725769,-6.762547435471788,,8.97440729841981,10.447537422180176,6.046914100646973,9.402324676513672,7.994823455810547,17.198088222471178,9.852049371185199,,,3.0,-0.016396284103393555,L1c wrong partner: true partner ranked first but taken (greedy),True
6bba_d1acb6ff,6bba,25000251,26000263,24,7.368707591056928,wrong_link_both,False,True,8.85285678967442,26.0,5237,5499,5443.0,4.73778878817626,3,0.675146222114563,0.9875040650367737,9,0.9875040650367737,,0.23526756465435028,2.816087399609387,6.490015798714837,4.7319437628093475,5279.0,,5.497289180755615,6.062417507171631,10.090954389990738,4.395690488809968,0.9888563752174377,0.298694402910769,,8.85285678967442,8.423286437988281,7.956963062286377,8.323434829711914,7.584789276123047,11.513967454314773,8.876888326088139,,,1.0,0.3123578429222107,"L1b wrong partner chosen, intermediate margin",False
6bba_d1acb6ff,6bba,60000753,61000767,59,5.984436194204096,wrong_link_child,False,True,7.855271887087382,42.25,11580,11742,,,2,0.7423809766769409,0.9184179306030273,6,,,,-7.436983620747924,3.1620517965059243,,11545.0,,8.76251220703125,8.623961448669434,11.708380554942384,3.973165449850293,0.9824498891830444,-10.34426184464246,,7.855271887087382,7.462281227111816,8.245491027832031,,7.071102619171143,,7.70474189354224,,,,,L2 true target stolen by an unannotated competitor; cell left unlinked,True
6bba_d1acb6ff,6bba,20000199,21000209,19,5.296851954227152,wrong_link_child,False,True,9.019575605473516,66.625,4156,4336,,,1,0.9751496911048889,0.9751496911048889,5,,,,5.943487936630845,3.4704756985069065,,4148.0,,6.1772284507751465,5.469037055969238,9.019575605473516,6.060054560251074,0.9857116341590881,8.795349974185228,,9.019575605473516,8.918500900268555,9.056818962097168,,9.513991355895996,,12.734094114545853,,,,,L2 true target stolen by an unannotated competitor; cell left unlinked,True
6bba_d1acb6ff,6bba,58000728,59000745,57,3.65625,wrong_link_child,False,True,8.326758858047489,27.625,11281,11398,,,1,0.22934451699256897,0.22934451699256897,6,,,,-8.18452281318605,5.045955729045579,,11277.0,,6.240761756896973,6.72966194152832,8.326758858047489,1.6468578387480866,0.9861268997192383,-6.909186212345958,,8.326758858047489,7.438383102416992,7.617143154144287,,8.168914794921875,,11.969414304530982,,,,,L2 true target stolen by an unannotated competitor; cell left unlinked,True
6bba_d1acb6ff,6bba,26000270,27000284,25,0.8125,wrong_link_child,False,True,6.520179121928198,82.875,5438,5584,,,1,0.9930282235145569,0.9930282235145569,4,,,,-2.9964879965409636,0.8408344319013973,,5420.0,,3.895238161087036,3.5636630058288574,6.520179121928198,3.5162292386353404,0.9939926266670227,-6.284447534941137,,6.520179121928198,8.43028450012207,8.62706184387207,,9.038278579711914,,13.469588379820022,,,,,L2 true target stolen by an unannotated competitor; cell left unlinked,False
6bba_d1acb6ff,6bba,89001154,90001164,88,9.27282867104208,wrong_link_both,False,True,10.230022433552028,39.0,14922,15015,15005.0,10.27644018149041,1,0.9602714776992798,0.9602714776992798,3,0.8356174230575562,,8.175110584124923,-6.912024453282356,6.016395723568939,6.226780045985188,14917.0,,11.621463775634766,12.301197052001953,15.805709958134406,7.544116757348378,0.9766613841056824,-14.433785621076822,,10.230022433552028,9.991533279418945,10.414727210998535,11.59649658203125,10.162895202636719,16.06796708614987,10.945400186541208,,,2.0,-0.12465405464172363,L1c wrong partner: true partner ranked first but taken (greedy),True
6bba_d1acb6ff,6bba,22000220,23000232,21,2.368824207280903,wrong_link_parent,False,True,13.928138869497253,68.25,4532,4788,4764.0,2.7222706915907455,2,0.9945659637451172,0.9957745671272278,5,0.9957745671272278,,0.8318116758018732,-3.846273709088564,3.5200495696879335,2.5920738905929426,,,5.862174034118652,5.732601165771484,,,,,,13.928138869497253,9.739948272705078,,9.183869361877441,8.797035217285156,5.143074916483775,5.143074916483775,,,1.0,0.0012086033821105957,"L1a wrong partner chosen, near-tie (margin < 0.1)",True
6bba_d1acb6ff,6bba,49000559,50000572,48,7.708051796660425,wrong_link_parent,False,True,9.47810624337737,39.0,9733,9951,9998.0,5.936687081293094,2,0.9198520183563232,0.9762380123138428,5,0.9762380123138428,,-0.5929479356855154,-7.907638877630234,4.027780614687487,5.907001459857497,,,8.456500053405762,8.082869529724121,,,,,,9.47810624337737,10.370279312133789,,8.226696014404297,8.863113403320312,8.681588265551458,8.681588265551458,,,2.0,0.05638599395751953,"L1a wrong partner chosen, near-tie (margin < 0.1)",True
6bba_d1acb6ff,6bba,4000056,5000077,3,2.6012692214570947,wrong_link_parent,False,True,6.177621881909362,87.75,820,1048,999.0,2.1863883963185873,2,0.9883820414543152,0.9954965114593506,5,0.9954965114593506,,-0.04321515001356602,-6.70659500034526,0.32984812316115797,2.185961269182478,,,4.067284107208252,4.263899326324463,,,,,,6.177621881909362,8.481559753417969,,8.827537536621094,8.350777626037598,7.10599817830872,7.10599817830872,,,2.0,0.0071144700050354,"L1a wrong partner chosen, near-tie (margin < 0.1)",True
6bba_d1acb6ff,6bba,50000582,51000596,49,1.7235727791422095,wrong_link_both,False,True,9.45701020186756,94.25,10014,10080,10186.0,3.2383558453917654,2,0.8000471591949463,0.9949761629104614,8,0.9949761629104614,,-0.05937058641575277,1.8733515362255275,6.217829967746799,3.2378115625915704,9906.0,,5.33400821685791,6.5253682136535645,9.962790346713353,3.663043259374542,0.9932241439819336,4.228350940626115,,9.45701020186756,7.919623851776123,9.829907417297363,7.9669599533081055,9.778265953063965,9.428319899355218,9.428319899355218,,,2.0,0.19492900371551514,"L1b wrong partner chosen, intermediate margin",False
6bba_d1acb6ff,6bba,80001058,81001069,79,4.394265616971737,wrong_link_child,False,True,7.875414823478885,56.875,14112,14209,,,1,0.9510976672172546,0.9510976672172546,4,,,,3.6139738839119673,5.49045920530722,,14106.0,,8.695686340332031,8.78426742553711,8.657054789652157,5.409875008634148,0.9820338487625122,7.318124542012811,,7.875414823478885,7.89896821975708,7.974677085876465,,7.966545104980469,,13.595278288129958,,,,,L2 true target stolen by an unannotated competitor; cell left unlinked,True
6bba_d1acb6ff,6bba,19000185,20000194,18,1.4647552056572457,wrong_link_parent,False,True,10.898491774056316,26.0,4061,4242,4241.0,1.314981401130763,2,0.9924977421760559,0.9948977828025818,3,0.9948977828025818,,-0.2971092686057091,-3.923571649938822,1.641669567310082,1.280977036417283,,,5.9202961921691895,6.349213600158691,,,,,,10.898491774056316,7.6993727684021,,8.026633262634277,8.021580696105957,4.046818877589659,4.046818877589659,,,1.0,0.002400040626525879,"L1a wrong partner chosen, near-tie (margin < 0.1)",True
6bba_d1acb6ff,6bba,68000881,69000897,67,7.66510966979599,division_second_child,True,True,10.836613266405474,21.125,12600,12796,12801.0,2.8748109101857984,2,0.969321608543396,0.9795439839363098,6,0.9795439839363098,69000898.0,-0.3872436434030533,-1.3317806515842676,4.881933780842339,2.8486102102546824,,,11.974603652954102,7.343280792236328,,,,,,10.836613266405474,9.797916412353516,,7.7980756759643555,7.866710186004639,7.593773775737085,7.593773775737085,0.0,,1.0,0.010222375392913818,L4 division (second child never linked),False
