name,emb,gid,t,z,y,x,z_um,snr,intensity_rel,near_um,near_pid,near_dxy_um,near_dz_um,near_claimed_by,near_claimed_um,near_logit,second_um,second_claimed,other_gt_um,other_gt_gid,other_gt_detected,n_pred_10,t_frac,parent_detected,child_detected,run_len,has_parent,n_children,to_div,since_div,p_at,p_max1,peak_in1,p_max2,peak_in2,argmax_off_grid,p_max3,peak_in3,nearest_peak_um_grid,artefact,merged,bright,dim,run_cls,mech
44b6_1574802b,44b6,143000000021,4,63,101,254,102.375,10.383604049682617,0.7225824594497681,6.790121765314298,1206,6.5763251444549145,-1.6904736561700702,,,5.468808174133301,9.556867611819996,False,,,,2,0.04040404040404041,,False,2,False,1,,,0.9946209192276001,0.9985902905464172,False,0.9985902905464172,False,"[-1, 0, -1]",0.9988572597503662,False,6.700046641628698,True,False,True,False,2 frames,"D5 local-metric truncation artefact (detection 5.6-7 um away, mostly in z)"
44b6_1574802b,44b6,144000000021,5,63,102,248,102.375,10.588132858276367,0.7176773548126221,7.2310649373115,1441,7.09519789099877,-1.3951584193855524,,,6.091283798217773,9.096077843008482,False,,,,2,0.050505050505050504,False,True,2,True,1,,,0.9955980181694031,0.998553454875946,False,0.998586893081665,False,"[-2, 1, -1]",0.9990083575248718,False,6.700046641628698,False,False,True,False,2 frames,D3 field above threshold but no peak kept (ridge into a neighbour)
44b6_1574802b,44b6,161000000020,22,63,99,251,102.375,10.354656219482422,0.6129507422447205,7.750602092366077,5407,4.089398761718715,-6.5839692102745175,,,8.981880187988281,11.960294992849226,False,23.25581664471278,161000000021.0,True,1,0.2222222222222222,True,True,1,True,1,,,0.9924548864364624,0.999711811542511,False,0.9998468160629272,False,"[-2, 1, -1]",0.9998581409454346,False,7.960841664045329,False,False,True,False,1 frame,D3 field above threshold but no peak kept (ridge into a neighbour)
44b6_1574802b,44b6,163000000020,24,63,98,250,102.375,9.7869291305542,0.5616538524627686,8.812263001468882,5823,5.238491398201661,-7.086196940392256,,,11.789074897766113,12.551743740686403,False,27.699577642312526,163000000021.0,True,1,0.24242424242424243,True,False,2,True,1,,,0.9942684173583984,0.999153733253479,False,0.999725878238678,False,"[-2, 1, -1]",0.999962568283081,False,8.75089281159357,False,False,True,False,2 frames,D3 field above threshold but no peak kept (ridge into a neighbour)
44b6_1574802b,44b6,164000000020,25,63,97,247,102.375,8.470792770385742,0.48229551315307617,10.449652960185295,6074,5.894562111887347,-8.628405675292015,,,11.007567405700684,12.262788243517816,False,29.67572134759322,164000000021.0,True,0,0.25252525252525254,False,True,2,True,1,,,0.9961469173431396,0.9985583424568176,False,0.9987155199050903,False,"[-2, 1, -1]",0.9993544220924377,False,10.017172754824587,False,False,True,False,2 frames,D3 field above threshold but no peak kept (ridge into a neighbour)
44b6_1574802b,44b6,166000000020,27,63,100,236,102.375,10.56650447845459,0.587293267250061,9.349406187459914,6635,6.70574869742683,-6.514931347686797,,,8.16348934173584,10.28588579660661,False,28.230721436273996,166000000021.0,True,1,0.2727272727272727,True,True,1,True,1,,,0.9955494403839111,0.9982365369796753,False,0.9983096122741699,False,"[-2, 0, -2]",0.9995303153991699,False,9.334914300624297,False,False,True,False,1 frame,D3 field above threshold but no peak kept (ridge into a neighbour)
44b6_1574802b,44b6,168000000020,29,63,101,227,102.375,10.348983764648438,0.5518210530281067,8.476039840239338,7130,3.6212588079263033,-7.663532868027687,,,7.970072269439697,10.863928200994328,False,29.56707483100924,168000000021.0,True,1,0.29292929292929293,True,True,1,True,1,,,0.9983181953430176,0.999241828918457,False,0.9994064569473267,False,"[-2, -1, -1]",0.9996138215065002,False,8.900491559458949,False,False,True,False,1 frame,D3 field above threshold but no peak kept (ridge into a neighbour)
44b6_1574802b,44b6,175000000022,36,43,123,151,69.875,11.49384593963623,0.5401536226272583,9.05403428394792,8802,6.620783517216982,6.175820790231228,,,7.186827182769775,10.33755274875753,False,32.362600183313454,175000000021.0,True,1,0.36363636363636365,True,True,1,True,1,,,0.9936827421188354,0.9979230761528015,False,0.9986602067947388,False,"[2, 1, 2]",0.9991968274116516,False,9.334914300624297,False,False,True,False,1 frame,D3 field above threshold but no peak kept (ridge into a neighbour)
44b6_1574802b,44b6,177000000021,38,56,108,190,91.0,15.369251251220703,0.6806085109710693,8.920251573336833,9110,3.720184739049757,8.107472703559324,,,8.646162986755371,9.008041805632738,False,31.236372028454266,177000000022.0,True,2,0.3838383838383838,True,True,1,True,1,,,0.9995262622833252,0.9995535016059875,False,0.9997016787528992,False,"[2, -1, 1]",0.9997459053993225,False,9.475296829123613,False,False,True,False,1 frame,D3 field above threshold but no peak kept (ridge into a neighbour)
44b6_1574802b,44b6,181000000022,42,39,123,128,63.375,13.294336318969727,0.5586865544319153,9.162211166780716,9964,7.9766477653506,-4.507682763040066,,,8.055537223815918,10.462810172870926,False,34.28904024976494,181000000021.0,True,1,0.42424242424242425,True,True,1,True,1,,,0.997957706451416,0.9990648627281189,False,0.9990648627281189,False,"[1, 0, -1]",0.9998432397842407,False,8.75089281159357,False,False,True,False,1 frame,D3 field above threshold but no peak kept (ridge into a neighbour)
44b6_1574802b,44b6,183000000021,44,52,112,194,84.5,15.80888843536377,0.6214972138404846,7.877796496662047,10298,7.0048840610956535,-3.6043414007872343,,,11.28384780883789,8.330153289104967,False,35.222132712436654,183000000022.0,True,2,0.4444444444444444,True,True,1,True,1,,,0.9998929500579834,0.9999046325683594,False,0.9999725818634033,False,"[-2, 2, -2]",0.9999873638153076,True,6.700046641628698,False,False,True,False,1 frame,D3 field above threshold but no peak kept (ridge into a neighbour)
44b6_1574802b,44b6,189000000022,50,32,128,128,52.0,13.587510108947754,0.48504894971847534,8.38269370931744,11429,6.113121492826659,-5.735791090875864,,,12.905442237854004,10.19820682855714,False,39.81457265013025,189000000021.0,True,1,0.5050505050505051,True,True,1,True,1,,,0.9996769428253174,0.9996769428253174,False,0.9998787641525269,False,"[-2, 2, -2]",0.9999973773956299,False,8.75089281159357,False,False,True,False,1 frame,D3 field above threshold but no peak kept (ridge into a neighbour)
44b6_1574802b,44b6,193000000021,54,43,119,133,69.875,17.45182991027832,0.5599095821380615,6.776300182931548,12108,3.6223457291061036,-5.726853899657726,,,10.700264930725098,9.883831726218006,False,31.418125864101125,193000000022.0,True,2,0.5454545454545454,True,False,2,True,1,,,0.9987233281135559,0.999760091304779,False,0.9999494552612305,False,"[-2, 2, 2]",0.9999771118164062,False,7.960841664045329,True,False,True,False,2 frames,"D5 local-metric truncation artefact (detection 5.6-7 um away, mostly in z)"
44b6_1574802b,44b6,194000000021,55,42,120,127,68.25,16.50419044494629,0.5220484733581543,7.87054431622865,12270,4.12462356987498,-6.7032043263316154,,,10.712996482849121,9.354176192378786,False,31.418125864101125,194000000022.0,True,2,0.5555555555555556,False,True,2,True,1,,,0.9990527033805847,0.999134361743927,False,0.9996683597564697,False,"[-2, 0, 2]",0.9999494552612305,False,8.285906709588275,False,False,True,False,2 frames,D3 field above threshold but no peak kept (ridge into a neighbour)
44b6_1574802b,44b6,195000000022,56,22,133,100,35.75,17.868406295776367,0.5571261048316956,8.572694634892805,12421,4.3824695357243995,7.3678391724824905,,,15.004437446594238,11.367061084959362,False,32.21693132597361,195000000021.0,True,1,0.5656565656565656,True,True,1,True,1,,,0.9996989965438843,0.9998476505279541,False,0.9999696016311646,False,"[2, 1, 1]",0.9999972581863403,False,7.44668550430324,False,False,True,False,1 frame,D3 field above threshold but no peak kept (ridge into a neighbour)
44b6_1574802b,44b6,211000000021,72,31,121,92,50.375,19.14181900024414,0.47573432326316833,8.288455303832365,14807,6.540913840046762,-5.0906716119498014,,,7.4971418380737305,11.078861311836537,False,46.61973202478217,211000000022.0,True,1,0.7272727272727273,True,False,2,True,1,,,0.9963340759277344,0.9982465505599976,False,0.998637855052948,False,"[2, 0, -2]",0.9999375343322754,False,8.125,False,False,True,False,2 frames,D3 field above threshold but no peak kept (ridge into a neighbour)
44b6_1574802b,44b6,212000000021,73,31,123,89,50.375,19.777938842773438,0.49154388904571533,8.614287111925474,14952,7.121614258608935,-4.846499024890363,,,7.42539119720459,10.28314786602551,False,45.485488757404816,212000000022.0,True,1,0.7373737373737373,False,True,2,True,1,,,0.9964170455932617,0.9987867474555969,False,0.9997890591621399,False,"[2, 1, -2]",0.9999858140945435,False,8.125,False,False,True,False,2 frames,D3 field above threshold but no peak kept (ridge into a neighbour)
44b6_706092f0,44b6,447000000016,50,34,136,126,55.25,1.1614477634429932,0.32329851388931274,3.5624162129690027,31241,3.00633385934275,-1.9112210758030415,447000000015.0,1.5920000737883169,9.227433204650879,8.748167760071187,False,4.667457150312148,447000000015.0,True,2,0.5050505050505051,True,False,7,True,1,,1.0,0.8340726494789124,0.9989442229270935,False,0.9999016523361206,True,"[-1, -2, 1]",0.9999016523361206,True,3.9804208320226646,False,True,False,True,>=3 frames,D4 merged: nearest detection claimed by a neighbouring GT cell
44b6_706092f0,44b6,448000000016,51,35,136,126,56.875,1.2218296527862549,0.3355472683906555,5.467089977192669,31866,4.502305479656543,-3.1013413527980447,448000000015.0,2.376445629044949,9.39742660522461,8.281149606856513,False,6.214430032191206,448000000015.0,True,2,0.5151515151515151,False,False,7,True,1,,2.0,0.9055177569389343,0.9993357062339783,False,0.9998643398284912,False,"[-2, -2, 1]",0.9999386072158813,True,5.859020822628983,False,True,False,True,>=3 frames,D4 merged: nearest detection claimed by a neighbouring GT cell
44b6_706092f0,44b6,449000000016,52,35,136,126,56.875,1.2371920347213745,0.33976614475250244,5.360389544253284,32505,4.0391235977839886,-3.524096569046378,449000000015.0,1.8651003300823077,9.00119400024414,8.751176907262208,False,6.107276653713994,449000000015.0,True,2,0.5252525252525253,False,False,7,True,1,,3.0,0.9879133105278015,0.9992848038673401,False,0.9998041987419128,False,"[-2, -2, 1]",0.9999545812606812,True,5.859020822628983,False,True,False,True,>=3 frames,D4 merged: nearest detection claimed by a neighbouring GT cell
44b6_706092f0,44b6,450000000016,53,35,138,129,56.875,1.2256661653518677,0.3352288603782654,7.1437599994596255,33134,3.788572263480885,-6.056403812021017,450000000015.0,0.8500918938974628,8.638374328613281,10.562515450162104,False,7.468815376282908,450000000015.0,True,1,0.5353535353535354,False,False,7,True,1,,4.0,0.9991508722305298,0.9993440508842468,False,0.9997280240058899,False,"[-2, -2, -1]",0.9997623562812805,False,7.267220926874317,False,False,False,True,>=3 frames,D3 field above threshold but no peak kept (ridge into a neighbour)
44b6_706092f0,44b6,451000000016,54,35,139,128,56.875,1.1913036108016968,0.3284975290298462,7.1387626870789465,33751,3.487853183406093,-6.228708764538169,451000000015.0,0.7619282049194878,8.872119903564453,10.270998636630791,False,7.3125,451000000015.0,True,1,0.5454545454545454,False,False,7,True,1,,5.0,0.9991092085838318,0.9991092085838318,False,0.9996249675750732,False,"[-2, -1, 0]",0.9996249675750732,False,7.267220926874317,False,False,False,True,>=3 frames,D3 field above threshold but no peak kept (ridge into a neighbour)
44b6_706092f0,44b6,452000000016,55,34,139,132,55.25,1.1831074953079224,0.3257960379123688,6.203529400619781,34370,3.8477788554374275,-4.8660430437885225,452000000015.0,1.6596566366500667,8.965714454650879,11.127337033030953,False,7.632744530147724,452000000015.0,True,1,0.5555555555555556,False,False,7,True,1,,6.0,0.9977973699569702,0.9990297555923462,False,0.9995129108428955,False,"[-2, -2, -2]",0.9998723268508911,True,6.080193253507654,False,True,False,True,>=3 frames,D4 merged: nearest detection claimed by a neighbouring GT cell
44b6_706092f0,44b6,453000000016,56,34,141,130,55.25,1.2175774574279785,0.3325621783733368,6.818325752899946,34973,4.952405221261836,-4.686496409587562,453000000015.0,1.0170376424824015,9.088285446166992,11.053538719402656,False,6.397631397634597,453000000015.0,True,1,0.5656565656565656,False,True,7,True,1,,7.0,0.9908517003059387,0.9993269443511963,False,0.999390721321106,False,"[-2, -2, 0]",0.9998869895935059,True,7.083210783253595,False,True,False,True,>=3 frames,D4 merged: nearest detection claimed by a neighbouring GT cell
44b6_706092f0,44b6,461000000012,64,32,142,128,52.0,1.282997488975525,0.34923383593559265,6.18376498388189,39958,5.792073805645519,-2.165832497179508,461000000011.0,3.851518126574531,8.80392074584961,12.583686951786497,False,6.147678042358757,461000000011.0,True,1,0.6464646464646465,True,True,1,True,1,,,0.9988294243812561,0.999622106552124,False,0.999622106552124,False,"[-1, 0, 1]",0.9998499155044556,True,6.080193253507654,False,True,False,True,1 frame,D4 merged: nearest detection claimed by a neighbouring GT cell
44b6_d5e7d891,44b6,167000000051,6,17,238,168,27.625,4.324760913848877,0.4216141700744629,7.229947034264436,2048,5.2478743850753045,4.973122616298497,,,7.0329437255859375,8.329500973392037,False,26.76629541629734,167000000052.0,True,5,0.06060606060606061,True,True,1,True,1,,,0.9991268515586853,0.9994891881942749,False,0.9995488524436951,False,"[2, 0, 1]",0.9996505975723267,True,7.621925609713073,False,False,False,False,1 frame,D3 field above threshold but no peak kept (ridge into a neighbour)
44b6_d5e7d891,44b6,170000000016,9,21,135,164,34.125,4.733189105987549,0.4828082323074341,7.079185294542165,2797,6.852347106012352,-1.7776961419731379,,,9.296863555908203,7.558901941623777,False,28.13702867774954,170000000010.0,True,3,0.09090909090909091,True,True,1,True,1,,,0.9998206496238708,0.9998395442962646,False,0.9998875856399536,False,"[2, 1, 0]",0.9998875856399536,False,6.700046641628698,False,False,False,False,1 frame,D3 field above threshold but no peak kept (ridge into a neighbour)
44b6_d5e7d891,44b6,173000000062,12,0,81,32,0.0,3.367567539215088,0.3843137323856354,7.560893560434912,3801,6.403490696656281,4.020251028239727,,,9.130924224853516,7.680240208848226,False,43.04141582897221,173000000015.0,True,2,0.12121212121212122,True,True,1,True,1,,,0.690193772315979,0.9970641732215881,False,0.9991528987884521,False,"[2, 0, -2]",0.9998917579650879,True,6.700046641628698,False,False,False,False,1 frame,D3 field above threshold but no peak kept (ridge into a neighbour)
44b6_d5e7d891,44b6,177000000062,16,2,88,39,3.25,3.9306862354278564,0.46676358580589294,8.41371789004811,5480,8.266292449160012,-1.5681383479386568,,,4.206632614135742,8.418072302085543,False,40.72440962202521,177000000016.0,True,3,0.16161616161616163,True,True,1,True,1,,,0.9987789988517761,0.9991735816001892,False,0.9995995163917542,False,"[2, 0, 1]",0.9995995163917542,False,8.443747686898277,False,False,False,False,1 frame,D3 field above threshold but no peak kept (ridge into a neighbour)
44b6_d5e7d891,44b6,179000000016,18,22,124,100,35.75,4.037258625030518,0.5083263516426086,7.435726285514099,5894,3.560106830603608,-6.528067458886653,,,9.287023544311523,7.999760060029834,False,22.258644739179427,179000000017.0,True,3,0.18181818181818182,True,True,1,True,1,,,0.9997071623802185,0.9997798800468445,False,0.9997798800468445,False,"[0, -1, -1]",0.999940037727356,False,7.267220926874317,False,False,False,False,1 frame,D3 field above threshold but no peak kept (ridge into a neighbour)
44b6_d5e7d891,44b6,180000000025,19,33,188,29,53.625,3.9766523838043213,0.506828248500824,7.748816876836769,6479,6.3987161621978,-4.370422687381506,,,7.663146018981934,7.935397115829345,False,32.50253896332562,180000000026.0,True,3,0.1919191919191919,True,True,1,True,1,,,0.9970295429229736,0.9989474415779114,False,0.999660849571228,False,"[1, -2, 2]",0.9997774958610535,False,6.700046641628698,False,False,False,False,1 frame,D3 field above threshold but no peak kept (ridge into a neighbour)
44b6_d5e7d891,44b6,184000000025,23,33,189,32,53.625,4.038510799407959,0.5258339047431946,7.375333336580679,7890,5.461129038132654,4.956976039335132,,,8.354377746582031,8.182336723842795,False,32.654515504176445,184000000026.0,True,4,0.23232323232323232,True,True,1,True,1,,,0.9993587136268616,0.9994750618934631,False,0.9996525049209595,False,"[1, -2, 2]",0.999764621257782,True,7.621925609713073,False,False,False,False,1 frame,D3 field above threshold but no peak kept (ridge into a neighbour)
44b6_d5e7d891,44b6,185000000048,24,17,236,171,27.625,4.508881568908691,0.5980054140090942,8.942455943099512,8235,3.408695818878636,8.267303738743067,,,8.405163764953613,9.902156989993804,False,20.829971082853188,185000000049.0,True,2,0.24242424242424243,True,True,1,True,1,,,0.9992565512657166,0.9995248317718506,False,0.9995248317718506,False,"[1, 0, 1]",0.9995512366294861,False,8.75089281159357,False,False,False,False,1 frame,D3 field above threshold but no peak kept (ridge into a neighbour)
44b6_d5e7d891,44b6,186000000010,25,17,151,220,27.625,4.028401851654053,0.5387178063392639,8.17153883835377,8552,6.821708442730466,-4.498704358935356,,,8.769619941711426,8.408457659282105,False,25.334500469961906,186000000034.0,True,2,0.25252525252525254,True,True,1,True,1,,,0.9998241066932678,0.9998822212219238,False,0.9998822212219238,False,"[-1, 0, 0]",0.9999194145202637,False,8.285906709588275,False,False,False,False,1 frame,D3 field above threshold but no peak kept (ridge into a neighbour)
44b6_d5e7d891,44b6,187000000060,26,0,79,88,0.0,3.0922043323516846,0.4264639616012573,8.828120742718445,9163,8.582562727448948,2.0676878094673157,,,7.209696292877197,10.964748310609885,False,11.948170950505354,187000000059.0,True,1,0.26262626262626265,,True,1,False,1,,,0.8708989024162292,0.9990715980529785,False,0.9994851350784302,False,"[2, -1, -1]",0.9994851350784302,False,7.44668550430324,False,False,False,False,1 frame,D3 field above threshold but no peak kept (ridge into a neighbour)
44b6_d5e7d891,44b6,189000000025,28,35,189,33,56.875,4.202041149139404,0.6197987794876099,6.05920358911453,9702,3.4010176902843368,-5.014681126922369,,,8.823331832885742,8.027840529750087,False,32.32177695648864,189000000026.0,True,3,0.2828282828282828,True,False,2,True,1,,,0.9989452958106995,0.9995551705360413,False,0.9996905326843262,False,"[-2, -2, 0]",0.9998527765274048,True,5.859020822628983,True,False,False,False,2 frames,"D5 local-metric truncation artefact (detection 5.6-7 um away, mostly in z)"
44b6_d5e7d891,44b6,190000000025,29,35,189,30,56.875,4.11525821685791,0.6373709440231323,6.0838872785205815,10201,2.9875983122449687,-5.299805726855993,,,8.029788970947266,7.734900942925459,False,33.70161462192873,190000000026.0,False,3,0.29292929292929293,False,True,2,True,1,,,0.9988824725151062,0.9995730519294739,False,0.9995730519294739,False,"[-1, -1, 1]",0.9996745586395264,True,5.859020822628983,True,False,False,False,2 frames,"D5 local-metric truncation artefact (detection 5.6-7 um away, mostly in z)"
44b6_d5e7d891,44b6,190000000026,29,48,226,83,78.0,3.031522035598755,0.4695219099521637,7.577605805497243,10081,6.401607507556149,-4.054569158703089,,,8.869443893432617,9.944524575123783,False,33.70161462192873,190000000025.0,False,2,0.29292929292929293,True,True,1,True,1,,,0.9996848106384277,0.9996848106384277,False,0.9997405409812927,False,"[-2, 2, 0]",0.9997811913490295,False,7.960841664045329,False,False,False,False,1 frame,D3 field above threshold but no peak kept (ridge into a neighbour)
44b6_d5e7d891,44b6,195000000017,34,29,130,163,47.125,2.94901180267334,0.5226877927780151,6.365945391533419,12080,5.341967755981642,-3.462461728602648,,,9.23295783996582,7.877942923217152,False,25.02315334095605,195000000016.0,True,4,0.3434343434343434,True,True,1,True,1,,,0.9996228218078613,0.9996228218078613,False,0.9997485280036926,False,"[-2, 2, 1]",0.9999333620071411,True,6.700046641628698,True,False,False,False,1 frame,"D5 local-metric truncation artefact (detection 5.6-7 um away, mostly in z)"
44b6_d5e7d891,44b6,198000000010,37,21,145,223,34.125,2.862495183944702,0.5442461371421814,7.263246757437983,13466,7.039744524317577,-1.787945886142552,,,8.491129875183105,8.163186037751213,False,22.67006044599352,198000000033.0,True,4,0.37373737373737376,True,True,1,True,1,,,0.9984662532806396,0.9996826648712158,False,0.9997240900993347,False,"[-2, -1, 1]",0.9997947812080383,True,6.080193253507654,False,False,False,False,1 frame,D3 field above threshold but no peak kept (ridge into a neighbour)
44b6_d5e7d891,44b6,198000000011,37,8,118,196,13.0,2.9490766525268555,0.5607079267501831,7.618554701912439,13376,3.6769080168024617,-6.672534989193082,,,9.402915954589844,8.726082558589216,False,18.810734967034115,198000000033.0,True,4,0.37373737373737376,True,True,1,True,1,,,0.9996138215065002,0.9996229410171509,False,0.9996402263641357,False,"[2, 0, 0]",0.9998164772987366,False,7.267220926874317,False,False,False,False,1 frame,D3 field above threshold but no peak kept (ridge into a neighbour)
44b6_d5e7d891,44b6,198000000056,37,1,74,87,1.625,2.5758979320526123,0.48975545167922974,9.03182912542807,13669,8.204514906614572,3.776224635541439,,,7.259152412414551,10.720625266811624,False,22.240100501402864,198000000055.0,True,1,0.37373737373737376,True,False,3,True,1,,,0.999221682548523,0.9995600581169128,False,0.9995600581169128,False,"[1, 0, 0]",0.9996848106384277,False,8.75089281159357,False,False,False,False,>=3 frames,D3 field above threshold but no peak kept (ridge into a neighbour)
44b6_d5e7d891,44b6,199000000055,38,2,75,89,3.25,2.3857288360595703,0.4670015275478363,8.588737875224238,14133,8.584240373447487,0.2779127564281225,,,7.098911762237549,10.010774331016352,False,21.877232028983922,199000000054.0,True,1,0.3838383838383838,False,False,3,True,1,,,0.9977801442146301,0.9995236396789551,False,0.9996480941772461,False,"[2, 0, -1]",0.9996974468231201,False,8.125,False,False,False,False,>=3 frames,D3 field above threshold but no peak kept (ridge into a neighbour)
44b6_d5e7d891,44b6,200000000054,39,2,74,91,3.25,2.168879270553589,0.43482705950737,8.486057784130843,14560,8.485964815683507,-0.03972231852822006,,,7.256070613861084,10.978457631263131,False,22.406446128848724,200000000053.0,True,1,0.3939393939393939,False,True,3,True,1,,,0.9990025162696838,0.9993982315063477,False,0.9993990659713745,False,"[2, -1, -1]",0.9996428489685059,False,8.125,False,False,False,False,>=3 frames,D3 field above threshold but no peak kept (ridge into a neighbour)
44b6_d5e7d891,44b6,207000000043,46,6,214,174,9.75,1.9071124792099,0.4399089515209198,8.125542545146619,17634,7.218643266591302,3.730366073548794,,,7.9380340576171875,9.301580731302503,False,19.098071319507632,207000000042.0,True,2,0.46464646464646464,True,True,1,True,1,,,0.9985468983650208,0.9985468983650208,False,0.9987455606460571,False,"[-2, -1, -1]",0.9990990161895752,False,7.267220926874317,False,False,False,True,1 frame,D3 field above threshold but no peak kept (ridge into a neighbour)
44b6_d5e7d891,44b6,212000000025,51,41,191,39,66.625,2.5446927547454834,0.6323889493942261,7.886086156933073,19870,7.809646389676555,-1.0953438468277454,,,8.365226745605469,8.067902472759316,False,25.760863151542498,212000000026.0,True,4,0.5151515151515151,True,False,2,True,1,,,0.9692423939704895,0.9976871013641357,False,0.9989784955978394,False,"[2, 0, 2]",0.9995972514152527,False,8.443747686898277,False,False,False,False,2 frames,D3 field above threshold but no peak kept (ridge into a neighbour)
44b6_d5e7d891,44b6,213000000011,52,9,108,200,14.625,2.4614508152008057,0.6154982447624207,7.244493120713885,20437,7.071029977530532,-1.5758222085423768,,,7.886349678039551,7.319835231907135,False,13.504375737608163,213000000033.0,False,4,0.5252525252525253,True,True,1,True,1,,,0.9990187883377075,0.9994708895683289,False,0.9994708895683289,False,"[1, 0, 0]",0.9997281432151794,True,6.894291116568838,False,False,False,False,1 frame,D3 field above threshold but no peak kept (ridge into a neighbour)
44b6_d5e7d891,44b6,213000000025,52,41,190,39,66.625,2.423671007156372,0.6060512661933899,8.365092311087784,20493,7.874718096116479,-2.821982331573963,,,7.628648281097412,8.405619178809932,False,24.526870628200818,213000000026.0,True,7,0.5252525252525253,False,True,2,True,1,,,0.9800732731819153,0.9979656934738159,False,0.9990056157112122,False,"[1, 1, 2]",0.9994683861732483,False,7.960841664045329,False,False,False,False,2 frames,D3 field above threshold but no peak kept (ridge into a neighbour)
44b6_d5e7d891,44b6,213000000033,52,9,96,231,14.625,2.4101145267486572,0.6026613712310791,7.276282558277906,20551,7.201612887013481,-1.0397402048110962,,,7.2561187744140625,8.53993626240804,False,13.504375737608163,213000000011.0,False,6,0.5252525252525253,True,True,1,True,1,,5.0,0.9970579147338867,0.9995525479316711,False,0.9996631145477295,False,"[-2, 1, 0]",0.9997485280036926,False,8.285906709588275,False,False,False,False,1 frame,D3 field above threshold but no peak kept (ridge into a neighbour)
44b6_d5e7d891,44b6,216000000016,55,32,126,131,52.0,2.2053017616271973,0.574282169342041,7.724512726819401,21622,5.586166217011868,5.335057999938726,,,9.615633964538574,7.982456832718167,False,24.429106614855975,216000000017.0,True,5,0.5555555555555556,True,True,1,True,1,,,0.9995967745780945,0.9999058246612549,False,0.9999058246612549,False,"[-1, 0, 0]",0.9999333620071411,True,6.700046641628698,False,False,False,False,1 frame,D3 field above threshold but no peak kept (ridge into a neighbour)
44b6_d5e7d891,44b6,218000000011,57,9,102,208,14.625,2.112849473953247,0.5641712546348572,8.04953900633248,22775,6.6779964322300405,-4.494378918781877,,,7.978481292724609,8.319989431091514,False,7.729433396116432,218000000033.0,True,5,0.5757575757575758,True,True,1,True,1,,,0.9969602227210999,0.9989726543426514,False,0.9994396567344666,False,"[2, 1, 0]",0.9997294545173645,False,8.125,False,False,False,False,1 frame,D3 field above threshold but no peak kept (ridge into a neighbour)
44b6_d5e7d891,44b6,218000000016,57,34,128,137,55.25,2.1908140182495117,0.5849893093109131,7.098610675065418,22557,5.048586772992746,4.990194897167385,,,9.999573707580566,7.782415278098588,False,23.07056515481361,218000000017.0,True,6,0.5757575757575758,True,True,1,True,1,,,0.9991118311882019,0.9998157620429993,False,0.999907374382019,False,"[1, -2, 2]",0.9999583959579468,True,6.700046641628698,False,False,False,False,1 frame,D3 field above threshold but no peak kept (ridge into a neighbour)
44b6_d5e7d891,44b6,219000000043,58,4,204,166,6.5,1.84787917137146,0.5070573687553406,7.945253996454148,23453,7.448571638122321,2.7651115022599697,,,6.748636245727539,8.923337713825012,False,22.169490930668662,219000000042.0,True,2,0.5858585858585859,True,True,1,True,1,,,0.993696391582489,0.9958195686340332,False,0.9958195686340332,False,"[0, -1, 1]",0.9990643858909607,True,7.621925609713073,False,False,False,True,1 frame,D3 field above threshold but no peak kept (ridge into a neighbour)
44b6_d5e7d891,44b6,220000000011,59,9,98,209,14.625,2.192403554916382,0.6061834096908569,7.539940918714001,23681,7.324964568343527,-1.787624997086823,220000000033.0,3.277994664210212,8.282781600952148,8.080707673565824,False,8.165523942160723,220000000033.0,True,5,0.5959595959595959,True,True,1,True,1,,,0.9987601041793823,0.999038815498352,False,0.999038815498352,False,"[1, 0, 0]",0.999509334564209,False,6.894291116568838,False,False,False,False,1 frame,D3 field above threshold but no peak kept (ridge into a neighbour)
44b6_d5e7d891,44b6,222000000016,61,32,118,138,52.0,2.2505438327789307,0.6458103656768799,6.911918876218485,24507,6.765158921058444,-1.4167735613882542,,,9.362943649291992,8.029363328916109,False,22.236389798031514,222000000017.0,True,6,0.6161616161616161,True,True,1,True,1,,,0.9998107552528381,0.9999245405197144,False,0.9999245405197144,False,"[-1, 0, 0]",0.9999454021453857,False,6.700046641628698,True,False,False,False,1 frame,"D5 local-metric truncation artefact (detection 5.6-7 um away, mostly in z)"
44b6_d5e7d891,44b6,222000000025,61,44,192,57,71.5,2.368593692779541,0.679685652256012,7.565111674575773,24713,3.82724239518018,-6.525575093226507,,,7.889503002166748,7.686980360237227,False,15.03125,222000000026.0,True,8,0.6161616161616161,True,True,1,True,1,,,0.9975681900978088,0.9995204210281372,False,0.9995483756065369,False,"[2, -2, 1]",0.9996659755706787,False,7.44668550430324,False,False,False,False,1 frame,D3 field above threshold but no peak kept (ridge into a neighbour)
44b6_d5e7d891,44b6,224000000025,63,45,191,64,73.125,2.272136926651001,0.6722802519798279,6.343480305643093,25747,3.724417795308056,-5.135022344067693,,,7.589200019836426,8.106632682203069,False,14.948675213041456,224000000026.0,True,6,0.6363636363636364,True,False,2,True,1,,,0.9992356300354004,0.9994283318519592,False,0.9994949102401733,False,"[2, -1, -1]",0.9997928738594055,True,6.700046641628698,True,False,False,False,2 frames,"D5 local-metric truncation artefact (detection 5.6-7 um away, mostly in z)"
44b6_d5e7d891,44b6,224000000033,63,6,86,230,9.75,2.475701093673706,0.7325108647346497,6.601845749332421,25593,2.8313931737230797,-5.9638561345636845,,,8.286456108093262,7.016673509164514,False,13.313600306641325,224000000011.0,True,5,0.6363636363636364,True,True,1,True,1,,,0.9995313882827759,0.9995821118354797,False,0.9997403025627136,False,"[-2, -2, 0]",0.9997403025627136,True,6.700046641628698,True,False,False,False,1 frame,"D5 local-metric truncation artefact (detection 5.6-7 um away, mostly in z)"
44b6_d5e7d891,44b6,225000000016,64,34,121,147,55.25,1.6580270528793335,0.4949607253074646,7.897318936675852,25942,7.691204624029295,1.7924892799928784,,,10.451297760009766,8.17086028985288,False,18.28576333175621,225000000017.0,True,2,0.6464646464646465,True,True,1,True,1,,,0.9933568835258484,0.9998205304145813,False,0.9998205304145813,False,"[-1, -1, 1]",0.9999589920043945,True,7.44668550430324,False,False,False,True,1 frame,D3 field above threshold but no peak kept (ridge into a neighbour)
44b6_d5e7d891,44b6,225000000025,64,45,191,62,73.125,2.4038572311401367,0.7176088690757751,5.931758416470754,26192,2.80509356178441,-5.226586651057005,,,7.819497108459473,8.686282433951899,False,18.118021285794427,225000000026.0,True,7,0.6464646464646465,False,True,2,True,1,,,0.9993399977684021,0.9995729327201843,False,0.9995729327201843,False,"[-1, 1, 0]",0.9995983242988586,True,6.080193253507654,True,False,False,False,2 frames,"D5 local-metric truncation artefact (detection 5.6-7 um away, mostly in z)"
44b6_d5e7d891,44b6,230000000017,69,33,111,184,53.625,1.7975249290466309,0.5674935579299927,6.786784432254046,28649,5.6765208208037565,-3.71988632902503,,,8.644914627075195,7.3653060478555314,False,15.167875695858006,230000000016.0,True,5,0.696969696969697,True,True,1,True,1,,,0.9991270899772644,0.9996968507766724,False,0.9998224377632141,False,"[2, 1, 1]",0.9998252987861633,False,6.700046641628698,True,False,False,True,1 frame,"D5 local-metric truncation artefact (detection 5.6-7 um away, mostly in z)"
44b6_d5e7d891,44b6,231000000011,70,13,95,212,21.125,1.960218906402588,0.6309494972229004,8.015313652136655,29188,3.7425871133575845,7.0878977589309216,,,8.50425910949707,8.129920032991427,False,13.350737339188424,231000000032.0,True,3,0.7070707070707071,True,True,1,True,1,,,0.998798131942749,0.999150276184082,False,0.9995540976524353,False,"[2, 0, 1]",0.9997537732124329,False,7.267220926874317,False,False,False,True,1 frame,D3 field above threshold but no peak kept (ridge into a neighbour)
44b6_d5e7d891,44b6,232000000016,71,37,114,150,60.125,1.7619035243988037,0.5764324069023132,8.765498812267408,29733,5.249511183207027,7.019729465246201,,,8.353546142578125,10.650788286454945,False,17.374016384028767,232000000017.0,True,1,0.7171717171717171,True,False,4,True,1,,,0.9998466968536377,0.9998656511306763,False,0.9998806715011597,False,"[-2, -2, 0]",0.999889612197876,False,8.285906709588275,False,False,False,True,>=3 frames,D3 field above threshold but no peak kept (ridge into a neighbour)
44b6_d5e7d891,44b6,232000000024,71,45,184,61,73.125,2.2554614543914795,0.7379070520401001,6.308728577664705,29786,3.11847596114081,-5.484082780778408,,,8.11525821685791,9.096596666993957,False,21.51591434990621,232000000025.0,True,5,0.7171717171717171,True,True,1,True,1,,,0.9985051155090332,0.9994655251502991,False,0.9995587468147278,False,"[-2, -2, -1]",0.9997010827064514,True,6.080193253507654,True,False,False,False,1 frame,"D5 local-metric truncation artefact (detection 5.6-7 um away, mostly in z)"
44b6_d5e7d891,44b6,233000000015,72,38,113,150,61.75,1.6569031476974487,0.5481031537055969,9.228256687340345,30338,5.37567840332352,7.50085349753499,,,7.991901397705078,10.103635788619735,False,19.743917180362157,233000000016.0,True,1,0.7272727272727273,False,False,4,True,1,,,0.999767005443573,0.9998642206192017,False,0.9998642206192017,False,"[-1, -1, 0]",0.9998719692230225,False,10.017172754824587,False,False,False,True,>=3 frames,D3 field above threshold but no peak kept (ridge into a neighbour)
44b6_d5e7d891,44b6,234000000015,73,38,112,153,61.75,1.5129244327545166,0.508141279220581,9.683095635948685,30891,9.268564590211591,2.8028648793697357,,,8.037131309509277,10.500592950585423,False,20.116554905102415,234000000016.0,True,1,0.7373737373737373,False,False,4,True,1,,,0.9995658993721008,0.9995970129966736,False,0.9997017979621887,False,"[-1, -2, -1]",0.999894380569458,False,8.900491559458949,False,False,False,True,>=3 frames,D3 field above threshold but no peak kept (ridge into a neighbour)
44b6_d5e7d891,44b6,235000000010,74,19,113,236,30.875,2.0753836631774902,0.6972813606262207,7.990982665187131,31373,1.7835293304497055,-7.789404796436429,,,8.378369331359863,9.820128273307477,False,14.937630752565816,235000000031.0,True,4,0.7474747474747475,True,True,1,True,1,,,0.9989461302757263,0.9997281432151794,False,0.9997281432151794,False,"[-1, 0, -1]",0.9997301697731018,False,8.443747686898277,False,False,False,False,1 frame,D3 field above threshold but no peak kept (ridge into a neighbour)
44b6_d5e7d891,44b6,235000000015,74,40,110,158,65.0,1.5717507600784302,0.5280722379684448,9.619039367185431,31370,5.935443990635481,7.569440070539713,,,8.3855562210083,9.911144616349338,False,18.299296648027212,235000000016.0,True,2,0.7474747474747475,False,True,4,True,1,,,0.999561607837677,0.999825656414032,False,0.9998553991317749,False,"[-2, -2, 0]",0.9999276399612427,False,9.75,False,False,False,True,>=3 frames,D3 field above threshold but no peak kept (ridge into a neighbour)
44b6_d5e7d891,44b6,236000000023,75,46,179,63,74.75,2.1733596324920654,0.7301989793777466,6.884844363542505,31979,6.5662017600890215,-2.0702841244637966,,,8.143909454345703,7.661979979744127,False,18.245103152969566,236000000024.0,True,6,0.7575757575757576,True,True,1,True,1,,,0.9991556406021118,0.9995410442352295,False,0.9995865225791931,False,"[2, -1, 2]",0.9997277855873108,True,6.700046641628698,True,False,False,False,1 frame,"D5 local-metric truncation artefact (detection 5.6-7 um away, mostly in z)"
44b6_d5e7d891,44b6,236000000026,75,63,238,217,102.375,2.3765509128570557,0.7984666228294373,8.32525081761052,32170,6.9872782138016,-4.526338955387473,236000000025.0,5.099902186092732,7.320887565612793,10.696752321826768,False,12.382297406479138,236000000025.0,True,1,0.7575757575757576,True,True,1,True,1,,,0.9972244501113892,0.9990360736846924,False,0.9992341995239258,False,"[-2, 1, -1]",0.9992392063140869,False,8.285906709588275,False,False,False,False,1 frame,D3 field above threshold but no peak kept (ridge into a neighbour)
44b6_d5e7d891,44b6,238000000023,77,46,176,60,74.75,1.8195457458496094,0.6177395582199097,8.787445965862624,33238,3.269346422162914,8.156628014985472,,,7.4735331535339355,8.981184202534132,False,19.889661455452178,238000000024.0,True,4,0.7777777777777778,True,False,2,True,1,,,0.9984909296035767,0.9989104270935059,False,0.9992744326591492,False,"[2, 0, 1]",0.9996333122253418,False,8.125,False,False,False,True,2 frames,D3 field above threshold but no peak kept (ridge into a neighbour)
44b6_d5e7d891,44b6,239000000023,78,47,175,65,76.375,1.7542022466659546,0.5990335941314697,8.303491710842831,33512,7.491852367275814,-3.5805198922753334,,,8.571292877197266,8.513831513795031,False,16.476931079922014,239000000024.0,True,5,0.7878787878787878,False,True,2,True,1,,,0.9993785619735718,0.9993785619735718,False,0.9995349645614624,False,"[2, 0, 1]",0.9997343420982361,False,7.960841664045329,False,False,False,True,2 frames,D3 field above threshold but no peak kept (ridge into a neighbour)
44b6_d5e7d891,44b6,240000000015,79,41,107,169,66.625,1.5383269786834717,0.5348049998283386,8.340586235581926,34102,4.303999184022638,7.144296310842037,,,8.406352996826172,8.55472551705507,False,14.449028135570225,240000000016.0,True,3,0.797979797979798,True,True,1,True,1,,,0.9991499185562134,0.9992130994796753,False,0.9997057318687439,False,"[-1, -2, -1]",0.9999066591262817,False,7.267220926874317,False,False,False,True,1 frame,D3 field above threshold but no peak kept (ridge into a neighbour)
44b6_d5e7d891,44b6,240000000030,79,15,81,255,24.375,2.1347134113311768,0.7421409487724304,9.355585815677841,34129,9.18243935960485,1.7915896186605096,,,8.302166938781738,13.74270436239274,False,16.676055298316207,240000000010.0,True,1,0.797979797979798,True,True,1,True,1,,,0.9869633316993713,0.9889750480651855,False,0.9978289008140564,False,"[2, 2, -1]",0.9985450506210327,False,8.443747686898277,False,False,False,False,1 frame,D3 field above threshold but no peak kept (ridge into a neighbour)
44b6_d5e7d891,44b6,241000000023,80,54,185,97,87.75,1.482155680656433,0.5231137275695801,6.853152212406851,34667,2.1531983180810124,-6.506107303866884,,,8.375645637512207,8.635913046368646,False,13.101168840985142,241000000022.0,True,3,0.8080808080808081,True,True,1,True,1,,,0.9996380805969238,0.9996390342712402,False,0.9996390342712402,False,"[-1, 0, 0]",0.9997267127037048,False,6.700046641628698,True,False,False,True,1 frame,"D5 local-metric truncation artefact (detection 5.6-7 um away, mostly in z)"
44b6_d5e7d891,44b6,245000000025,84,63,223,212,102.375,1.8563969135284424,0.6719673871994019,5.930601257434752,37217,3.015144800288506,-5.106949491426349,,,7.442127704620361,9.375642263618122,True,7.89840272618458,245000000024.0,True,2,0.8484848484848485,,True,1,False,1,,,0.9786739945411682,0.9962143301963806,False,0.9990822076797485,False,"[-2, 2, -1]",0.999414324760437,True,6.080193253507654,True,False,False,True,1 frame,"D5 local-metric truncation artefact (detection 5.6-7 um away, mostly in z)"
44b6_d5e7d891,44b6,246000000015,85,41,104,176,66.625,1.9540517330169678,0.7010736465454102,8.21067984322219,37591,6.692563088076739,4.7565599754452705,,,8.19841480255127,8.88243620769323,False,11.774243606278919,246000000016.0,True,2,0.8585858585858586,True,True,1,True,1,,,0.9994587302207947,0.9996898174285889,False,0.9997472167015076,False,"[-2, -1, 0]",0.9997832179069519,True,8.443747686898277,False,False,False,True,1 frame,D3 field above threshold but no peak kept (ridge into a neighbour)
44b6_d5e7d891,44b6,248000000022,87,50,177,79,81.25,1.769869089126587,0.6505897045135498,5.905748565420357,38781,2.8659795214337005,-5.163722252473235,,,7.986629486083984,8.660670480476654,False,12.408926033807276,248000000023.0,True,3,0.8787878787878788,True,True,1,True,1,,,0.9857856631278992,0.9991253018379211,False,0.9996310472488403,False,"[-1, -1, 2]",0.9996601343154907,True,6.080193253507654,True,False,False,True,1 frame,"D5 local-metric truncation artefact (detection 5.6-7 um away, mostly in z)"
44b6_d5e7d891,44b6,248000000025,87,63,222,220,102.375,1.9878453016281128,0.7307159900665283,5.588209407357453,38934,2.687934980364787,-4.899294839240611,,,7.449621200561523,10.316480393584385,False,9.72457622791348,248000000024.0,True,1,0.8787878787878788,True,True,1,True,1,,,0.9876651167869568,0.9992153644561768,False,0.9992185831069946,False,"[-2, 1, -1]",0.9994187355041504,True,6.080193253507654,True,False,False,True,1 frame,"D5 local-metric truncation artefact (detection 5.6-7 um away, mostly in z)"
44b6_d5e7d891,44b6,252000000025,91,61,213,220,99.125,1.5893843173980713,0.604729413986206,6.964410377469974,41179,4.755069053260743,-5.088450668379664,,,7.767845153808594,9.594610338650206,False,11.206905307108649,252000000024.0,True,2,0.9191919191919192,True,True,1,True,1,,,0.9987543821334839,0.9987726807594299,False,0.9993911981582642,False,"[-2, 2, -2]",0.999576985836029,True,7.621925609713073,True,False,False,True,1 frame,"D5 local-metric truncation artefact (detection 5.6-7 um away, mostly in z)"
44b6_d5e7d891,44b6,253000000011,92,12,78,208,19.5,1.5370965003967285,0.5855122208595276,8.250541568187808,41722,4.538224646276163,6.890279619023204,,,7.8599443435668945,8.639455475523334,False,7.803807664371284,253000000010.0,True,2,0.9292929292929293,True,True,1,True,1,,,0.9804415702819824,0.9980491399765015,False,0.9993938207626343,False,"[2, -2, -1]",0.9994290471076965,False,8.285906709588275,False,False,False,True,1 frame,D3 field above threshold but no peak kept (ridge into a neighbour)
44b6_d5e7d891,44b6,255000000023,94,56,176,113,91.0,1.2523713111877441,0.48947054147720337,7.145279801869895,42779,4.94938773446181,5.153502158820629,,,8.200907707214355,7.638009919472017,False,16.556868146255802,255000000022.0,True,3,0.9494949494949495,True,True,1,True,1,,,0.9733614325523376,0.9985721111297607,False,0.9990183115005493,False,"[1, -2, 0]",0.9997256398200989,True,7.083210783253595,False,False,False,True,1 frame,D3 field above threshold but no peak kept (ridge into a neighbour)
44b6_d5e7d891,44b6,257000000022,96,51,171,81,82.875,1.8580509424209595,0.7323316335678101,6.7514923858640845,43917,2.662789081469428,-6.204208550974727,,,8.522570610046387,8.49699173260407,False,17.614580253301526,257000000023.0,True,5,0.9696969696969697,True,True,1,True,1,,,0.9996888637542725,0.9996888637542725,False,0.9997184872627258,False,"[-2, -1, -1]",0.9997320771217346,False,6.894291116568838,True,False,False,True,1 frame,"D5 local-metric truncation artefact (detection 5.6-7 um away, mostly in z)"
44b6_d5e7d891,44b6,258000000023,97,61,193,211,99.125,1.5618358850479126,0.6185062527656555,6.421320423038889,44577,3.7096527430478714,-5.241357887163758,,,8.248581886291504,11.03149746994753,True,11.920513110285983,258000000022.0,True,1,0.9797979797979798,True,True,1,True,1,,,0.9986847043037415,0.999342143535614,False,0.9996351003646851,False,"[-2, 2, 0]",0.9997383952140808,True,6.080193253507654,True,False,False,True,1 frame,"D5 local-metric truncation artefact (detection 5.6-7 um away, mostly in z)"
44b6_d5e7d891,44b6,259000000011,98,13,72,212,21.125,1.5081381797790527,0.5930880308151245,7.806194521684742,45290,7.522506343954635,2.0853228084743023,259000000010.0,2.127525170311226,7.865901947021484,9.382083634778764,False,7.323776028286228,259000000010.0,True,2,0.98989898989899,True,True,1,True,1,,,0.9891290664672852,0.9954044818878174,False,0.9973084926605225,False,"[-1, -2, -2]",0.9991292357444763,False,6.894291116568838,False,False,False,True,1 frame,D3 field above threshold but no peak kept (ridge into a neighbour)
44b6_e57ff5c6,44b6,48000000056,24,9,164,94,14.625,3.5758254528045654,0.40742266178131104,6.926263006027978,4575,3.050325767305416,-6.218410724774003,,,14.527950286865234,14.466926819565634,False,73.05726029115792,48000000046.0,True,1,0.24242424242424243,True,True,1,True,1,,,0.9999988079071045,0.9999988079071045,False,0.9999990463256836,False,"[-2, 1, 1]",0.9999990463256836,False,6.894291116568838,True,False,False,False,1 frame,"D5 local-metric truncation artefact (detection 5.6-7 um away, mostly in z)"
44b6_e57ff5c6,44b6,50000000020,26,62,66,172,100.75,4.294304370880127,0.544157862663269,8.848112593615914,5402,8.69761297536885,1.625,,,5.212236404418945,9.809445690399537,False,41.881202898794584,50000000009.0,True,2,0.26262626262626265,True,False,2,True,1,,,0.9965623021125793,0.9989252686500549,False,0.9993613362312317,False,"[-2, 1, -1]",0.9993613362312317,False,8.75089281159357,False,False,False,False,2 frames,D3 field above threshold but no peak kept (ridge into a neighbour)
44b6_e57ff5c6,44b6,50000000056,26,6,171,91,9.75,2.288478136062622,0.2899872064590454,8.76607415406622,5126,6.950790774540319,-5.341400910168886,,,12.619280815124512,12.119295262978232,False,69.60996246946266,50000000046.0,True,1,0.26262626262626265,True,True,1,True,1,,,0.9993591904640198,0.9999563694000244,False,0.9999563694000244,False,"[1, 1, 0]",0.9999833106994629,False,9.613629647536875,False,False,False,False,1 frame,D3 field above threshold but no peak kept (ridge into a neighbour)
44b6_e57ff5c6,44b6,51000000020,27,61,75,175,99.125,3.705580949783325,0.5169073343276978,7.242843702430441,5694,6.472733958524505,3.25,,,5.922499656677246,8.660270679983002,False,40.82155575259841,51000000009.0,True,3,0.2727272727272727,False,True,2,True,1,,,0.9989303946495056,0.9995961785316467,False,0.9996929168701172,False,"[-2, 1, 0]",0.9997112154960632,False,7.960841664045329,False,False,False,False,2 frames,D3 field above threshold but no peak kept (ridge into a neighbour)
44b6_e57ff5c6,44b6,53000000020,29,56,73,165,91.0,4.1271586418151855,0.5757150650024414,8.75935879685662,6289,6.070280624740155,6.31490773241967,,,6.825209140777588,9.954973883580044,False,39.49828170708822,53000000009.0,True,2,0.29292929292929293,True,False,3,True,1,,,0.9991424083709717,0.9995071887969971,False,0.9996044039726257,False,"[-2, 0, 0]",0.9996044039726257,False,8.285906709588275,False,False,False,False,>=3 frames,D3 field above threshold but no peak kept (ridge into a neighbour)
44b6_e57ff5c6,44b6,54000000021,30,55,74,161,89.375,3.7488396167755127,0.538909375667572,7.705761858176231,6580,5.407682321867756,5.489602692425251,,,7.279094219207764,8.374289680028207,False,39.337084919958166,54000000009.0,True,2,0.30303030303030304,False,False,3,True,1,,,0.9964838027954102,0.9993855953216553,False,0.9995564818382263,False,"[-2, 1, -1]",0.9997401833534241,True,7.083210783253595,False,False,False,False,>=3 frames,D3 field above threshold but no peak kept (ridge into a neighbour)
44b6_e57ff5c6,44b6,55000000021,31,53,64,155,86.125,4.224210262298584,0.569761335849762,10.311318090803935,6892,5.7887136878357905,8.533116348087788,,,7.0062479972839355,10.770809113621604,False,38.96824879388988,55000000009.0,True,0,0.31313131313131315,False,True,3,True,1,,,0.9977399110794067,0.9993682503700256,False,0.9993682503700256,False,"[-1, -1, 0]",0.9996964931488037,False,10.405076885828379,False,False,False,False,>=3 frames,D3 field above threshold but no peak kept (ridge into a neighbour)
44b6_e57ff5c6,44b6,61000000048,37,0,63,9,0.0,2.753661632537842,0.4070890545845032,9.936455925964673,8554,7.295667464683141,6.74584261700511,,,8.237116813659668,13.974586391861616,False,31.48109861984648,61000000060.0,False,1,0.37373737373737376,True,,1,True,0,,,0.9457589983940125,0.9960230588912964,False,0.9970210194587708,False,"[2, 2, -1]",0.9970357418060303,False,9.75,False,False,False,False,1 frame,D3 field above threshold but no peak kept (ridge into a neighbour)
44b6_e57ff5c6,44b6,61000000060,37,11,1,24,17.875,2.7029612064361572,0.399593710899353,8.817115142236407,8487,7.411860848665516,-4.775545852724463,,,8.7199068069458,9.627922072543035,False,31.48109861984648,61000000048.0,False,2,0.37373737373737376,,True,1,False,1,,,0.9687586426734924,0.9906024932861328,False,0.9920302629470825,False,"[2, 1, 0]",0.9977917671203613,False,8.285906709588275,False,False,False,False,1 frame,D3 field above threshold but no peak kept (ridge into a neighbour)
44b6_e57ff5c6,44b6,62000000021,38,48,83,140,78.0,3.48620343208313,0.5877737402915955,9.947371217218945,8806,2.6752952884207115,-9.580865788273513,,,8.690849304199219,10.387417060322454,False,38.14642072413216,62000000009.0,True,1,0.3838383838383838,True,True,1,True,1,,,0.9988855719566345,0.9996663331985474,False,0.9997205138206482,False,"[-2, 2, -1]",0.9997897744178772,False,10.017172754824587,False,False,False,False,1 frame,D3 field above threshold but no peak kept (ridge into a neighbour)
44b6_e57ff5c6,44b6,65000000021,41,44,109,147,71.5,2.5889883041381836,0.5329935550689697,6.990257604242952,9768,1.7377954473578825,-6.770802637562156,,,9.16802978515625,7.150619188807943,False,35.807659467808,65000000009.0,True,3,0.41414141414141414,True,True,1,True,1,,,0.9997096657752991,0.9998213648796082,False,0.9998342990875244,False,"[-2, 1, 0]",0.999860405921936,False,6.700046641628698,True,False,False,False,1 frame,"D5 local-metric truncation artefact (detection 5.6-7 um away, mostly in z)"
44b6_e57ff5c6,44b6,67000000021,43,41,121,146,66.625,2.5215094089508057,0.5692218542098999,9.38399840783201,10484,3.295895336167799,-8.786153882741928,,,8.929882049560547,10.24632963863941,False,34.797867773219956,67000000009.0,True,1,0.43434343434343436,True,True,1,True,1,,,0.9995928406715393,0.9997970461845398,False,0.9997970461845398,False,"[-1, 0, 0]",0.9998039603233337,False,8.900491559458949,False,False,False,False,1 frame,D3 field above threshold but no peak kept (ridge into a neighbour)
44b6_e57ff5c6,44b6,69000000022,45,38,126,138,61.75,2.515322685241699,0.562468409538269,7.25636474645116,11460,7.244407605110151,-0.4163985885679722,,,7.489263534545898,8.80941667963414,False,34.48342276098038,69000000009.0,True,2,0.45454545454545453,True,True,1,True,1,,,0.9998021721839905,0.9998021721839905,False,0.9998437166213989,False,"[-2, 1, 0]",0.9998782873153687,False,7.267220926874317,False,False,False,False,1 frame,D3 field above threshold but no peak kept (ridge into a neighbour)
44b6_e57ff5c6,44b6,81000000025,57,26,159,109,42.25,3.099872589111328,0.6909829378128052,7.072080118334741,15644,7.066639071211532,0.27736156433820724,,,7.087087631225586,7.679994278584502,False,29.09442131341505,81000000011.0,True,4,0.5757575757575758,True,True,1,True,1,,,0.9991451501846313,0.9994485974311829,False,0.999569833278656,False,"[2, 1, 0]",0.9998031258583069,True,7.44668550430324,False,False,False,False,1 frame,D3 field above threshold but no peak kept (ridge into a neighbour)
44b6_e57ff5c6,44b6,116000000026,92,1,188,31,1.625,8.601297378540039,0.784622848033905,11.647673551645934,24304,11.637049331558224,0.49737513065338135,,,5.6510090827941895,12.549117036915138,False,,,,0,0.9292929292929293,True,False,2,True,1,,,0.9917104840278625,0.9956207871437073,False,0.9974538683891296,False,"[2, 2, -2]",0.9992876648902893,False,10.900831390311474,False,False,True,False,2 frames,D3 field above threshold but no peak kept (ridge into a neighbour)
44b6_e57ff5c6,44b6,117000000026,93,2,188,28,3.25,8.769144058227539,0.8123843669891357,10.835637598508873,24519,10.769645917574977,-1.1940556839108467,,,5.617884635925293,11.889292638164834,False,,,,0,0.9393939393939394,False,True,2,True,1,,,0.9965225458145142,0.9965225458145142,False,0.9993417859077454,False,"[2, 2, -2]",0.9994958639144897,False,11.02128622257856,False,False,True,False,2 frames,D3 field above threshold but no peak kept (ridge into a neighbour)
6bba_2312ac41,6bba,9000158,8,34,142,182,55.25,5.360572338104248,0.8899909257888794,7.286999490454324,1749,3.046201197775359,6.619744695723057,,,9.256929397583008,11.585336801392979,False,19.02013735491939,9000155.0,True,1,0.08080808080808081,True,True,1,True,1,,,0.9998059868812561,0.9998059868812561,False,0.9998399019241333,False,"[2, 1, 1]",0.9998724460601807,False,7.44668550430324,False,False,False,False,1 frame,D3 field above threshold but no peak kept (ridge into a neighbour)
6bba_2312ac41,6bba,33000457,32,16,142,217,26.0,6.666807174682617,0.6451018452644348,7.675672404012113,5972,2.76461519431296,7.160506244748831,,,8.76439094543457,12.449955328103883,False,17.847279642147146,33000458.0,True,1,0.32323232323232326,True,False,3,True,1,,,0.9994506239891052,0.9995490908622742,False,0.9997901320457458,False,"[2, 1, 0]",0.9997901320457458,False,7.44668550430324,False,False,False,False,>=3 frames,D3 field above threshold but no peak kept (ridge into a neighbour)
6bba_2312ac41,6bba,34000469,33,16,141,219,26.0,6.483687877655029,0.6207786202430725,9.54770415177082,6085,3.195019455288497,8.997249871492386,,,9.43282413482666,12.097635185058465,False,17.61926435928867,34000470.0,True,1,0.3333333333333333,False,False,3,True,1,,,0.999197781085968,0.9996809959411621,False,0.9998472929000854,False,"[2, 1, 0]",0.9998472929000854,False,10.277402395547233,False,False,False,False,>=3 frames,D3 field above threshold but no peak kept (ridge into a neighbour)
6bba_2312ac41,6bba,35000480,34,16,141,218,26.0,6.71483850479126,0.6360706090927124,7.3896726347692585,6222,3.0531998782528342,6.729430299252272,,,9.32829475402832,12.447849740047097,False,15.906127209742163,35000481.0,True,1,0.3434343434343434,False,True,3,True,1,,,0.9988277554512024,0.9996390342712402,False,0.9998142123222351,False,"[2, 1, 0]",0.9998571872711182,False,7.267220926874317,False,False,False,False,>=3 frames,D3 field above threshold but no peak kept (ridge into a neighbour)
6bba_2312ac41,6bba,46000625,45,19,130,230,30.875,6.587022304534912,0.5031960010528564,9.280564045757105,7756,7.629059469332778,-5.284535989165306,,,8.346267700195312,9.984260737193704,False,19.41942990441532,46000622.0,True,2,0.45454545454545453,True,True,1,True,1,,,0.9984443783760071,0.9988173842430115,False,0.9988173842430115,False,"[1, 0, -1]",0.9991232752799988,False,8.75089281159357,False,False,False,False,1 frame,D3 field above threshold but no peak kept (ridge into a neighbour)
6bba_2312ac41,6bba,48000649,47,18,127,232,29.25,6.4389190673828125,0.4853236973285675,10.41352284305961,8022,8.370179356813598,-6.195284944027662,,,7.766176700592041,11.442542561145903,False,20.65892096952307,48000647.0,True,0,0.47474747474747475,True,True,1,True,1,,,0.9970019459724426,0.9987441301345825,False,0.9987888932228088,False,"[-2, -1, 0]",0.9987888932228088,False,11.02128622257856,False,False,False,False,1 frame,D3 field above threshold but no peak kept (ridge into a neighbour)
6bba_2312ac41,6bba,50000676,49,18,126,230,29.25,7.296620845794678,0.5425395965576172,8.934358743388326,8222,8.480105202521688,-2.8125756718218327,,,8.360797882080078,10.854603848098458,False,20.042581623259014,50000673.0,True,1,0.494949494949495,True,False,2,True,1,,,0.9992082715034485,0.9992082715034485,False,0.9992499947547913,False,"[-2, 0, 0]",0.9992499947547913,False,8.75089281159357,False,False,False,False,2 frames,D3 field above threshold but no peak kept (ridge into a neighbour)
6bba_2312ac41,6bba,51000688,50,19,126,230,30.875,6.740639686584473,0.5011996626853943,8.36269694801717,8338,8.106806377636836,-2.052898097783327,,,8.46540355682373,10.56154319489607,False,21.899851954408277,51000685.0,True,1,0.5050505050505051,False,True,2,True,1,,,0.9985584616661072,0.999089241027832,False,0.999089241027832,False,"[-1, 0, 0]",0.9992861151695251,False,8.285906709588275,False,False,False,False,2 frames,D3 field above threshold but no peak kept (ridge into a neighbour)
6bba_2312ac41,6bba,53000711,52,19,129,229,30.875,7.267428398132324,0.5181620717048645,8.458151217628021,8586,8.343173511109866,1.389884090051055,,,8.523056030273438,10.254550833436838,False,19.60971737748915,53000709.0,True,1,0.5252525252525253,True,False,2,True,1,,,0.9985784292221069,0.9991984963417053,False,0.9991984963417053,False,"[-1, -1, 0]",0.9993649125099182,False,8.285906709588275,False,False,False,False,2 frames,D3 field above threshold but no peak kept (ridge into a neighbour)
6bba_2312ac41,6bba,54000724,53,19,132,229,30.875,6.8207621574401855,0.4863150715827942,9.192087311663869,8726,9.112984946802815,-1.2033181227743626,,,8.26930046081543,10.390579799970917,False,19.77732484753689,54000722.0,True,1,0.5353535353535354,False,True,2,True,1,,,0.9915913343429565,0.9992392063140869,False,0.9992431402206421,False,"[-2, -2, 0]",0.9993301630020142,False,9.613629647536875,False,False,False,False,2 frames,D3 field above threshold but no peak kept (ridge into a neighbour)
6bba_2312ac41,6bba,56000747,55,19,132,227,30.875,7.073137283325195,0.4899004101753235,8.271776058395611,8974,3.2497278143573065,-7.606677874922752,,,7.925561904907227,9.76808341435379,False,22.236389798031514,56000745.0,True,2,0.5555555555555556,True,False,4,True,1,,,0.9981959462165833,0.9995111227035522,False,0.9995111227035522,False,"[-1, -1, 0]",0.9995965361595154,False,8.900491559458949,False,False,False,False,>=3 frames,D3 field above threshold but no peak kept (ridge into a neighbour)
6bba_2312ac41,6bba,57000758,56,20,133,227,32.5,6.7129292488098145,0.45127660036087036,7.019307797628021,9084,1.8675816982430329,-6.766300359740853,,,7.965243339538574,11.406338110439554,False,23.621961610173276,57000756.0,True,1,0.5656565656565656,False,False,4,True,1,,,0.9991393089294434,0.9991427659988403,False,0.999240517616272,False,"[-2, -1, 0]",0.9994199275970459,False,6.894291116568838,False,False,False,False,>=3 frames,D3 field above threshold but no peak kept (ridge into a neighbour)
6bba_2312ac41,6bba,58000769,57,20,131,227,32.5,6.233131408691406,0.41902217268943787,9.234869954004377,9166,2.078762490104543,-8.997864723205566,,,8.644525527954102,11.685775976003855,False,24.940573902027594,58000767.0,True,1,0.5757575757575758,False,False,4,True,1,,,0.999380350112915,0.999380350112915,False,0.9995818734169006,False,"[-2, 0, 0]",0.9995818734169006,False,10.017172754824587,False,False,False,False,>=3 frames,D3 field above threshold but no peak kept (ridge into a neighbour)
6bba_2312ac41,6bba,59000780,58,19,133,224,30.875,6.9561614990234375,0.4676278829574585,7.634893547987244,9286,1.5999496946823202,-7.465370751917362,,,8.347944259643555,11.72429515909067,False,24.11975736429577,59000779.0,True,1,0.5858585858585859,False,True,4,True,1,,,0.9974132180213928,0.9992485642433167,False,0.9993473887443542,False,"[-2, -1, 0]",0.9997249245643616,False,8.285906709588275,False,False,False,False,>=3 frames,D3 field above threshold but no peak kept (ridge into a neighbour)
6bba_2312ac41,6bba,64000833,63,18,145,224,29.25,7.875999927520752,0.481330931186676,6.93031449813886,9829,0.2381093872073361,-6.92622284963727,,,8.536421775817871,12.351364857775884,False,23.44312432516195,64000832.0,True,1,0.6363636363636364,True,False,2,True,1,,,0.9963133931159973,0.9991326928138733,False,0.9996004700660706,False,"[-2, 0, -1]",0.9996670484542847,False,6.5,True,False,False,False,2 frames,"D5 local-metric truncation artefact (detection 5.6-7 um away, mostly in z)"
6bba_2312ac41,6bba,65000843,64,19,147,224,30.875,7.493785381317139,0.45033952593803406,8.218713139714868,9939,0.563511269617617,-8.199371971189976,,,8.65986442565918,12.77337114053929,False,22.593490662412037,65000842.0,True,1,0.6464646464646465,False,True,2,True,1,,,0.996185839176178,0.9993727803230286,False,0.9993782043457031,False,"[-2, 0, -1]",0.999672532081604,False,8.125,False,False,False,False,2 frames,D3 field above threshold but no peak kept (ridge into a neighbour)
6bba_2312ac41,6bba,66000851,65,8,203,207,13.0,9.715631484985352,0.5739656090736389,10.636414748036902,10071,9.814292366184707,-4.10036389157176,,,7.928353309631348,11.189287872888016,False,27.972311225790765,66000853.0,True,0,0.6565656565656566,True,False,2,True,1,,,0.9992635846138,0.9992784857749939,False,0.9994462132453918,False,"[-2, 1, 1]",0.9994462132453918,False,11.02128622257856,False,False,True,False,2 frames,D3 field above threshold but no peak kept (ridge into a neighbour)
6bba_2312ac41,6bba,67000862,66,8,207,209,13.0,10.578947067260742,0.6141919493675232,10.27723507282996,10143,4.4267316593723,-9.274999059736729,,,8.85090446472168,10.280856487874368,False,27.886628740312084,67000864.0,False,0,0.6666666666666666,False,True,2,True,1,,,0.9996558427810669,0.9996620416641235,False,0.9997199177742004,False,"[-2, 1, 0]",0.9997199177742004,False,10.017172754824587,False,False,True,False,2 frames,D3 field above threshold but no peak kept (ridge into a neighbour)
6bba_2312ac41,6bba,67000864,66,18,153,223,29.25,7.0966081619262695,0.4120144844055176,9.52474465844007,10152,0.8506611671726327,-9.486682053655386,,,8.43979549407959,10.675972436987308,False,22.135965679466075,67000863.0,True,1,0.6666666666666666,True,False,6,True,1,,,0.9985544085502625,0.9990379810333252,False,0.9994685053825378,False,"[-2, 0, 0]",0.9996572732925415,False,9.884489111734608,False,False,False,False,>=3 frames,D3 field above threshold but no peak kept (ridge into a neighbour)
6bba_2312ac41,6bba,68000876,67,17,154,221,27.625,8.166316032409668,0.47411951422691345,7.940111633414202,10249,0.5345557063333228,-7.922097130678594,,,8.433466911315918,10.520909743163381,False,21.75998782886838,68000875.0,True,1,0.6767676767676768,False,False,6,True,1,,,0.997459352016449,0.999183714389801,False,0.9993182420730591,False,"[-2, 0, -1]",0.9996166229248047,False,8.125,False,False,True,False,>=3 frames,D3 field above threshold but no peak kept (ridge into a neighbour)
6bba_2312ac41,6bba,69000888,68,17,161,219,27.625,8.566787719726562,0.47991853952407837,9.728330412691157,10340,1.6233231361277909,-9.591935915872455,,,8.494121551513672,10.809651440382034,False,21.57719155294544,69000886.0,True,1,0.6868686868686869,False,False,6,True,1,,,0.998885452747345,0.9992846846580505,False,0.9992846846580505,False,"[-1, 0, 0]",0.9993392825126648,False,9.884489111734608,False,False,True,False,>=3 frames,D3 field above threshold but no peak kept (ridge into a neighbour)
6bba_2312ac41,6bba,70000900,69,16,164,217,26.0,8.962963104248047,0.49298325181007385,9.16814396104528,10432,2.3647602949380646,-8.857921451330185,,,8.879672050476074,11.369304233517367,False,20.165719674735143,70000898.0,True,1,0.696969696969697,False,False,6,True,1,,,0.9990959167480469,0.9990959167480469,False,0.9992270469665527,False,"[-2, 0, 0]",0.9993242025375366,False,8.443747686898277,False,False,True,False,>=3 frames,D3 field above threshold but no peak kept (ridge into a neighbour)
6bba_2312ac41,6bba,71000912,70,15,165,219,24.375,9.068147659301758,0.4987686574459076,7.110643812402977,10525,1.0128938205776503,-7.0381319634616375,,,9.49174690246582,10.258629469953208,False,19.41942990441532,71000911.0,True,1,0.7070707070707071,False,False,6,True,1,,,0.9988178610801697,0.9994705319404602,False,0.9996683597564697,False,"[-2, 0, 0]",0.9998501539230347,False,6.700046641628698,False,False,True,False,>=3 frames,D3 field above threshold but no peak kept (ridge into a neighbour)
6bba_2312ac41,6bba,72000925,71,15,169,215,24.375,8.911194801330566,0.48105931282043457,9.455834591809802,10649,9.243383521276387,1.9931555148214102,,,7.679249286651611,9.557708746854189,False,19.007117293595577,72000924.0,True,2,0.7171717171717171,False,,6,True,0,,,0.9985082745552063,0.9992152452468872,False,0.9993155002593994,False,"[-2, 0, 0]",0.9996155500411987,False,10.017172754824587,False,False,True,False,>=3 frames,D3 field above threshold but no peak kept (ridge into a neighbour)
6bba_268e1230,6bba,17000098,16,48,240,202,78.0,20.9744930267334,0.32340317964553833,6.581413069311978,476,3.9304727782031046,-5.278861783444881,,,13.13161849975586,14.080199456331917,False,56.37368346578038,17000093.0,True,1,0.16161616161616163,True,True,1,True,1,,,0.9999949932098389,0.9999977350234985,False,0.9999977350234985,False,"[-1, 0, 0]",0.9999979734420776,True,6.700046641628698,True,False,True,False,1 frame,"D5 local-metric truncation artefact (detection 5.6-7 um away, mostly in z)"
6bba_268e1230,6bba,21000123,20,15,226,223,24.375,23.750146865844727,0.36620065569877625,8.011259311338344,605,5.0911366904182405,-6.1855155769735575,,,16.89530372619629,12.142306018374844,False,22.611745081373087,21000124.0,True,1,0.20202020202020202,True,True,1,True,1,,,0.9999943971633911,0.9999990463256836,False,0.9999998807907104,False,"[-2, 1, 0]",0.9999998807907104,False,8.285906709588275,False,False,True,False,1 frame,D3 field above threshold but no peak kept (ridge into a neighbour)
6bba_268e1230,6bba,53000451,52,58,33,100,94.25,16.429189682006836,0.4075143039226532,5.734864179977072,2344,2.6105184876487226,-5.106256984174252,,,15.24875545501709,16.269411298526478,False,27.779896620577983,53000449.0,True,1,0.5252525252525253,,True,1,False,1,,,0.999998927116394,0.9999995231628418,False,0.9999995231628418,False,"[-1, -1, 0]",0.9999997615814209,True,5.3895152843275245,True,False,True,False,1 frame,"D5 local-metric truncation artefact (detection 5.6-7 um away, mostly in z)"
6bba_268e1230,6bba,58000491,57,53,69,166,86.125,3.112820625305176,0.08138487488031387,8.517651044587659,2712,5.230349087325364,6.722635475918651,,,6.391613006591797,13.963882986470951,False,31.04823930696393,58000492.0,False,1,0.5757575757575758,,False,2,False,1,,,0.9130339622497559,0.9540826082229614,False,0.964580774307251,False,"[-2, -2, 1]",0.998264729976654,False,8.285906709588275,False,False,False,False,2 frames,"D2 transient miss (1-2 frames), field below threshold"
6bba_268e1230,6bba,58000492,57,54,76,90,87.75,15.763761520385742,0.4121444523334503,8.778363969002282,2671,3.5794302494361783,-8.015444657765329,,,15.270359992980957,24.103043579010052,True,22.284580746841524,58000493.0,True,1,0.5757575757575758,True,True,1,True,1,,,0.9999949932098389,0.999998927116394,False,0.999998927116394,False,"[-1, -1, 1]",0.9999996423721313,False,9.334914300624297,False,False,True,False,1 frame,D3 field above threshold but no peak kept (ridge into a neighbour)
6bba_268e1230,6bba,59000499,58,53,69,166,86.125,3.112820625305176,0.08138487488031387,8.573494401689972,2780,5.216752500857036,6.803697494789958,,,6.477079391479492,13.986855358749063,False,31.04823930696393,59000500.0,True,1,0.5858585858585859,False,True,2,True,1,,,0.9146625399589539,0.9564691185951233,False,0.9661372900009155,False,"[-2, -2, 1]",0.9983855485916138,False,8.285906709588275,False,False,False,False,2 frames,"D2 transient miss (1-2 frames), field below threshold"
6bba_268e1230,6bba,60000508,59,49,90,89,79.625,17.56100082397461,0.47090601921081543,7.859241154137641,2814,4.6398097111010355,-6.3434877917170525,,,15.172147750854492,12.764833027405123,False,25.65815309628696,60000511.0,True,1,0.5959595959595959,True,False,2,True,1,,,0.999998927116394,0.999998927116394,False,0.9999995231628418,False,"[-2, -2, 1]",0.9999995231628418,False,7.44668550430324,False,False,True,False,2 frames,D3 field above threshold but no peak kept (ridge into a neighbour)
6bba_268e1230,6bba,61000518,60,49,90,89,79.625,17.56100082397461,0.47090601921081543,10.929733752745365,2880,5.471659113323689,-9.461502335965633,,,15.83124828338623,12.745271477451675,False,25.65815309628696,61000521.0,True,0,0.6060606060606061,False,True,2,True,1,,,0.9999990463256836,0.9999990463256836,False,0.9999992847442627,False,"[-2, -2, 1]",0.9999992847442627,False,11.02128622257856,False,False,True,False,2 frames,D3 field above threshold but no peak kept (ridge into a neighbour)
6bba_268e1230,6bba,62000531,61,46,95,162,74.75,3.004127025604248,0.08458484709262848,9.31232570726284,3003,6.3442104685881295,6.816920390352607,,,5.485587120056152,13.13404978464609,False,29.525181254735763,62000534.0,True,1,0.6161616161616161,True,False,7,True,1,,,0.9568711519241333,0.9744937419891357,False,0.9806862473487854,False,"[0, -2, 0]",0.9907026290893555,False,9.475296829123613,False,False,False,False,>=3 frames,"D1 sustained miss (>=3 frames), field below threshold"
6bba_268e1230,6bba,63000542,62,47,101,160,76.375,3.0130159854888916,0.08483512699604034,10.93075208156749,3029,9.167599387416296,5.952853310853243,,,10.713740348815918,15.730805743683788,False,28.852331469917644,63000545.0,True,0,0.6262626262626263,False,False,7,True,1,,,0.9258222579956055,0.9544457197189331,False,0.9659613966941833,False,"[-1, -2, 0]",0.975018322467804,False,11.718041645257966,False,False,False,False,>=3 frames,"D1 sustained miss (>=3 frames), field below threshold"
6bba_268e1230,6bba,64000551,63,44,109,83,71.5,17.646821975708008,0.5086979269981384,6.4979562566228,3090,3.6276359965402016,-5.391075272113085,,,16.778799057006836,18.184472933063443,False,27.31559264527314,64000555.0,True,1,0.6363636363636364,True,False,2,True,1,,,0.9999978542327881,0.9999995231628418,False,0.9999996423721313,False,"[-2, -1, 1]",1.0,True,6.080193253507654,True,False,True,False,2 frames,"D5 local-metric truncation artefact (detection 5.6-7 um away, mostly in z)"
6bba_268e1230,6bba,64000552,63,43,115,155,69.875,3.8437209129333496,0.11080141365528107,11.912545760441956,3095,5.980992338628296,10.302255924791098,,,13.105791091918945,16.521546287927965,False,29.39633533707901,64000551.0,False,0,0.6363636363636364,False,False,7,True,1,,,0.882092297077179,0.9391233921051025,False,0.9762170910835266,False,"[-1, 2, 2]",0.9983932375907898,False,12.160386507015309,False,False,False,False,>=3 frames,"D1 sustained miss (>=3 frames), field below threshold"
6bba_268e1230,6bba,65000562,64,43,109,82,69.875,17.584497451782227,0.5069012641906738,7.720484686479522,3152,4.459507487520343,-6.302275522612035,,,16.85959815979004,22.458040000957325,False,26.243246899202468,65000566.0,True,1,0.6464646464646465,False,True,2,True,1,,,0.9999992847442627,0.9999992847442627,False,0.9999998807907104,False,"[-2, -2, 1]",0.9999998807907104,False,7.44668550430324,False,False,True,False,2 frames,D3 field above threshold but no peak kept (ridge into a neighbour)
6bba_268e1230,6bba,65000563,64,42,114,154,68.25,3.1910078525543213,0.09198591113090515,13.489774666710822,3158,7.080880528096596,11.48194894194603,,,12.754494667053223,17.126968720075055,False,29.365440598814452,65000562.0,False,0,0.6464646464646465,False,False,7,True,1,,,0.8959609270095825,0.9368553161621094,False,0.9507786631584167,False,"[-2, 0, -2]",0.9799251556396484,False,13.498263777241872,False,False,False,False,>=3 frames,"D1 sustained miss (>=3 frames), field below threshold"
6bba_268e1230,6bba,66000572,65,42,119,155,68.25,3.3145453929901123,0.0977691039443016,9.385804167237474,3272,8.784855944384041,-3.3044857243075967,,,4.196505546569824,11.425915812022106,False,28.344490756582662,66000575.0,True,1,0.6565656565656566,False,False,7,True,1,,,0.868479311466217,0.9200419187545776,False,0.9495588541030884,False,"[-2, -1, -2]",0.99837327003479,False,9.334914300624297,False,False,False,False,>=3 frames,"D1 sustained miss (>=3 frames), field below threshold"
6bba_268e1230,6bba,67000580,66,42,121,153,68.25,3.1030304431915283,0.09153005480766296,9.362121143739756,3336,7.651303762425048,-5.395077668130398,,,4.490670204162598,10.899651048515489,False,27.366900913786345,67000584.0,True,1,0.6666666666666666,False,False,7,True,1,,,0.8924638628959656,0.9443530440330505,False,0.9708188772201538,False,"[2, 2, 2]",0.9993590712547302,False,9.613629647536875,False,False,False,False,>=3 frames,"D1 sustained miss (>=3 frames), field below threshold"
6bba_268e1230,6bba,68000589,67,42,121,153,68.25,3.1030304431915283,0.09153005480766296,9.305035377762453,3399,7.64132188838118,-5.3097912557423115,,,4.518560409545898,10.95387298572637,False,27.366900913786345,68000593.0,True,1,0.6767676767676768,False,True,7,True,1,,,0.8916769623756409,0.9438417553901672,False,0.9699952602386475,False,"[2, 2, 2]",0.9993003606796265,False,9.613629647536875,False,False,False,False,>=3 frames,"D1 sustained miss (>=3 frames), field below threshold"
6bba_268e1230,6bba,72000632,71,38,151,144,61.75,5.770780086517334,0.18182657659053802,10.493766009452273,3593,4.586246977784919,-9.438509613275528,,,10.946903228759766,11.975569749198065,False,24.49657182648217,72000635.0,True,0,0.7171717171717171,True,False,11,True,1,,,0.9817084074020386,0.9915633201599121,False,0.9967437982559204,False,"[2, -1, 0]",0.9998152852058411,False,10.405076885828379,False,False,False,False,>=3 frames,D3 field above threshold but no peak kept (ridge into a neighbour)
6bba_268e1230,6bba,73000642,72,38,154,142,61.75,6.715000152587891,0.21607884764671326,11.445868872147146,3668,3.40433815872646,10.927872434258461,,,10.442655563354492,12.51769468855955,False,23.775171693649238,73000645.0,True,0,0.7272727272727273,False,False,11,True,1,,,0.9888995289802551,0.9951525926589966,False,0.9980109333992004,False,"[2, -1, 1]",0.9993094205856323,False,11.941262496067994,False,False,False,False,>=3 frames,D3 field above threshold but no peak kept (ridge into a neighbour)
6bba_268e1230,6bba,74000652,73,37,157,141,60.125,5.589660167694092,0.18361428380012512,11.391995339643291,3744,4.67008627784603,10.390758007764816,,,11.267082214355469,12.532926503855084,False,24.242609215233,74000655.0,True,0,0.7373737373737373,False,False,11,True,1,,,0.9558055400848389,0.9897099137306213,False,0.9985344409942627,False,"[2, -2, 1]",0.9996626377105713,False,10.779030568655049,False,False,False,False,>=3 frames,D3 field above threshold but no peak kept (ridge into a neighbour)
6bba_268e1230,6bba,75000661,74,36,162,141,58.5,4.178231239318848,0.1372503787279129,11.879285666400094,3816,5.097951925838398,10.729786302894354,,,10.981868743896484,11.933650133259482,False,22.854947665932205,75000664.0,True,0,0.7474747474747475,False,False,11,True,1,,,0.9109387397766113,0.9781364798545837,False,0.9955781102180481,False,"[2, -2, 0]",0.9991268515586853,False,12.481861840286488,False,False,False,False,>=3 frames,D3 field above threshold but no peak kept (ridge into a neighbour)
6bba_268e1230,6bba,76000669,75,32,174,136,52.0,2.445333480834961,0.081965871155262,11.495635429492438,3890,11.153840589545373,-2.7823504507541656,,,11.701586723327637,16.19191478778822,False,22.236389798031514,76000673.0,False,0,0.7575757575757576,False,False,11,True,1,,,0.9548677802085876,0.975985050201416,False,0.975985050201416,False,"[-1, -1, 0]",0.9948182702064514,False,10.900831390311474,False,False,False,False,>=3 frames,"D1 sustained miss (>=3 frames), field below threshold"
6bba_268e1230,6bba,76000673,75,42,138,126,68.25,2.9679999351501465,0.09948529303073883,10.388452310664848,3889,10.386495244862056,-0.2016381397843361,,,11.733283996582031,15.523445174869146,False,22.236389798031514,76000669.0,False,0,0.7575757575757576,True,False,13,True,1,,,0.9798237085342407,0.979967474937439,False,0.9833306670188904,False,"[-2, 0, -1]",0.9921936988830566,False,10.405076885828379,False,False,False,False,>=3 frames,"D1 sustained miss (>=3 frames), field below threshold"
6bba_268e1230,6bba,77000678,76,31,175,136,50.375,2.3210458755493164,0.07935583591461182,11.862026643987361,3950,11.386950651039644,-3.3234065314754844,,,12.347957611083984,16.61805624874203,False,22.72459519028887,77000682.0,False,0,0.7676767676767676,False,False,11,True,1,,,0.9496106505393982,0.9779491424560547,False,0.9779491424560547,False,"[-1, -1, 0]",0.9914050102233887,False,10.900831390311474,False,False,False,False,>=3 frames,"D1 sustained miss (>=3 frames), field below threshold"
6bba_268e1230,6bba,77000682,76,42,143,123,68.25,3.1613073348999023,0.10808411240577698,11.232893228797163,3954,11.082345709058293,-1.8328949436545372,,,11.76052474975586,14.298854529152978,False,22.72459519028887,77000678.0,False,0,0.7676767676767676,False,False,13,True,1,,,0.9772476553916931,0.9793906211853027,False,0.9835869669914246,False,"[-2, 0, 0]",0.9938350915908813,False,11.941262496067994,False,False,False,False,>=3 frames,"D1 sustained miss (>=3 frames), field below threshold"
6bba_268e1230,6bba,78000689,77,31,177,132,50.375,2.381025552749634,0.0830027386546135,14.007587047849958,4025,11.978844117703165,-7.260839380323887,,,9.92152214050293,14.677816748454438,False,20.881408073331645,78000692.0,False,0,0.7777777777777778,False,False,11,True,1,,,0.9128937721252441,0.9722034335136414,False,0.978878378868103,False,"[-2, -1, 0]",0.9822885990142822,False,13.400093283257396,False,False,False,False,>=3 frames,"D1 sustained miss (>=3 frames), field below threshold"
6bba_268e1230,6bba,78000692,77,41,146,123,66.625,2.9902563095092773,0.10424056649208069,11.474708618768215,4017,10.876013112563797,-3.65804273635149,,,11.177764892578125,11.899970906533223,False,20.881408073331645,78000689.0,False,0,0.7777777777777778,False,False,13,True,1,,,0.9652305245399475,0.9807319045066833,False,0.9807319045066833,False,"[-1, 0, 1]",0.9845486879348755,False,11.490485194281398,False,False,False,False,>=3 frames,"D1 sustained miss (>=3 frames), field below threshold"
6bba_268e1230,6bba,79000697,78,30,183,130,48.75,2.206540822982788,0.0783994123339653,8.354391611149008,4138,4.865887988025029,-6.791096618399024,,,4.343156814575195,11.576727075019894,False,22.050058460806856,79000700.0,False,1,0.7878787878787878,False,False,11,True,1,,,0.9765423536300659,0.9822999835014343,False,0.9822999835014343,False,"[1, 0, -1]",0.9822999835014343,False,7.960841664045329,False,False,False,False,>=3 frames,"D1 sustained miss (>=3 frames), field below threshold"
6bba_268e1230,6bba,79000700,78,41,152,123,66.625,3.121509552001953,0.11090867221355438,10.115349025199473,4103,7.118041385643087,7.187055915594101,,,7.575770378112793,12.919697826460103,False,22.050058460806856,79000697.0,False,0,0.7878787878787878,False,False,13,True,1,,,0.9082928895950317,0.9649991393089294,False,0.9804876446723938,False,"[-1, -2, 0]",0.9871697425842285,False,10.531203634912773,False,False,False,False,>=3 frames,"D1 sustained miss (>=3 frames), field below threshold"
6bba_268e1230,6bba,80000706,79,29,185,131,47.125,2.034074068069458,0.07363520562648773,9.328697811641858,4205,5.322988289172409,-7.660965900868177,,,4.476943016052246,12.263799622476112,False,23.499376653966802,80000708.0,False,1,0.797979797979798,False,False,11,True,1,,,0.9585369229316711,0.9816646575927734,False,0.9816646575927734,False,"[1, 0, -1]",0.9816646575927734,False,10.017172754824587,False,False,False,False,>=3 frames,"D1 sustained miss (>=3 frames), field below threshold"
6bba_268e1230,6bba,80000708,79,41,154,122,66.625,2.911358118057251,0.10539363324642181,9.02352031639508,4168,7.1633185276044244,5.487329639494419,,,8.879631996154785,14.194333293283277,False,23.499376653966802,80000706.0,False,1,0.797979797979798,False,False,13,True,1,,,0.8602427244186401,0.9736271500587463,False,0.981920063495636,False,"[-2, -2, -1]",0.9958686828613281,False,8.75089281159357,False,False,False,False,>=3 frames,"D1 sustained miss (>=3 frames), field below threshold"
6bba_268e1230,6bba,81000714,80,29,185,131,47.125,2.034074068069458,0.07363520562648773,9.322482636450431,4271,5.317162946058226,-7.657444790005684,,,4.473006248474121,12.222217075739975,False,23.499376653966802,81000716.0,False,1,0.8080808080808081,False,False,11,True,1,,,0.9586822986602783,0.9815480709075928,False,0.9815480709075928,False,"[1, 0, -1]",0.9815480709075928,False,10.017172754824587,False,False,False,False,>=3 frames,"D1 sustained miss (>=3 frames), field below threshold"
6bba_268e1230,6bba,81000716,80,41,154,122,66.625,2.911358118057251,0.10539363324642181,9.011157472743394,4235,7.1680132738731945,5.46081905066967,,,8.898914337158203,14.234759383195836,False,23.499376653966802,81000714.0,False,1,0.8080808080808081,False,False,13,True,1,,,0.8609885573387146,0.9732950329780579,False,0.9819400906562805,False,"[-2, -2, -1]",0.9959016442298889,False,8.75089281159357,False,False,False,False,>=3 frames,"D1 sustained miss (>=3 frames), field below threshold"
6bba_268e1230,6bba,82000722,81,27,184,132,43.875,2.0769591331481934,0.07936477661132812,14.360050409098932,4282,10.597353271348156,-9.690570230595767,,,12.31648063659668,15.04930463854335,False,22.49466082484908,82000724.0,False,0,0.8181818181818182,False,True,11,True,1,,,0.5507388710975647,0.9218947291374207,False,0.956976592540741,False,"[-2, -2, -1]",0.9802482724189758,False,14.259317129512198,False,False,False,False,>=3 frames,"D1 sustained miss (>=3 frames), field below threshold"
6bba_268e1230,6bba,82000724,81,38,153,119,61.75,2.6930994987487793,0.10290873795747757,11.93074471500531,4292,7.939816189993525,8.905166383832693,,,10.022137641906738,13.299453032756087,False,22.49466082484908,82000722.0,False,0,0.8181818181818182,False,False,13,True,1,,,0.908505380153656,0.9754413962364197,False,0.983126699924469,False,"[-2, -2, -2]",0.983126699924469,False,11.941262496067994,False,False,False,False,>=3 frames,"D1 sustained miss (>=3 frames), field below threshold"
6bba_268e1230,6bba,83000735,82,37,155,119,60.125,2.877241373062134,0.1118740364909172,7.852884774885743,4431,4.850476635330285,-6.175813768059015,,,4.770035743713379,12.193329095102003,False,24.661081592511305,83000731.0,True,1,0.8282828282828283,False,False,13,True,1,,,0.8761817812919617,0.9695194363594055,False,0.9843013882637024,False,"[-2, -2, -1]",0.990167498588562,False,7.44668550430324,False,False,False,False,>=3 frames,"D1 sustained miss (>=3 frames), field below threshold"
6bba_268e1230,6bba,84000741,83,24,195,132,39.0,1.8519774675369263,0.07325085252523422,12.57141316703811,4497,12.150123103256147,3.22721824364271,,,6.025215148925781,13.308014275531875,False,22.952226199216494,84000744.0,False,0,0.8383838383838383,True,False,12,True,1,,,0.6865354776382446,0.9137151837348938,False,0.9783304333686829,False,"[-2, -2, -1]",0.9832043647766113,False,12.268480957314969,False,False,False,True,>=3 frames,"D1 sustained miss (>=3 frames), field below threshold"
6bba_268e1230,6bba,84000744,83,35,161,122,56.875,3.525423765182495,0.13944031298160553,8.223389752419804,4517,5.739618106233728,-5.889051113277674,,,4.267357349395752,10.429695922328362,False,22.952226199216494,84000741.0,False,1,0.8383838383838383,False,False,13,True,1,,,0.8978980183601379,0.9709399938583374,False,0.977724552154541,False,"[2, 1, 2]",0.9991350769996643,False,8.285906709588275,False,False,False,False,>=3 frames,"D1 sustained miss (>=3 frames), field below threshold"
6bba_268e1230,6bba,85000749,84,22,201,128,35.75,1.7306666374206543,0.06961289048194885,11.611659920441902,4534,11.514490634639731,1.4990502102300525,,,11.17221450805664,16.5985980162657,False,23.450163245700445,85000752.0,False,0,0.8484848484848485,False,False,12,True,1,,,0.8539464473724365,0.9142149686813354,False,0.946008563041687,False,"[-2, -2, 0]",0.9544009566307068,False,11.604821196382131,False,False,False,True,>=3 frames,"D1 sustained miss (>=3 frames), field below threshold"
6bba_268e1230,6bba,85000750,84,23,68,142,37.375,2.2946665287017822,0.09229875355958939,6.207692181619129,4586,3.763872835765076,-4.936466701794416,,,4.478252410888672,15.559208023490726,False,27.726376487471274,85000748.0,True,1,0.8484848484848485,True,False,2,True,1,,,0.9582856297492981,0.9782967567443848,False,0.9855923652648926,False,"[-2, -2, -1]",0.9887716174125671,True,6.080193253507654,True,False,False,False,2 frames,"D5 local-metric truncation artefact (detection 5.6-7 um away, mostly in z)"
6bba_268e1230,6bba,85000752,84,33,165,118,53.625,2.8242223262786865,0.11359915882349014,6.9349915590285525,4585,4.753419220967609,-5.049664705060422,,,4.667658805847168,11.459040059296925,False,23.450163245700445,85000749.0,False,1,0.8484848484848485,False,False,13,True,1,,,0.9002631306648254,0.965674102306366,False,0.9847431182861328,False,"[-2, -2, -2]",0.9906917214393616,True,7.621925609713073,True,False,False,False,>=3 frames,"D5 local-metric truncation artefact (detection 5.6-7 um away, mostly in z)"
6bba_268e1230,6bba,86000757,85,22,201,128,35.75,1.7306666374206543,0.06961289048194885,11.657865471649998,4605,11.570056309243009,1.4281541779637337,,,11.023003578186035,15.143137087006805,False,23.450163245700445,86000760.0,False,0,0.8585858585858586,False,False,12,True,1,,,0.8554906845092773,0.9161747694015503,False,0.948789656162262,False,"[-2, 0, -2]",0.9542941451072693,False,11.604821196382131,False,False,False,True,>=3 frames,"D1 sustained miss (>=3 frames), field below threshold"
6bba_268e1230,6bba,86000758,85,23,68,142,37.375,2.2946665287017822,0.09229875355958939,6.483096096059091,4657,3.547244815370533,-5.426563296467066,,,4.5968403816223145,15.583713406258267,False,27.726376487471274,86000756.0,True,1,0.8585858585858586,False,True,2,True,1,,,0.9559839367866516,0.9769350290298462,False,0.9851117730140686,False,"[-2, -2, -1]",0.9900160431861877,True,6.080193253507654,True,False,False,False,2 frames,"D5 local-metric truncation artefact (detection 5.6-7 um away, mostly in z)"
6bba_268e1230,6bba,86000760,85,33,165,118,53.625,2.8242223262786865,0.11359915882349014,6.786433895199917,4656,4.4169937675621656,-5.1522665955126286,,,4.713574409484863,11.48234222510787,False,23.450163245700445,86000757.0,False,1,0.8585858585858586,False,False,13,True,1,,,0.8999674916267395,0.9657113552093506,False,0.9840456247329712,False,"[-2, -2, -2]",0.9911054968833923,True,6.700046641628698,True,False,False,False,>=3 frames,"D5 local-metric truncation artefact (detection 5.6-7 um away, mostly in z)"
6bba_268e1230,6bba,87000765,86,20,202,126,32.5,1.9121211767196655,0.0846027210354805,9.73532428640292,4728,9.164625791160919,3.284230970777571,,,6.476443767547607,9.927857822130312,False,23.858326147542286,87000767.0,False,2,0.8686868686868687,False,False,12,True,1,,,0.965824544429779,0.980465292930603,False,0.9824360609054565,False,"[-2, 0, 0]",0.9824360609054565,False,10.277402395547233,False,False,False,True,>=3 frames,"D1 sustained miss (>=3 frames), field below threshold"
6bba_268e1230,6bba,87000767,86,32,170,115,52.0,2.0997979640960693,0.09290657192468643,6.489475474499767,4753,4.0190722297791135,-5.0951300617307425,,,5.068728923797607,10.863907369660621,False,23.858326147542286,87000765.0,False,1,0.8686868686868687,False,False,13,True,1,,,0.9696056246757507,0.9845757484436035,False,0.9911976456642151,False,"[-2, -1, -1]",0.9937477111816406,True,6.080193253507654,True,False,False,False,>=3 frames,"D5 local-metric truncation artefact (detection 5.6-7 um away, mostly in z)"
6bba_268e1230,6bba,88000773,87,20,203,128,32.5,1.7327536344528198,0.08015135675668716,10.991130943480663,4828,10.516204025438729,3.1959994230419397,,,6.5893168449401855,11.72656018513733,False,24.082094294828263,88000775.0,False,0,0.8787878787878788,False,False,12,True,1,,,0.8694865703582764,0.9641249179840088,False,0.9734401702880859,False,"[0, 0, -2]",0.9804810881614685,False,10.531203634912773,False,False,False,True,>=3 frames,"D1 sustained miss (>=3 frames), field below threshold"
6bba_268e1230,6bba,88000775,87,32,170,117,52.0,2.0987441539764404,0.09708084911108017,7.150521969911831,4860,4.85990778750588,-5.245117800310254,,,5.062325954437256,9.957929283061777,False,24.082094294828263,88000773.0,False,2,0.8787878787878788,False,True,13,True,1,,,0.841894805431366,0.9759055376052856,False,0.9898560047149658,False,"[-2, 0, -2]",0.9937061667442322,True,6.700046641628698,False,False,False,False,>=3 frames,D3 field above threshold but no peak kept (ridge into a neighbour)
6bba_268e1230,6bba,89000781,88,18,204,125,29.25,1.7340741157531738,0.08369993418455124,9.771705274584123,4966,1.9499831845116453,-9.575165249407291,,,4.400322437286377,13.944746639112179,False,22.169490930668662,89000783.0,True,1,0.8888888888888888,False,False,12,True,1,,,0.953840970993042,0.9701715707778931,False,0.9730709195137024,False,"[-2, 0, 0]",0.9730709195137024,False,9.884489111734608,False,False,False,True,>=3 frames,"D1 sustained miss (>=3 frames), field below threshold"
6bba_268e1230,6bba,90000788,89,16,208,124,26.0,1.6638596057891846,0.08477255702018738,14.817743737141555,4985,13.571499032376918,5.948104191571474,,,10.173713684082031,16.101428925825225,False,20.7545646334728,90000790.0,False,0,0.898989898989899,False,False,12,True,1,,,0.8849051594734192,0.9178937673568726,False,0.9517460465431213,False,"[-2, 0, -1]",0.9517460465431213,False,15.243851219426146,False,False,False,True,>=3 frames,"D1 sustained miss (>=3 frames), field below threshold"
6bba_268e1230,6bba,90000790,89,26,177,117,42.25,1.8921053409576416,0.09640152007341385,11.553913267012122,4980,10.170808084848368,5.481566809117794,,,11.786458969116211,16.585305521187077,False,20.7545646334728,90000788.0,False,0,0.898989898989899,True,False,11,True,1,,,0.809464156627655,0.9458238482475281,False,0.9674310088157654,False,"[-2, -2, -2]",0.9707164168357849,False,10.900831390311474,False,False,False,True,>=3 frames,"D1 sustained miss (>=3 frames), field below threshold"
6bba_268e1230,6bba,91000797,90,15,210,125,24.375,1.659915566444397,0.08790995925664902,14.192210621049258,5095,13.495713753471579,4.391418062150478,,,8.297977447509766,15.237862706625316,False,20.714766773970688,91000799.0,False,0,0.9090909090909091,False,False,12,True,1,,,0.8160567283630371,0.9294463992118835,False,0.9294463992118835,False,"[-1, 0, -1]",0.9625372290611267,False,14.625,False,False,False,True,>=3 frames,"D1 sustained miss (>=3 frames), field below threshold"
6bba_268e1230,6bba,91000799,90,25,180,115,40.625,1.8273417949676514,0.09677693247795105,11.805123870227163,5083,10.83137286500732,4.6949240090325475,,,13.105793952941895,17.66713833353153,False,20.714766773970688,91000797.0,False,0,0.9090909090909091,False,False,11,True,1,,,0.8406673669815063,0.9230490326881409,False,0.9655516147613525,False,"[-2, -2, 0]",0.9731327891349792,False,12.375631297028852,False,False,False,True,>=3 frames,"D1 sustained miss (>=3 frames), field below threshold"
6bba_268e1230,6bba,92000807,91,13,211,123,21.125,1.5897189378738403,0.0884552150964737,11.497987095962731,5203,11.493597355544452,0.31769023835659027,,,10.209455490112305,15.68647439093506,False,22.73911569987936,92000809.0,False,0,0.9191919191919192,False,False,12,True,1,,,0.8264029622077942,0.8840310573577881,False,0.8840310573577881,False,"[-1, 0, 0]",0.9185323715209961,False,11.718041645257966,False,False,False,True,>=3 frames,"D1 sustained miss (>=3 frames), field below threshold"
6bba_268e1230,6bba,92000809,91,25,184,113,40.625,1.7344579696655273,0.09650878608226776,11.557740793612476,5195,11.497484662313028,1.1786512173712254,,,12.673360824584961,16.913834250973995,False,22.73911569987936,92000807.0,False,0,0.9191919191919192,False,False,11,True,1,,,0.8798864483833313,0.9200745820999146,False,0.9484286904335022,False,"[-2, -2, -1]",0.9626440405845642,False,11.490485194281398,False,False,False,True,>=3 frames,"D1 sustained miss (>=3 frames), field below threshold"
6bba_268e1230,6bba,93000816,92,12,212,122,19.5,1.5121839046478271,0.08819599449634552,11.891200937284061,5326,11.606636801903328,-2.585854187607765,,,10.336631774902344,14.33449084574714,False,22.00135382908288,93000818.0,False,0,0.9292929292929293,False,False,12,True,1,,,0.6009612083435059,0.766230583190918,False,0.8889341950416565,False,"[2, -2, 1]",0.9260797500610352,False,13.101168840985142,False,False,False,True,>=3 frames,"D1 sustained miss (>=3 frames), field below threshold"
6bba_268e1230,6bba,93000818,92,24,189,112,39.0,1.6085823774337769,0.093818299472332,12.727691317412464,5324,12.567384192186493,-2.013698298484087,,,11.31888484954834,18.19365305665397,False,22.00135382908288,93000816.0,False,0,0.9292929292929293,False,False,11,True,1,,,0.760995090007782,0.9307993054389954,False,0.9408436417579651,False,"[-1, -2, -1]",0.9408436417579651,False,11.604821196382131,False,False,False,True,>=3 frames,"D1 sustained miss (>=3 frames), field below threshold"
6bba_268e1230,6bba,94000824,93,10,211,123,16.25,1.4079711437225342,0.08683735132217407,10.520258350562669,5451,10.409809675002652,-1.5204270100221038,,,12.509072303771973,16.28710315055774,False,21.929975561431892,94000826.0,False,0,0.9393939393939394,False,False,12,True,1,,,0.5643413662910461,0.6962087154388428,False,0.8336421847343445,False,"[2, 0, 1]",0.9548766016960144,False,11.02128622257856,False,False,False,True,>=3 frames,"D1 sustained miss (>=3 frames), field below threshold"
6bba_268e1230,6bba,94000826,93,22,190,110,35.75,1.5857970714569092,0.09780485928058624,13.211550796262868,5455,13.006763176598682,-2.317150428891182,,,10.714475631713867,17.136704474787155,False,21.929975561431892,94000824.0,False,0,0.9393939393939394,False,False,11,True,1,,,0.8577446341514587,0.9402865767478943,False,0.9402865767478943,False,"[-1, -1, -1]",0.9402865767478943,False,13.101168840985142,False,False,False,True,>=3 frames,"D1 sustained miss (>=3 frames), field below threshold"
6bba_268e1230,6bba,95000832,94,8,217,122,13.0,1.3164539337158203,0.08295804262161255,12.308922431719704,5590,11.455190920910479,-4.50423938035965,,,11.28358268737793,13.401338314960784,False,23.24161895313018,95000834.0,False,0,0.9494949494949495,False,,12,True,0,,,0.29371416568756104,0.4639906585216522,False,0.7404887080192566,False,"[2, 0, 2]",0.9250884652137756,False,12.481861840286488,False,False,False,True,>=3 frames,"D1 sustained miss (>=3 frames), field below threshold"
6bba_268e1230,6bba,95000834,94,21,197,109,34.125,1.581418514251709,0.09965512901544571,14.029306555517117,5598,13.842077750362284,-2.284365553408861,,,9.335707664489746,15.237402534743444,False,23.24161895313018,95000832.0,False,0,0.9494949494949495,False,False,11,True,1,,,0.8439921140670776,0.9563474059104919,False,0.9563474059104919,False,"[-1, 1, -1]",0.990192174911499,False,13.498263777241872,False,False,False,True,>=3 frames,"D1 sustained miss (>=3 frames), field below threshold"
6bba_268e1230,6bba,96000841,95,19,201,111,30.875,1.5487074851989746,0.10174673050642014,14.284744280596431,5740,14.279681680652685,-0.3802765589207411,,,9.374604225158691,14.731856766038504,False,29.988295242685936,96000840.0,True,0,0.9595959595959596,False,False,11,True,1,,,0.826046884059906,0.921025276184082,False,0.9450837969779968,False,"[-2, -1, -1]",0.9919185042381287,False,14.534441853748634,False,False,False,True,>=3 frames,"D1 sustained miss (>=3 frames), field below threshold"
6bba_268e1230,6bba,97000848,96,18,206,111,29.25,1.2476521730422974,0.09618699550628662,11.968236429124067,5867,10.994393633269313,4.728846779093146,,,13.435361862182617,14.318517057853631,False,31.9907365742413,97000847.0,True,0,0.9696969696969697,False,False,11,True,1,,,0.43946751952171326,0.6224029064178467,False,0.6777865290641785,False,"[-2, -2, -1]",0.8914631605148315,False,12.691655723348314,False,False,False,True,>=3 frames,"D1 sustained miss (>=3 frames), field below threshold"
6bba_268e1230,6bba,98000856,97,17,205,109,27.625,1.2301639318466187,0.10061154514551163,12.484760015910444,6053,11.968047288142765,3.554585315287113,,,14.191462516784668,15.621324346373337,False,31.669265586882496,98000854.0,True,0,0.9797979797979798,False,False,11,True,1,,,0.6073117852210999,0.7744972705841064,False,0.7984898090362549,False,"[-2, -1, -2]",0.8337440490722656,False,11.941262496067994,False,False,False,True,>=3 frames,"D1 sustained miss (>=3 frames), field below threshold"
6bba_268e1230,6bba,99000863,98,16,209,109,26.0,1.1679166555404663,0.10021825134754181,11.939163908359886,6244,10.904237776531597,4.862225143238902,,,13.650736808776855,16.414922468789786,False,31.645805902994475,99000862.0,True,0,0.98989898989899,False,False,11,True,1,,,0.4625728130340576,0.6915676593780518,False,0.8413487672805786,False,"[-1, -1, -2]",0.9453544020652771,False,11.490485194281398,False,False,False,True,>=3 frames,"D1 sustained miss (>=3 frames), field below threshold"
6bba_268e1230,6bba,100000867,99,1,223,50,1.625,4.074553966522217,0.3878764510154724,14.134741531769652,6440,5.8815403851367085,12.852953001856804,100000868.0,0.9515207072119175,13.111918449401855,35.10055652874875,False,14.557134204574746,100000868.0,True,0,1.0,True,,1,True,0,,,0.9998469352722168,0.9998600482940674,False,0.9999759197235107,False,"[2, 0, -1]",0.9999759197235107,False,14.259317129512198,False,False,False,False,1 frame,D3 field above threshold but no peak kept (ridge into a neighbour)
6bba_268e1230,6bba,100000869,99,12,225,109,19.5,1.0462911128997803,0.09960149228572845,12.171348095446609,6439,8.808141932732282,8.399901794269681,,,13.733343124389648,14.062952795396749,False,29.911147718074947,100000867.0,False,0,1.0,False,,11,True,0,,,0.2215055674314499,0.47111502289772034,False,0.6064208745956421,False,"[-2, -2, -1]",0.9378865957260132,False,11.604821196382131,False,False,False,True,>=3 frames,"D1 sustained miss (>=3 frames), field below threshold"
6bba_283bf9f1,6bba,2000034,1,23,123,134,37.375,3.2108070850372314,0.599266529083252,8.502060646017794,337,7.121031210782346,4.644991897046566,,,8.809304237365723,9.689451247813645,False,24.890894733315633,2000042.0,True,2,0.010101010101010102,True,True,1,True,1,,,0.9995500445365906,0.9997945427894592,False,0.9997945427894592,False,"[-1, 1, 1]",0.999915599822998,False,8.285906709588275,False,False,False,False,1 frame,D3 field above threshold but no peak kept (ridge into a neighbour)
6bba_283bf9f1,6bba,4000114,3,43,31,174,69.875,3.5192553997039795,0.6810346841812134,9.45368418168227,662,2.863973398931623,9.009428448975086,,,9.87821102142334,11.666529271300897,False,14.987266730878583,4000117.0,True,1,0.030303030303030304,True,True,1,True,1,,,0.9998492002487183,0.9998975992202759,False,0.9999243021011353,False,"[2, 0, 0]",0.9999328851699829,False,10.017172754824587,False,False,False,False,1 frame,D3 field above threshold but no peak kept (ridge into a neighbour)
6bba_283bf9f1,6bba,6000175,5,25,22,97,40.625,1.6334912776947021,0.33857235312461853,7.107475316024319,1079,1.041320785152673,-7.030779216438532,,,10.17782974243164,12.690295824517644,False,17.449844420868054,6000168.0,True,1,0.050505050505050504,True,True,1,True,1,,,0.9994284510612488,0.9997304081916809,False,0.9998695850372314,False,"[-2, 0, 0]",0.9999065399169922,False,6.700046641628698,False,False,False,True,1 frame,D3 field above threshold but no peak kept (ridge into a neighbour)
6bba_283bf9f1,6bba,11000341,10,19,42,81,30.875,1.6813734769821167,0.3848330080509186,9.187718904829929,2212,4.348435550992547,-8.093533649342135,,,9.91274356842041,12.413177035487786,True,12.775900469732065,11000334.0,True,1,0.10101010101010101,True,False,3,True,1,,,0.9998669624328613,0.9998669624328613,False,0.9998687505722046,False,"[-2, 1, 0]",0.999886155128479,False,9.475296829123613,False,False,False,True,>=3 frames,D3 field above threshold but no peak kept (ridge into a neighbour)
6bba_283bf9f1,6bba,11000353,10,43,57,176,69.875,1.7824320793151855,0.4079633355140686,9.532458724002515,2249,2.120353805029619,-9.293646704405546,,,9.409720420837402,14.017622014507486,False,18.03127707970237,11000348.0,True,1,0.10101010101010101,True,True,1,True,1,,,0.9996147155761719,0.9997634291648865,False,0.9997954964637756,False,"[-2, 0, -1]",0.9998630285263062,False,10.405076885828379,False,False,False,True,1 frame,D3 field above threshold but no peak kept (ridge into a neighbour)
6bba_283bf9f1,6bba,11000358,10,53,90,163,86.125,2.728698253631592,0.6245448589324951,10.239632197999846,2302,9.455471108293414,-3.9299025014042854,,,9.047613143920898,10.345616614672347,False,21.718232907513446,11000353.0,False,0,0.10101010101010101,True,False,2,True,1,,,0.9999637603759766,0.9999840259552002,False,0.9999949932098389,False,"[-2, 1, -1]",0.9999949932098389,False,10.017172754824587,False,False,False,False,2 frames,D3 field above threshold but no peak kept (ridge into a neighbour)
6bba_283bf9f1,6bba,12000374,11,18,47,81,29.25,1.500836968421936,0.34056317806243896,10.43339214094029,2450,3.963069258405964,-9.651412001345307,,,9.725744247436523,13.826404376391354,True,14.921048733668153,12000365.0,True,0,0.1111111111111111,False,False,3,True,1,,,0.9998502731323242,0.9998502731323242,False,0.9998800754547119,False,"[-2, 1, 0]",0.9998800754547119,False,10.900831390311474,False,False,False,True,>=3 frames,D3 field above threshold but no peak kept (ridge into a neighbour)
6bba_283bf9f1,6bba,12000398,11,52,92,162,84.5,2.851255416870117,0.6469941139221191,9.997253474553515,2473,9.78605760772789,-2.0440532118082047,,,9.48141098022461,11.705934282578111,False,21.327157716160865,12000382.0,True,1,0.1111111111111111,False,True,2,True,1,,,0.9999778270721436,0.999990701675415,False,0.999990701675415,False,"[-1, 1, -1]",0.9999938011169434,False,9.334914300624297,False,False,False,False,2 frames,D3 field above threshold but no peak kept (ridge into a neighbour)
6bba_283bf9f1,6bba,13000414,12,19,52,85,30.875,1.6410826444625854,0.37722331285476685,11.544228389808191,2684,2.824863985238828,-11.193272648379207,,,9.780586242675781,14.493840736866677,False,19.179991405433423,13000403.0,True,0,0.12121212121212122,False,True,3,True,1,,,0.9997692704200745,0.9998464584350586,False,0.9998464584350586,False,"[-1, 0, 0]",0.9998630285263062,False,11.604821196382131,False,False,False,True,>=3 frames,D3 field above threshold but no peak kept (ridge into a neighbour)
6bba_283bf9f1,6bba,16000544,15,41,67,166,66.625,1.5852991342544556,0.3644007742404938,12.169039796894937,3445,2.845085512602015,-11.83178000152111,,,9.173559188842773,13.065814929236765,False,20.00961682854022,16000533.0,True,0,0.15151515151515152,True,True,1,True,1,,,0.9995854496955872,0.9996181726455688,False,0.9996480941772461,False,"[-2, 0, 1]",0.9998469352722168,False,11.941262496067994,False,False,False,True,1 frame,D3 field above threshold but no peak kept (ridge into a neighbour)
6bba_283bf9f1,6bba,18000611,17,41,68,166,66.625,1.842700481414795,0.42899802327156067,8.06317282246551,3887,0.9510253474780079,-8.006891204044223,,,9.665639877319336,15.081939931581388,False,23.44312432516195,18000604.0,True,1,0.1717171717171717,True,False,5,True,1,,,0.9997768998146057,0.9998548030853271,False,0.9998739957809448,False,"[-2, 0, 0]",0.9999278783798218,False,8.125,False,False,False,True,>=3 frames,D3 field above threshold but no peak kept (ridge into a neighbour)
6bba_283bf9f1,6bba,19000645,18,41,69,163,66.625,1.7660605907440186,0.41982972621917725,13.614441789341692,4221,13.458998691199644,-2.051433514803648,,,8.951059341430664,14.214050027323607,False,23.1705000013487,19000639.0,True,0,0.18181818181818182,False,False,5,True,1,,,0.9997542500495911,0.9998065829277039,False,0.9998065829277039,False,"[-1, 0, 0]",0.999862790107727,False,13.498263777241872,False,False,False,True,>=3 frames,D3 field above threshold but no peak kept (ridge into a neighbour)
6bba_283bf9f1,6bba,20000679,19,39,69,158,63.375,1.655401349067688,0.3984020948410034,11.841519872133635,4378,2.1615111258459296,-11.642571130767465,,,9.926519393920898,14.135044467559773,False,23.63942185471125,20000672.0,True,0,0.1919191919191919,False,False,5,True,1,,,0.999602735042572,0.9997842907905579,False,0.9998496770858765,False,"[-2, 0, 0]",0.9998956918716431,False,11.604821196382131,False,False,False,True,>=3 frames,D3 field above threshold but no peak kept (ridge into a neighbour)
6bba_283bf9f1,6bba,21000706,20,36,68,153,58.5,1.9108682870864868,0.44674524664878845,8.690165510376039,4623,2.192182495707452,-8.409120792523026,,,10.117827415466309,13.3948811846017,False,22.995329009387973,21000702.0,True,1,0.20202020202020202,False,False,5,True,1,,,0.9998189806938171,0.9998811483383179,False,0.9999285936355591,False,"[-2, 0, 0]",0.9999428987503052,False,8.285906709588275,False,False,False,True,>=3 frames,D3 field above threshold but no peak kept (ridge into a neighbour)
6bba_283bf9f1,6bba,22000736,21,26,4,125,42.25,2.7123076915740967,0.6234577298164368,7.887172581124776,4865,1.773737607302819,-7.685138009488583,,,10.425223350524902,12.3877142328018,False,37.37941550004494,22000732.0,True,1,0.21212121212121213,,False,2,False,1,,,0.9984642267227173,0.9993528723716736,False,0.999768078327179,False,"[-2, 0, -1]",0.9999498128890991,False,8.285906709588275,False,False,False,False,2 frames,D3 field above threshold but no peak kept (ridge into a neighbour)
6bba_283bf9f1,6bba,22000739,21,38,79,156,61.75,2.064615249633789,0.4745776057243347,10.854492109605212,4869,0.7360699316281976,-10.829505991190672,,,10.233933448791504,11.479218405397773,False,27.215718114721867,22000732.0,True,0,0.21212121212121213,False,True,5,True,1,,,0.9992620348930359,0.9998295307159424,False,0.9998499155044556,False,"[-2, 1, 0]",0.9999103546142578,False,11.375,False,False,False,False,>=3 frames,D3 field above threshold but no peak kept (ridge into a neighbour)
6bba_283bf9f1,6bba,23000769,22,25,5,128,40.625,2.702765703201294,0.6079895496368408,10.270735123832427,5180,4.2955177380325456,-9.329336918890476,,,9.31437873840332,10.918811150740753,False,35.02478196309721,23000764.0,True,0,0.2222222222222222,False,True,2,True,1,,,0.9993870258331299,0.9996381998062134,False,0.9996551275253296,False,"[-2, 0, 0]",0.9998113512992859,False,10.779030568655049,False,False,False,False,2 frames,D3 field above threshold but no peak kept (ridge into a neighbour)
6bba_283bf9f1,6bba,23000777,22,39,246,193,63.375,3.349752426147461,0.7535297870635986,10.679304883426978,5340,10.049937150104682,-3.6119684483855963,,,5.333676815032959,15.547301848669825,False,16.112307262229702,23000773.0,True,0,0.2222222222222222,True,True,1,True,1,,,0.9997125267982483,0.9998031258583069,False,0.9998635053634644,False,"[2, 0, 0]",0.9998983144760132,False,10.779030568655049,False,False,False,False,1 frame,D3 field above threshold but no peak kept (ridge into a neighbour)
6bba_283bf9f1,6bba,24000805,23,33,79,154,53.625,2.1139726638793945,0.45477405190467834,8.290408781633412,5371,3.7746169057946815,-7.381269875913858,,,9.868897438049316,11.534891206065282,False,21.35036043314023,24000798.0,True,1,0.23232323232323232,True,True,1,True,1,,,0.9998261332511902,0.9998918771743774,False,0.9999314546585083,False,"[-2, 1, 1]",0.9999321699142456,False,9.334914300624297,False,False,False,False,1 frame,D3 field above threshold but no peak kept (ridge into a neighbour)
6bba_283bf9f1,6bba,28000929,27,26,70,142,42.25,2.059417486190796,0.41673868894577026,9.894887554505774,6338,5.307744680829731,8.350847030058503,,,11.206440925598145,11.355807901690472,False,15.655127205248126,28000928.0,True,1,0.2727272727272727,True,False,2,True,1,,,0.9998131394386292,0.9998131394386292,False,0.9999046325683594,False,"[2, -1, -2]",0.9999493360519409,False,9.613629647536875,False,False,False,False,2 frames,D3 field above threshold but no peak kept (ridge into a neighbour)
6bba_283bf9f1,6bba,29000960,28,24,79,137,39.0,2.1258292198181152,0.41555991768836975,10.520177187294065,6632,4.567639609942954,-9.476855831220746,,,9.49708080291748,12.416805145146578,True,13.06332234253599,29000958.0,True,0,0.2828282828282828,False,True,2,True,1,,,0.9998205304145813,0.9998205304145813,False,0.9998564720153809,False,"[2, -2, -1]",0.999894380569458,False,10.277402395547233,False,False,False,False,2 frames,D3 field above threshold but no peak kept (ridge into a neighbour)
6bba_283bf9f1,6bba,29000962,28,29,246,193,47.125,3.3130319118499756,0.6476358771324158,8.799713081838487,6752,7.1111588827794066,-5.183277888223529,,,8.38902473449707,11.810339814974306,True,12.058167939720361,29000963.0,True,1,0.2828282828282828,True,,1,True,0,,,0.9994290471076965,0.9996774196624756,False,0.9996774196624756,False,"[1, 0, 0]",0.9997727274894714,True,8.443747686898277,False,False,False,False,1 frame,D3 field above threshold but no peak kept (ridge into a neighbour)
6bba_283bf9f1,6bba,29000969,28,40,12,253,65.0,4.090251445770264,0.7995678186416626,7.843359851381093,6726,7.036167985354386,3.4656361378729343,,,8.655449867248535,11.788876574667384,False,37.44999269859742,29000977.0,False,1,0.2828282828282828,,True,1,False,1,,,0.9952240586280823,0.9967896342277527,False,0.9969258904457092,False,"[2, -2, -2]",0.9994921684265137,False,7.960841664045329,False,False,False,False,1 frame,D3 field above threshold but no peak kept (ridge into a neighbour)
6bba_283bf9f1,6bba,29000977,28,62,39,248,100.75,3.9022445678710938,0.7628160119056702,10.739114439445391,6749,4.8151431391308686,-9.59911326598376,,,8.437347412109375,12.622945580774608,False,32.603935369254124,29000976.0,True,0,0.2828282828282828,,True,1,False,1,,,0.994490385055542,0.9986242055892944,False,0.9994990825653076,False,"[-2, 2, -2]",0.9996858835220337,False,11.375,False,False,False,False,1 frame,D3 field above threshold but no peak kept (ridge into a neighbour)
6bba_283bf9f1,6bba,37001181,36,2,162,22,3.25,1.889722228050232,0.35641124844551086,7.336093029473934,8491,5.359574625905661,5.009313402697444,,,10.762670516967773,7.423134125737086,False,41.08752329250937,37001187.0,True,2,0.36363636363636365,True,True,1,True,1,,,0.9996341466903687,0.999891996383667,False,0.999934196472168,False,"[2, -2, -2]",0.99997878074646,True,6.700046641628698,False,False,False,True,1 frame,D3 field above threshold but no peak kept (ridge into a neighbour)
6bba_283bf9f1,6bba,37001196,36,35,224,179,56.875,2.462777853012085,0.46449247002601624,8.164376582221243,8662,1.3072343789005225,-8.059043569490314,,,8.234397888183594,9.48960270077524,False,34.069337043190316,37001194.0,True,2,0.36363636363636365,True,True,1,True,1,,,0.999065101146698,0.9995410442352295,False,0.9995410442352295,False,"[-1, 0, 0]",0.9999321699142456,False,8.443747686898277,False,False,False,False,1 frame,D3 field above threshold but no peak kept (ridge into a neighbour)
6bba_283bf9f1,6bba,39001235,38,2,171,16,3.25,2.157789468765259,0.3963719606399536,8.94068396820277,9085,8.809560811381651,-1.5256041851826012,,,8.736361503601074,8.95326229182712,False,39.473203430460266,39001237.0,True,2,0.3838383838383838,True,True,1,True,1,,,0.9994816184043884,0.9998997449874878,False,0.9998997449874878,False,"[1, 0, -1]",0.9999752044677734,False,8.900491559458949,False,False,False,False,1 frame,D3 field above threshold but no peak kept (ridge into a neighbour)
6bba_283bf9f1,6bba,46001417,45,28,52,162,45.5,2.7910382747650146,0.501728892326355,9.749060259410028,10626,5.7181300905190104,7.8960220497101545,,,9.8891019821167,11.121558285969948,False,28.03125,46001415.0,True,1,0.45454545454545453,True,True,1,True,1,,,0.9993212223052979,0.9996329545974731,False,0.9997715353965759,False,"[2, 0, -2]",0.999904990196228,False,9.613629647536875,False,False,False,False,1 frame,D3 field above threshold but no peak kept (ridge into a neighbour)
6bba_283bf9f1,6bba,47001446,46,35,117,134,56.875,2.9455857276916504,0.5352979898452759,7.405593600869877,10849,3.82146716513344,-6.343437970615923,,,15.83907699584961,11.183555456599121,False,27.818486013126236,47001447.0,True,1,0.46464646464646464,True,True,1,True,1,,,0.9999971389770508,0.9999977350234985,False,0.9999996423721313,False,"[-2, 1, -2]",0.9999996423721313,False,7.44668550430324,False,False,False,False,1 frame,D3 field above threshold but no peak kept (ridge into a neighbour)
6bba_283bf9f1,6bba,49001493,48,34,122,129,55.25,2.7024805545806885,0.45660772919654846,6.390456054938067,11328,3.9092535988683292,-5.055261109955609,,,14.70292854309082,11.292184103312394,False,26.243246899202468,49001492.0,True,1,0.48484848484848486,True,True,1,True,1,,,0.9999816417694092,0.9999978542327881,False,0.9999979734420776,False,"[-1, 1, -2]",0.9999996423721313,True,6.080193253507654,True,False,False,False,1 frame,"D5 local-metric truncation artefact (detection 5.6-7 um away, mostly in z)"
6bba_283bf9f1,6bba,53001598,52,31,8,210,50.375,5.514933109283447,0.8126129508018494,6.115690719904676,12281,3.5787380753628715,-4.9592647408135235,,,10.109821319580078,12.163155473571726,False,19.270129491651062,53001599.0,True,1,0.5252525252525253,True,True,1,True,1,,,0.9994584918022156,0.9998975992202759,False,0.9999533891677856,False,"[-2, 0, 2]",0.9999593496322632,True,5.859020822628983,True,False,False,False,1 frame,"D5 local-metric truncation artefact (detection 5.6-7 um away, mostly in z)"
6bba_283bf9f1,6bba,59001753,58,36,253,185,58.5,4.646597862243652,0.6641257405281067,6.811164639872097,13786,0.2866246694126785,-6.805131155997515,,,7.210371017456055,9.350022275887923,False,34.786008771487424,59001743.0,True,2,0.5858585858585859,True,,1,True,0,,,0.9990136623382568,0.9994876384735107,False,0.9997273087501526,False,"[2, -1, -1]",0.9999070167541504,False,6.5,True,False,False,False,1 frame,"D5 local-metric truncation artefact (detection 5.6-7 um away, mostly in z)"
6bba_283bf9f1,6bba,63001861,62,52,199,253,84.5,4.838583469390869,0.7604846358299255,10.145806198932833,14659,3.342678639085442,-9.579346686601639,,,8.23857307434082,11.89206942220106,False,26.77862443372512,63001858.0,True,0,0.6262626262626263,,True,1,False,1,,,0.9974594712257385,0.997885525226593,False,0.9986780285835266,False,"[2, 0, 0]",0.9987223744392395,False,10.405076885828379,False,False,False,False,1 frame,D3 field above threshold but no peak kept (ridge into a neighbour)
6bba_283bf9f1,6bba,66001935,65,27,182,100,43.875,2.1331634521484375,0.32898494601249695,8.949780177815027,15170,6.214386386818404,-6.440494318492711,,,12.014881134033203,9.376787628072824,False,27.487248464060567,66001938.0,True,2,0.6565656565656566,True,True,1,True,1,,,0.9994919300079346,0.9999518394470215,False,0.9999934434890747,False,"[-2, -1, -2]",0.9999934434890747,False,8.900491559458949,False,False,False,False,1 frame,D3 field above threshold but no peak kept (ridge into a neighbour)
6bba_283bf9f1,6bba,71002074,70,28,71,152,45.5,3.1805713176727295,0.4374066889286041,7.122583736031057,16283,4.053760660792668,-5.85646852478385,,,9.588019371032715,12.628268657425341,False,22.69189007112453,71002067.0,True,1,0.7070707070707071,True,True,1,True,1,,,0.9984210729598999,0.9997507929801941,False,0.9999239444732666,False,"[-2, 1, 2]",0.9999252557754517,False,7.44668550430324,False,False,False,False,1 frame,D3 field above threshold but no peak kept (ridge into a neighbour)
6bba_283bf9f1,6bba,71002082,70,49,195,252,79.625,5.257333278656006,0.7230124473571777,10.30559267304994,16417,5.6084624662017175,-8.645830735564232,,,8.346877098083496,10.830718156148905,False,17.273986945693807,71002080.0,True,0,0.7070707070707071,True,True,1,True,1,,,0.9983441829681396,0.9991859793663025,False,0.9992074370384216,False,"[2, 0, -1]",0.9993044137954712,False,9.884489111734608,False,False,False,False,1 frame,D3 field above threshold but no peak kept (ridge into a neighbour)
6bba_283bf9f1,6bba,78002259,77,40,252,217,65.0,5.537886142730713,0.6691159009933472,7.650602787094009,17836,4.405090160356227,-6.25515017285943,,,8.603494644165039,11.104687795477922,False,15.075104943664572,78002260.0,True,1,0.7777777777777778,True,,1,True,0,,,0.9991625547409058,0.9991625547409058,False,0.9992699027061462,False,"[2, -1, 0]",0.9997439980506897,False,8.285906709588275,False,False,False,False,1 frame,D3 field above threshold but no peak kept (ridge into a neighbour)
6bba_283bf9f1,6bba,82002345,81,17,132,135,27.625,5.025029182434082,0.5627242922782898,7.917858718326839,18628,5.871595619170187,-5.311953648924828,,,8.519430160522461,9.532754536020118,False,13.595725431178728,82002355.0,True,3,0.8181818181818182,True,False,2,True,1,,,0.9994593262672424,0.999821126461029,False,0.999876856803894,False,"[2, 0, 0]",0.9998924732208252,False,8.75089281159357,False,False,False,False,2 frames,D3 field above threshold but no peak kept (ridge into a neighbour)
6bba_283bf9f1,6bba,83002368,82,16,134,133,26.0,5.52336311340332,0.6022527813911438,8.945549540505192,18810,6.113793286035873,-6.530267087742686,,,8.600715637207031,9.723953425718912,False,14.172245378291331,83002378.0,True,3,0.8282828282828283,False,True,2,True,1,,,0.9997736811637878,0.9998143315315247,False,0.9998219609260559,False,"[2, 0, 0]",0.9998233914375305,False,8.75089281159357,False,False,False,False,2 frames,D3 field above threshold but no peak kept (ridge into a neighbour)
6bba_283bf9f1,6bba,89002513,88,29,251,187,47.125,6.889939308166504,0.7444924712181091,7.63556223844511,19910,0.6330676805617743,-7.60927302762866,,,9.430277824401855,8.44194143029944,False,28.69459675291674,89002508.0,True,2,0.8888888888888888,True,True,1,True,1,,,0.9997102618217468,0.9998165965080261,False,0.9998393058776855,False,"[-2, 0, 0]",0.9999101161956787,False,7.44668550430324,False,False,False,False,1 frame,D3 field above threshold but no peak kept (ridge into a neighbour)
6bba_283bf9f1,6bba,93002599,92,20,51,184,32.5,6.8652424812316895,0.6946169137954712,8.222449955460418,20729,4.974595511018706,6.546913988422602,,,8.593363761901855,10.300847722597625,False,20.702812497641474,93002601.0,True,1,0.9292929292929293,True,True,1,True,1,,,0.9980179071426392,0.9996960163116455,False,0.9997754693031311,False,"[2, 0, -1]",0.9997754693031311,False,8.75089281159357,False,False,False,False,1 frame,D3 field above threshold but no peak kept (ridge into a neighbour)
6bba_283bf9f1,6bba,100002728,99,36,176,143,58.5,3.4646153450012207,0.30970531702041626,10.044414208427177,21827,8.858380427185386,-4.734907918609679,,,14.441827774047852,12.351581721801345,False,21.744813497993032,100002727.0,True,0,1.0,True,,1,True,0,,,0.9999773502349854,0.9999971389770508,False,0.9999971389770508,False,"[1, -1, 1]",0.999997615814209,False,11.02128622257856,False,False,False,False,1 frame,D3 field above threshold but no peak kept (ridge into a neighbour)
6bba_3a1849c2,6bba,1000002,0,11,15,150,17.875,1.736497163772583,0.1288721114397049,10.874664778456934,43,8.386366704537686,6.922946449369192,,,5.775914192199707,13.23311739196208,False,34.519299402653004,1000001.0,True,0,0.0,,True,1,False,1,,,0.8636617064476013,0.971422553062439,False,0.9716222882270813,False,"[-1, 2, -1]",0.9926270842552185,False,10.405076885828379,False,False,False,True,1 frame,"D2 transient miss (1-2 frames), field below threshold"
6bba_3a1849c2,6bba,1000004,0,31,100,219,50.375,3.1270055770874023,0.2320670783519745,7.2856105693116655,9,7.284261521499222,0.14019791036844254,,,12.901830673217773,11.87553865070937,False,32.3575000965773,1000005.0,True,1,0.0,,True,1,False,1,,,0.649951159954071,0.9375495314598083,False,0.985647439956665,False,"[2, -2, 1]",0.9996143579483032,False,8.125,False,False,False,False,1 frame,D3 field above threshold but no peak kept (ridge into a neighbour)
6bba_3a1849c2,6bba,1000008,0,50,74,165,81.25,2.13581919670105,0.1585073471069336,7.304495870833651,68,6.504117464442992,3.3244722792878747,,,4.836353302001953,16.715419750293783,False,31.175551944793217,1000009.0,True,1,0.0,,False,6,False,1,,,0.9824077486991882,0.9860036969184875,False,0.9880499243736267,False,"[2, -2, 2]",0.9913410544395447,False,7.44668550430324,False,False,False,False,>=3 frames,D3 field above threshold but no peak kept (ridge into a neighbour)
6bba_3a1849c2,6bba,2000018,1,48,73,167,78.0,2.1134464740753174,0.15684697031974792,8.266828294008794,142,5.581118319172602,6.098489021882415,,,4.489200592041016,13.723145179814415,False,31.564866866700072,2000019.0,True,1,0.010101010101010102,False,False,6,True,1,,,0.9777930974960327,0.9808599948883057,False,0.9808599948883057,False,"[0, 0, -1]",0.9860025644302368,False,8.75089281159357,False,False,False,False,>=3 frames,"D1 sustained miss (>=3 frames), field below threshold"
6bba_3a1849c2,6bba,3000028,2,48,73,167,78.0,2.1134464740753174,0.15684697031974792,8.26440146155859,215,5.605434067660681,6.072844509035349,,,4.442911148071289,13.739164010319014,False,31.564866866700072,3000029.0,True,1,0.020202020202020204,False,False,6,True,1,,,0.9782789349555969,0.9812256693840027,False,0.9812256693840027,False,"[0, 0, -1]",0.9855337738990784,False,8.75089281159357,False,False,False,False,>=3 frames,"D1 sustained miss (>=3 frames), field below threshold"
6bba_3a1849c2,6bba,4000038,3,47,76,166,76.375,2.1535556316375732,0.1625324934720993,8.862052833510793,283,7.569075013914507,4.609238967299461,,,4.8952155113220215,14.724364161835673,False,30.032290564698858,4000039.0,True,1,0.030303030303030304,False,False,6,True,1,,,0.9562745690345764,0.9779893755912781,False,0.9779893755912781,False,"[-1, -1, -1]",0.9892323017120361,False,9.475296829123613,False,False,False,False,>=3 frames,"D1 sustained miss (>=3 frames), field below threshold"
6bba_3a1849c2,6bba,5000047,4,47,76,165,76.375,2.1011111736297607,0.1585744172334671,9.2406233280962,349,8.171831881554995,4.313963744789362,,,5.512555122375488,15.37120915214678,False,29.902870106814163,5000048.0,True,1,0.04040404040404041,False,False,6,True,1,,,0.9642980098724365,0.979103147983551,False,0.9799715876579285,False,"[-1, -2, -2]",0.9917060136795044,False,9.475296829123613,False,False,False,False,>=3 frames,"D1 sustained miss (>=3 frames), field below threshold"
6bba_3a1849c2,6bba,6000056,5,47,76,169,76.375,2.062000036239624,0.15562264621257782,8.45750827399569,409,7.27816813972433,4.307866610586643,,,5.839742660522461,13.869556098190882,False,30.695406949778334,6000057.0,True,1,0.050505050505050504,False,True,6,True,1,,,0.9246062636375427,0.9660970568656921,False,0.9750062823295593,False,"[-2, -1, -2]",0.9954057931900024,False,8.75089281159357,False,False,False,False,>=3 frames,"D1 sustained miss (>=3 frames), field below threshold"
6bba_3a1849c2,6bba,8000077,7,47,77,168,76.375,2.1988890171051025,0.1659538745880127,8.442228298409745,580,7.290473663993647,4.256784278899431,,,5.016120910644531,12.92281346116139,False,28.91518443007065,8000076.0,True,1,0.0707070707070707,True,True,1,True,1,,,0.9445847868919373,0.9805193543434143,False,0.9833842515945435,False,"[-1, -2, -2]",0.9929237365722656,False,9.475296829123613,False,False,False,False,1 frame,"D2 transient miss (1-2 frames), field below threshold"
6bba_3a1849c2,6bba,9000082,8,28,89,209,45.5,2.4335556030273438,0.18366457521915436,7.715986259897716,601,7.623059417125347,-1.1939049735665321,,,12.535597801208496,13.601332101289422,False,31.404990646392495,9000083.0,True,1,0.08080808080808081,True,True,1,True,1,,,0.7313050031661987,0.9804050326347351,False,0.9957262277603149,False,"[1, -2, 2]",0.9999924898147583,False,7.44668550430324,False,False,False,False,1 frame,D3 field above threshold but no peak kept (ridge into a neighbour)
6bba_3a1849c2,6bba,10000090,9,7,10,146,11.375,1.5755555629730225,0.11890985071659088,14.904924715754,664,14.011529424667648,-5.082698492333293,,,13.950495719909668,21.76223143129016,False,32.81584804347588,10000089.0,True,0,0.09090909090909091,True,True,1,True,1,,,0.976385235786438,0.9777833819389343,False,0.9822853803634644,False,"[-2, 2, -2]",0.9822853803634644,False,15.501512023025366,False,False,False,True,1 frame,"D2 transient miss (1-2 frames), field below threshold"
6bba_3a1849c2,6bba,12000110,11,7,11,147,11.375,1.4528888463974,0.10965199023485184,14.840600208555312,811,13.761937382461486,-5.554502140730619,,,13.334232330322266,22.009196619938205,False,31.822628544794977,12000109.0,True,0,0.1111111111111111,True,False,5,True,1,,,0.9447640180587769,0.9566186666488647,False,0.97565096616745,False,"[-2, 1, -2]",0.97565096616745,False,15.501512023025366,False,False,False,True,>=3 frames,"D1 sustained miss (>=3 frames), field below threshold"
6bba_3a1849c2,6bba,13000120,12,7,10,148,11.375,1.3913979530334473,0.1085115373134613,14.977990609702884,888,13.563207818620972,-6.354494187049568,,,12.655214309692383,21.61151890966377,False,31.718734605907596,13000119.0,True,0,0.12121212121212122,False,False,5,True,1,,,0.8610591888427734,0.9328869581222534,False,0.9482195377349854,False,"[-2, 1, -1]",0.9482195377349854,False,14.625,False,False,False,True,>=3 frames,"D1 sustained miss (>=3 frames), field below threshold"
6bba_3a1849c2,6bba,13000123,12,26,87,210,42.25,2.1909677982330322,0.170867919921875,7.545179249218283,887,7.471776938013981,-1.0498948954045773,,,13.208566665649414,13.43700330071509,False,30.400966267538273,13000122.0,True,1,0.12121212121212122,True,False,2,True,1,,,0.6709426641464233,0.9796481728553772,False,0.9958904981613159,False,"[0, -2, 2]",0.999997615814209,False,8.285906709588275,False,False,False,False,2 frames,D3 field above threshold but no peak kept (ridge into a neighbour)
6bba_3a1849c2,6bba,13000127,12,44,74,173,71.5,2.3184947967529297,0.18081343173980713,8.426667877399973,907,4.9338675498031925,6.831228477880359,,,6.772716522216797,9.404907460728793,False,28.37068042561722,13000126.0,True,2,0.12121212121212122,True,False,32,True,1,,,0.8806121945381165,0.9585884213447571,False,0.988081693649292,False,"[2, 2, -1]",0.9971791505813599,False,8.285906709588275,False,False,False,False,>=3 frames,D3 field above threshold but no peak kept (ridge into a neighbour)
6bba_3a1849c2,6bba,14000131,13,7,9,148,11.375,1.5,0.1169811338186264,14.251298034840884,974,12.85322402321026,-6.1558206509798765,,,11.47565746307373,21.386756731433085,False,32.280902103643264,14000130.0,True,0,0.13131313131313133,False,False,5,True,1,,,0.9125885367393494,0.9498623013496399,False,0.9602014422416687,False,"[-2, 0, -1]",0.9602014422416687,False,13.201562407533435,False,False,False,True,>=3 frames,"D1 sustained miss (>=3 frames), field below threshold"
6bba_3a1849c2,6bba,14000134,13,26,85,209,42.25,2.28021502494812,0.1778281033039093,7.250958918009777,968,7.250602361178791,0.07190709793940187,,,13.340103149414062,13.232049003750271,False,30.400966267538273,14000133.0,True,1,0.13131313131313133,False,True,2,True,1,,,0.5912731289863586,0.9709086418151855,False,0.9982682466506958,False,"[0, -2, 2]",0.9999971389770508,False,7.267220926874317,False,False,False,False,2 frames,D3 field above threshold but no peak kept (ridge into a neighbour)
6bba_3a1849c2,6bba,14000140,13,44,72,172,71.5,2.299569845199585,0.1793375313282013,8.62402973273818,1001,5.220362087327565,6.864525366574526,,,6.265074253082275,9.93210147521314,False,29.2612825462248,14000139.0,True,2,0.13131313131313133,False,False,32,True,1,,,0.8170359134674072,0.948341965675354,False,0.9833801984786987,False,"[2, 2, -2]",0.9948012828826904,False,7.960841664045329,False,False,False,False,>=3 frames,"D1 sustained miss (>=3 frames), field below threshold"
6bba_3a1849c2,6bba,15000143,14,6,8,148,9.75,1.5266667604446411,0.11906079947948456,14.112857468600469,1056,13.066929355570817,-5.331801116466522,,,10.887893676757812,21.81930916241351,False,32.05258435855836,15000142.0,True,0,0.1414141414141414,False,False,5,True,1,,,0.949505627155304,0.969369113445282,False,0.969369113445282,False,"[-1, 0, -1]",0.969369113445282,False,13.978778558944269,False,False,False,True,>=3 frames,"D1 sustained miss (>=3 frames), field below threshold"
6bba_3a1849c2,6bba,15000151,14,43,71,174,69.875,2.4617204666137695,0.19198322296142578,9.593055608386896,1116,4.890501702087062,8.252860656008124,,,4.974322319030762,10.386545907311751,False,29.37667880841025,15000152.0,True,1,0.1414141414141414,False,False,32,True,1,,,0.9045223593711853,0.9553584456443787,False,0.9605522155761719,False,"[2, 2, -2]",0.9936011433601379,False,9.613629647536875,False,False,False,False,>=3 frames,"D1 sustained miss (>=3 frames), field below threshold"
6bba_3a1849c2,6bba,16000155,15,6,8,149,9.75,1.5451613664627075,0.12050314992666245,13.630154135546064,1138,12.612625923311118,-5.167472213506699,,,10.561283111572266,21.400015501412692,False,32.183616270549834,16000154.0,True,0,0.15151515151515152,False,,5,True,0,,,0.969547688961029,0.9839590191841125,False,0.9839590191841125,False,"[-1, 0, -1]",0.9839590191841125,False,13.978778558944269,False,False,False,True,>=3 frames,"D1 sustained miss (>=3 frames), field below threshold"
6bba_3a1849c2,6bba,16000164,15,43,70,173,69.875,2.5559139251708984,0.19932913780212402,9.565329687954902,1196,5.5564107833370695,7.786002263426781,,,5.095192909240723,10.369646277276345,False,29.18504071545044,16000163.0,True,1,0.15151515151515152,False,False,32,True,1,,,0.916610062122345,0.9640489220619202,False,0.9711851477622986,False,"[2, 2, -2]",0.9961796998977661,False,9.613629647536875,False,False,False,False,>=3 frames,"D1 sustained miss (>=3 frames), field below threshold"
6bba_3a1849c2,6bba,17000171,16,39,45,27,63.375,3.8205463886260986,0.29314884543418884,13.487056046565083,1207,7.246382256215012,-11.375,17000170.0,1.5291111153829775,16.69839859008789,16.302418280639053,False,13.746626006497012,17000170.0,True,0,0.16161616161616163,True,False,2,True,1,,,0.9996861219406128,0.9996861219406128,False,0.9997053742408752,False,"[-2, -1, 1]",0.9997053742408752,False,13.201562407533435,False,False,False,False,2 frames,D3 field above threshold but no peak kept (ridge into a neighbour)
6bba_3a1849c2,6bba,17000174,16,42,71,175,68.25,2.6019673347473145,0.19964779913425446,10.926326540009763,1274,5.585217821031479,9.390950620174408,,,4.986869812011719,12.002462799270733,False,28.820853588374167,17000175.0,True,0,0.16161616161616163,False,False,32,True,1,,,0.9446443319320679,0.9577430486679077,False,0.9763975143432617,False,"[-2, 2, -2]",0.9952120780944824,False,11.02128622257856,False,False,False,False,>=3 frames,"D1 sustained miss (>=3 frames), field below threshold"
6bba_3a1849c2,6bba,18000184,17,39,45,27,63.375,3.8205463886260986,0.29314884543418884,13.531159794385562,1282,7.328141673111701,-11.375,18000183.0,0.4427665642127007,16.882339477539062,16.28388557193348,False,13.746626006497012,18000183.0,True,0,0.1717171717171717,False,,2,True,0,,,0.9997338652610779,0.999734103679657,False,0.9997492432594299,False,"[-2, -1, 1]",0.9997492432594299,False,13.978778558944269,False,False,False,False,2 frames,D3 field above threshold but no peak kept (ridge into a neighbour)
6bba_3a1849c2,6bba,18000187,17,42,71,175,68.25,2.6019673347473145,0.19964779913425446,10.938275994474566,1349,5.630405757259805,9.377868240699172,,,4.971409320831299,12.00503611776051,False,28.820853588374167,18000188.0,True,0,0.1717171717171717,False,False,32,True,1,,,0.9449009895324707,0.9580300450325012,False,0.9768103361129761,False,"[-2, 2, -2]",0.9950710535049438,False,11.02128622257856,False,False,False,False,>=3 frames,"D1 sustained miss (>=3 frames), field below threshold"
6bba_3a1849c2,6bba,19000197,18,40,67,180,65.0,2.4698925018310547,0.19262054562568665,10.644999912137893,1363,8.55611782673997,-6.3331564692780375,,,13.051926612854004,13.579300579355593,False,30.802752641809466,19000198.0,True,0,0.18181818181818182,False,False,32,True,1,,,0.8924444317817688,0.9179286956787109,False,0.9633434414863586,False,"[-1, -2, -2]",0.9992319345474243,False,10.531203634912773,False,False,False,False,>=3 frames,"D1 sustained miss (>=3 frames), field below threshold"
6bba_3a1849c2,6bba,20000208,19,40,68,178,65.0,2.4749205112457275,0.196125790476799,10.408199064409727,1434,8.824421283337715,-5.519075717777014,,,13.896982192993164,12.374338740452433,False,30.144735496019866,20000209.0,True,0,0.1919191919191919,False,False,32,True,1,,,0.9206286668777466,0.9590833187103271,False,0.9717119932174683,False,"[0, 1, -2]",0.9717119932174683,False,10.900831390311474,False,False,False,False,>=3 frames,"D1 sustained miss (>=3 frames), field below threshold"
6bba_3a1849c2,6bba,21000219,20,39,68,180,63.375,2.566984176635742,0.20342138409614563,9.925007985565282,1509,8.88675870495855,-4.419423405081034,,,13.137161254882812,11.349177066423593,False,30.196702142990713,21000220.0,True,1,0.20202020202020202,False,False,32,True,1,,,0.8979965448379517,0.9521562457084656,False,0.9683758616447449,False,"[-1, 1, -2]",0.9760067462921143,False,10.405076885828379,False,False,False,False,>=3 frames,"D1 sustained miss (>=3 frames), field below threshold"
6bba_3a1849c2,6bba,22000230,21,39,67,180,63.375,2.3508996963500977,0.1862976998090744,9.68370139183497,1581,8.36450598292911,-4.879458198178327,,,14.095684051513672,10.95619133525614,False,30.703470894998173,22000227.0,True,1,0.21212121212121213,False,False,32,True,1,,,0.6919769048690796,0.8813380599021912,False,0.9130701422691345,False,"[-1, 1, -2]",0.9980592131614685,False,9.613629647536875,False,False,False,False,>=3 frames,"D1 sustained miss (>=3 frames), field below threshold"
6bba_3a1849c2,6bba,23000241,22,39,67,181,63.375,2.3564021587371826,0.18673375248908997,9.787708181260575,1653,8.633668928194064,-4.61074747517705,,,14.438947677612305,10.821434492264826,False,30.57959005815807,23000237.0,True,1,0.2222222222222222,False,False,32,True,1,,,0.8003794550895691,0.9086285829544067,False,0.923288106918335,False,"[-1, 1, -2]",0.9955766201019287,False,9.613629647536875,False,False,False,False,>=3 frames,"D1 sustained miss (>=3 frames), field below threshold"
6bba_3a1849c2,6bba,24000251,23,39,66,181,63.375,2.460740804672241,0.19500210881233215,9.518914754182312,1722,8.102317084716521,-4.996218165382743,,,14.698378562927246,10.847177584945213,False,32.26556068395527,24000247.0,True,1,0.23232323232323232,False,False,32,True,1,,,0.7825934886932373,0.9196376204490662,False,0.9198068380355835,False,"[-1, 1, -2]",0.9988786578178406,False,9.613629647536875,False,False,False,False,>=3 frames,"D1 sustained miss (>=3 frames), field below threshold"
6bba_3a1849c2,6bba,25000262,24,39,65,181,63.375,2.508148193359375,0.19875891506671906,8.703252019905703,1793,7.696927274698178,-4.0625,,,14.091951370239258,14.018323927921049,False,31.26805728295252,25000258.0,True,1,0.24242424242424243,False,False,32,True,1,,,0.8172199130058289,0.9409870505332947,False,0.9409870505332947,False,"[-1, 1, -1]",0.9988571405410767,False,8.900491559458949,False,False,False,False,>=3 frames,"D1 sustained miss (>=3 frames), field below threshold"
6bba_3a1849c2,6bba,26000268,25,19,76,216,30.875,4.591111183166504,0.36382389068603516,10.012876845844378,1868,2.9479869034435207,9.569068708457053,,,13.875102043151855,15.419496706577398,False,35.34141515276376,26000272.0,False,0,0.25252525252525254,True,False,18,True,1,,,0.890167772769928,0.9882086515426636,False,0.9999349117279053,False,"[2, -2, 1]",0.9999891519546509,False,10.405076885828379,False,False,False,False,>=3 frames,D3 field above threshold but no peak kept (ridge into a neighbour)
6bba_3a1849c2,6bba,26000272,25,39,64,184,63.375,2.5265610218048096,0.20021803677082062,7.994759553838029,1869,6.359360851665141,-4.84507067874074,,,13.659937858581543,10.552240307079265,False,34.20470602216163,26000273.0,True,1,0.25252525252525254,False,False,32,True,1,,,0.6891636848449707,0.909267008304596,False,0.9292827248573303,False,"[2, -2, 2]",0.9996371269226074,False,8.285906709588275,False,False,False,False,>=3 frames,"D1 sustained miss (>=3 frames), field below threshold"
6bba_3a1849c2,6bba,27000277,26,19,77,214,30.875,4.001481533050537,0.3170985281467438,10.653113377229712,1946,4.1292283118179505,9.82030030991882,,,14.650956153869629,17.026378940117365,False,34.21435474055444,27000278.0,True,0,0.26262626262626265,False,False,18,True,1,,,0.8785450458526611,0.9640422463417053,False,0.9999450445175171,False,"[2, -2, 2]",0.9999921321868896,False,10.779030568655049,False,False,False,False,>=3 frames,D3 field above threshold but no peak kept (ridge into a neighbour)
6bba_3a1849c2,6bba,27000282,26,39,64,185,63.375,2.5726983547210693,0.20387421548366547,7.953057241130621,1948,6.3232493228165145,-4.823653955478221,,,13.54887580871582,10.335425421416867,False,34.87366988950976,27000281.0,True,1,0.26262626262626265,False,False,32,True,1,,,0.786041796207428,0.9111775159835815,False,0.9373775720596313,False,"[-2, -2, -1]",0.9997467398643494,False,8.285906709588275,False,False,False,False,>=3 frames,"D1 sustained miss (>=3 frames), field below threshold"
6bba_3a1849c2,6bba,28000286,27,19,77,214,30.875,4.001481533050537,0.3170985281467438,10.651980854604266,2020,4.130637251330405,9.818479109555483,,,14.651632308959961,17.016813336182697,False,34.21435474055444,28000287.0,True,0,0.2727272727272727,False,False,18,True,1,,,0.8796457648277283,0.9636503458023071,False,0.9999439716339111,False,"[2, -2, 2]",0.9999920129776001,False,10.779030568655049,False,False,False,False,>=3 frames,D3 field above threshold but no peak kept (ridge into a neighbour)
6bba_3a1849c2,6bba,28000291,27,39,64,185,63.375,2.5726983547210693,0.20387421548366547,7.953768849387485,2022,6.321776673694782,-4.826756529742852,,,13.535432815551758,10.327417890621739,False,34.87366988950976,28000290.0,True,1,0.2727272727272727,False,False,32,True,1,,,0.7871714234352112,0.9127020239830017,False,0.9368327260017395,False,"[-2, -2, -1]",0.999744713306427,False,8.285906709588275,False,False,False,False,>=3 frames,"D1 sustained miss (>=3 frames), field below threshold"
6bba_3a1849c2,6bba,29000295,28,19,73,210,30.875,3.7464582920074463,0.30160167813301086,8.93317439172738,2094,4.661833006185944,7.620296433568001,,,14.579893112182617,19.10282648080537,False,32.26556068395527,29000299.0,False,1,0.2828282828282828,False,False,18,True,1,,,0.8250482678413391,0.988034188747406,False,0.9999932050704956,False,"[2, -2, 2]",0.9999985694885254,False,7.960841664045329,False,False,False,False,>=3 frames,D3 field above threshold but no peak kept (ridge into a neighbour)
6bba_3a1849c2,6bba,29000299,28,37,63,178,60.125,2.957291603088379,0.2380712777376175,7.421676815064541,2097,7.313777175996177,-1.2609322611242533,,,11.407392501831055,12.6895037357935,False,32.26556068395527,29000295.0,False,1,0.2828282828282828,False,False,32,True,1,,,0.9212818145751953,0.952948808670044,False,0.9907265901565552,False,"[-1, -2, 0]",0.9999121427536011,False,6.894291116568838,False,False,False,False,>=3 frames,D3 field above threshold but no peak kept (ridge into a neighbour)
6bba_3a1849c2,6bba,30000304,29,19,73,209,30.875,3.198333263397217,0.257475882768631,10.586263474429861,2169,5.519208342546369,9.033676639199257,,,14.560588836669922,19.843470385021355,False,32.011365779399355,30000308.0,False,0,0.29292929292929293,False,False,18,True,1,,,0.8012433648109436,0.9834694862365723,False,0.9999929666519165,False,"[2, -2, 2]",0.9999984502792358,False,9.613629647536875,False,False,False,False,>=3 frames,D3 field above threshold but no peak kept (ridge into a neighbour)
6bba_3a1849c2,6bba,30000308,29,37,65,178,60.125,2.454791784286499,0.19761845469474792,8.426483606464226,2173,8.379853552143867,-0.8852572590112686,,,10.68625259399414,11.812756598694673,False,32.011365779399355,30000304.0,False,1,0.29292929292929293,False,False,32,True,1,,,0.8508052825927734,0.9521138072013855,False,0.9521138072013855,False,"[1, -1, 0]",0.9841115474700928,False,8.443747686898277,False,False,False,False,>=3 frames,"D1 sustained miss (>=3 frames), field below threshold"
6bba_3a1849c2,6bba,31000313,30,19,74,206,30.875,2.489166736602783,0.20038574934005737,9.962534216484507,2244,6.7660499380823795,7.3125,,,14.323559761047363,20.360466503839593,False,31.853730648858072,31000317.0,False,1,0.30303030303030304,False,False,18,True,1,,,0.6065998077392578,0.9061146378517151,False,0.9996351003646851,False,"[2, -2, 2]",0.9999988079071045,False,8.75089281159357,False,False,False,False,>=3 frames,D3 field above threshold but no peak kept (ridge into a neighbour)
6bba_3a1849c2,6bba,31000317,30,37,66,176,60.125,2.362708330154419,0.19020545482635498,8.714992968886248,2247,8.61776848671797,-1.298140499740839,,,11.4769868850708,10.511688470939271,False,31.853730648858072,31000313.0,False,1,0.30303030303030304,False,False,32,True,1,,,0.8525910973548889,0.9478435516357422,False,0.9478435516357422,False,"[1, 0, -1]",0.9810523986816406,False,8.443747686898277,False,False,False,False,>=3 frames,"D1 sustained miss (>=3 frames), field below threshold"
6bba_3a1849c2,6bba,32000322,31,18,75,202,29.25,1.9681249856948853,0.1584402471780777,7.263035058187862,2387,5.629434006241445,-4.589242968708277,,,4.520814418792725,11.697299683350515,False,31.312889842882594,32000326.0,False,1,0.31313131313131315,False,False,18,True,1,,,0.567245602607727,0.8810131549835205,False,0.9827905893325806,False,"[-2, 2, -2]",0.999686598777771,True,8.443747686898277,False,False,False,True,>=3 frames,"D1 sustained miss (>=3 frames), field below threshold"
6bba_3a1849c2,6bba,32000326,31,36,66,176,58.5,2.467083215713501,0.19860795140266418,8.845748060267251,2324,8.822735333216292,-0.6376519314944744,,,11.087774276733398,12.393948774410676,False,31.312889842882594,32000322.0,False,1,0.31313131313131315,False,False,32,True,1,,,0.7213857173919678,0.900140643119812,False,0.9716317653656006,False,"[0, -2, 0]",0.9953078627586365,False,8.285906709588275,False,False,False,False,>=3 frames,"D1 sustained miss (>=3 frames), field below threshold"
6bba_3a1849c2,6bba,33000332,32,18,75,202,29.25,1.9681249856948853,0.1584402471780777,7.439905139354559,2462,5.702688858530729,-4.7782348482869565,,,4.616502285003662,11.692271539858345,False,31.312889842882594,33000336.0,False,1,0.32323232323232326,False,False,18,True,1,,,0.5695313811302185,0.8854960799217224,False,0.9836673736572266,False,"[-2, 2, -2]",0.9996848106384277,True,7.621925609713073,False,False,False,True,>=3 frames,"D1 sustained miss (>=3 frames), field below threshold"
6bba_3a1849c2,6bba,33000336,32,36,66,176,58.5,2.467083215713501,0.19860795140266418,8.848639816006811,2399,8.824787084185735,-0.6492761448025703,,,11.073543548583984,12.403935775709297,False,31.312889842882594,33000332.0,False,1,0.32323232323232326,False,False,32,True,1,,,0.7217827439308167,0.9006603360176086,False,0.9714529514312744,False,"[0, -2, 0]",0.9952425956726074,False,8.285906709588275,False,False,False,False,>=3 frames,"D1 sustained miss (>=3 frames), field below threshold"
6bba_3a1849c2,6bba,34000342,33,18,74,201,29.25,1.7081025838851929,0.1396561861038208,8.49177202267772,2537,7.169886741380256,-4.550045736134052,,,4.620697021484375,12.339326506554501,False,30.27039601657038,34000345.0,False,1,0.3333333333333333,False,False,18,True,1,,,0.7529044151306152,0.9280386567115784,False,0.982470691204071,False,"[-2, 2, -2]",0.9955599308013916,False,9.475296829123613,False,False,False,True,>=3 frames,"D1 sustained miss (>=3 frames), field below threshold"
6bba_3a1849c2,6bba,34000345,33,35,62,173,56.875,2.2008204460144043,0.1799412965774536,7.931976334741988,2477,7.570196689346698,2.3681998774409294,,,9.53830337524414,11.213440470706958,False,30.27039601657038,34000342.0,False,1,0.3333333333333333,False,False,32,True,1,,,0.5816349387168884,0.9269607067108154,False,0.9905603528022766,False,"[0, -2, 2]",0.9983357787132263,False,8.285906709588275,False,False,False,False,>=3 frames,D3 field above threshold but no peak kept (ridge into a neighbour)
6bba_3a1849c2,6bba,35000352,34,18,74,201,29.25,1.7081025838851929,0.1396561861038208,8.527119643017043,2617,7.275719384844884,-4.446985140442848,,,4.601655006408691,12.339117054028005,False,30.27039601657038,35000355.0,False,1,0.3434343434343434,False,False,18,True,1,,,0.7509381175041199,0.9272817373275757,False,0.9818390607833862,False,"[-2, 2, -2]",0.9957114458084106,False,9.475296829123613,False,False,False,True,>=3 frames,"D1 sustained miss (>=3 frames), field below threshold"
6bba_3a1849c2,6bba,35000355,34,35,62,173,56.875,2.2008204460144043,0.1799412965774536,7.934602032538335,2559,7.578995944175441,2.348771996796131,,,9.502900123596191,11.199591004893454,False,30.27039601657038,35000352.0,False,1,0.3434343434343434,False,False,32,True,1,,,0.582034170627594,0.9256001710891724,False,0.9900904893875122,False,"[0, -2, 2]",0.9982494115829468,False,8.285906709588275,False,False,False,False,>=3 frames,D3 field above threshold but no peak kept (ridge into a neighbour)
6bba_3a1849c2,6bba,36000362,35,20,75,199,32.5,1.653538465499878,0.13519497215747833,10.862147438872531,2702,7.797289715951223,-7.562309175729752,,,4.472635269165039,12.626194029686808,False,27.100255130256617,36000366.0,False,0,0.35353535353535354,False,False,18,True,1,,,0.9517146348953247,0.9768984913825989,False,0.9770218729972839,False,"[-2, 1, 1]",0.9875012636184692,False,11.490485194281398,False,False,False,True,>=3 frames,"D1 sustained miss (>=3 frames), field below threshold"
6bba_3a1849c2,6bba,36000366,35,35,64,172,56.875,1.7536410093307495,0.14337944984436035,9.104710771073334,2635,8.828056688885187,2.227369148284197,,,11.070406913757324,12.50219959653227,False,27.100255130256617,36000362.0,False,1,0.35353535353535354,False,False,32,True,1,,,0.6823508143424988,0.8170808553695679,False,0.937561571598053,False,"[-2, 0, -2]",0.9678616523742676,False,10.017172754824587,False,False,False,True,>=3 frames,"D1 sustained miss (>=3 frames), field below threshold"
6bba_3a1849c2,6bba,37000373,36,19,76,198,30.875,1.6834871768951416,0.13764360547065735,6.158728207828051,2786,5.005970247099097,-3.587505403906107,,,4.71297025680542,13.94596154693344,False,28.417180240349325,37000377.0,False,1,0.36363636363636365,False,False,18,True,1,,,0.9850871562957764,0.9863247275352478,False,0.9911008477210999,True,"[-2, 1, -2]",0.9911008477210999,True,4.875,True,False,False,True,>=3 frames,"D5 local-metric truncation artefact (detection 5.6-7 um away, mostly in z)"
6bba_3a1849c2,6bba,37000377,36,35,65,172,56.875,1.728820562362671,0.14135010540485382,9.812922426418808,2718,9.453398708305077,2.631862346082926,,,11.706703186035156,12.680230014077084,False,28.417180240349325,37000373.0,False,1,0.36363636363636365,False,False,32,True,1,,,0.7490077614784241,0.8644023537635803,False,0.9358105659484863,False,"[-2, 0, -2]",0.9727144837379456,False,10.405076885828379,False,False,False,True,>=3 frames,"D1 sustained miss (>=3 frames), field below threshold"
6bba_3a1849c2,6bba,38000384,37,19,76,198,30.875,1.6834871768951416,0.13764360547065735,6.35290076170017,2871,5.215880412149137,-3.626836033537984,,,4.727785110473633,13.948469258463517,False,28.417180240349325,38000388.0,False,1,0.37373737373737376,False,False,18,True,1,,,0.9852373003959656,0.986382246017456,False,0.9912102222442627,False,"[-2, 1, -2]",0.9912301301956177,True,6.080193253507654,True,False,False,True,>=3 frames,"D5 local-metric truncation artefact (detection 5.6-7 um away, mostly in z)"
6bba_3a1849c2,6bba,38000388,37,35,65,172,56.875,1.728820562362671,0.14135010540485382,9.81428676941909,2803,9.452765340087618,2.6392143182456493,,,11.743090629577637,12.683439150024693,False,28.417180240349325,38000384.0,False,1,0.37373737373737376,False,False,32,True,1,,,0.7507171034812927,0.8670457005500793,False,0.9367691874504089,False,"[-2, 0, -2]",0.972865879535675,False,10.405076885828379,False,False,False,True,>=3 frames,"D1 sustained miss (>=3 frames), field below threshold"
6bba_3a1849c2,6bba,39000395,38,19,73,200,30.875,1.7022886276245117,0.14346331357955933,7.239386730800274,2956,6.053633678488481,-3.9701687023043633,,,4.8174824714660645,15.652333339369022,False,25.40930562805682,39000399.0,False,1,0.3838383838383838,False,False,18,True,1,,,0.848292350769043,0.9762709140777588,False,0.9875096678733826,False,"[-2, 2, -2]",0.9911866784095764,False,7.960841664045329,False,False,False,True,>=3 frames,D3 field above threshold but no peak kept (ridge into a neighbour)
6bba_3a1849c2,6bba,39000399,38,33,63,174,53.625,1.6573134660720825,0.13967294991016388,8.733206664208687,2888,7.596474585138205,4.308418795466423,,,12.037904739379883,11.766890139336619,False,25.40930562805682,39000395.0,False,1,0.3838383838383838,False,False,32,True,1,,,0.33735787868499756,0.7833827137947083,False,0.8850855231285095,False,"[-2, 1, -2]",0.9992092847824097,False,8.125,False,False,False,True,>=3 frames,"D1 sustained miss (>=3 frames), field below threshold"
6bba_3a1849c2,6bba,40000405,39,19,73,197,30.875,1.6720000505447388,0.13670440018177032,6.6200114235165906,3022,5.558497872446235,-3.595504505559802,,,5.759395122528076,15.101351275623864,False,24.996757602237135,40000410.0,False,1,0.3939393939393939,False,False,18,True,1,,,0.9754227995872498,0.9881953001022339,False,0.9945027828216553,False,"[-2, 2, -2]",0.9968570470809937,True,6.080193253507654,True,False,False,True,>=3 frames,"D5 local-metric truncation artefact (detection 5.6-7 um away, mostly in z)"
6bba_3a1849c2,6bba,40000410,39,33,62,174,53.625,2.3433847427368164,0.19159749150276184,9.1672079556649,2981,6.651734907438054,6.308099905960262,,,9.41874885559082,12.996833814716519,False,24.996757602237135,40000405.0,False,1,0.3939393939393939,False,False,32,True,1,,,0.782965362071991,0.8771052956581116,False,0.957158625125885,False,"[2, -2, 1]",0.9988621473312378,False,9.192388155425117,False,False,False,False,>=3 frames,"D1 sustained miss (>=3 frames), field below threshold"
6bba_3a1849c2,6bba,41000415,40,19,74,199,30.875,1.650051236152649,0.13490985333919525,6.93850065758487,3128,5.847079186972585,-3.7355664037168026,,,5.2199907302856445,15.259728721668164,False,25.311689801848473,41000419.0,False,1,0.40404040404040403,False,False,18,True,1,,,0.9744569659233093,0.98748779296875,False,0.9932287931442261,False,"[-2, 2, -2]",0.9946211576461792,True,6.700046641628698,True,False,False,True,>=3 frames,"D5 local-metric truncation artefact (detection 5.6-7 um away, mostly in z)"
6bba_3a1849c2,6bba,41000419,40,33,63,174,53.625,2.2363076210021973,0.18284276127815247,8.637517978804468,3069,7.190274158176062,4.78609176306054,,,9.455314636230469,11.776914989461828,False,25.311689801848473,41000415.0,False,1,0.40404040404040403,False,False,32,True,1,,,0.8085445761680603,0.913623034954071,False,0.9855448603630066,False,"[2, -2, 1]",0.9997044205665588,False,8.125,False,False,False,False,>=3 frames,D3 field above threshold but no peak kept (ridge into a neighbour)
6bba_3a1849c2,6bba,42000424,41,19,74,199,30.875,1.650051236152649,0.13490985333919525,6.942537974588482,3220,5.817677699647387,-3.7885960079729557,,,5.1537556648254395,15.261741624044118,False,25.311689801848473,42000428.0,False,1,0.41414141414141414,False,False,18,True,1,,,0.9744752049446106,0.9877333641052246,False,0.9932870268821716,False,"[-2, 2, -2]",0.9942548871040344,True,6.700046641628698,True,False,False,True,>=3 frames,"D5 local-metric truncation artefact (detection 5.6-7 um away, mostly in z)"
6bba_3a1849c2,6bba,42000428,41,33,63,174,53.625,2.2363076210021973,0.18284276127815247,8.620856944492505,3159,7.184113158231655,4.765258921310306,,,9.479652404785156,11.77939013651615,False,25.311689801848473,42000424.0,False,1,0.41414141414141414,False,False,32,True,1,,,0.8088341355323792,0.9141450524330139,False,0.9858952164649963,False,"[2, -2, 1]",0.9997127652168274,False,8.125,False,False,False,False,>=3 frames,D3 field above threshold but no peak kept (ridge into a neighbour)
6bba_3a1849c2,6bba,43000433,42,18,67,192,29.25,1.5480808019638062,0.1285199075937271,7.064372633438559,3307,5.521216793996661,-4.406986024230719,,,5.22841215133667,16.916712276446646,False,26.218079550426648,43000438.0,False,1,0.42424242424242425,False,True,18,True,1,,,0.9655352830886841,0.9862288236618042,False,0.9937446713447571,False,"[-1, 2, -2]",0.994666337966919,True,7.621925609713073,False,False,False,True,>=3 frames,D3 field above threshold but no peak kept (ridge into a neighbour)
6bba_3a1849c2,6bba,43000438,42,33,58,170,53.625,2.6923232078552246,0.2235136181116104,8.159682622914607,3254,5.387877062445871,6.127903496846557,,,9.370992660522461,12.01906817662501,False,26.218079550426648,43000433.0,False,1,0.42424242424242425,False,False,32,True,1,,,0.8538878560066223,0.9252939820289612,False,0.9991685152053833,False,"[2, -2, 2]",0.9998971223831177,False,8.285906709588275,False,False,False,False,>=3 frames,D3 field above threshold but no peak kept (ridge into a neighbour)
6bba_3a1849c2,6bba,44000449,43,33,57,170,53.625,2.8567163944244385,0.24075470864772797,7.7913133031473825,3346,4.938366770341939,6.026366785168648,,,9.292741775512695,12.953970255796905,False,28.063613563652133,44000444.0,True,1,0.43434343434343436,False,True,32,True,1,,,0.8206209540367126,0.9329317808151245,False,0.9995220899581909,False,"[2, -2, 2]",0.9998855590820312,False,8.285906709588275,False,False,False,False,>=3 frames,D3 field above threshold but no peak kept (ridge into a neighbour)
6bba_3a1849c2,6bba,47000487,46,34,60,168,55.25,1.8559203147888184,0.15641090273857117,7.657367555104754,3684,5.397315538098739,-5.4317826591432095,,,4.20248556137085,8.494164671852412,False,29.800590519526622,47000481.0,True,2,0.46464646464646464,True,True,1,True,1,,,0.8101087212562561,0.9702280163764954,False,0.9828113913536072,False,"[-2, 0, -2]",0.9938703775405884,False,8.125,False,False,False,True,1 frame,"D2 transient miss (1-2 frames), field below threshold"
6bba_3a1849c2,6bba,53000565,52,31,61,172,50.375,1.6174509525299072,0.13834799826145172,8.298695638510667,4200,5.192792767825976,-6.47327216877602,,,5.080503940582275,8.581535555800949,False,29.173728683740446,53000559.0,True,2,0.5252525252525253,True,False,3,True,1,,,0.8927041888237,0.985124409198761,False,0.9890000224113464,False,"[-2, 1, -1]",0.9961904287338257,False,8.285906709588275,False,False,False,True,>=3 frames,D3 field above threshold but no peak kept (ridge into a neighbour)
6bba_3a1849c2,6bba,54000576,53,31,59,172,50.375,1.6074509620666504,0.13749265670776367,8.002753656490885,4295,4.901133254549572,-6.3263701209798455,,,5.1122589111328125,8.723381824014561,False,27.433157401217965,54000570.0,True,2,0.5353535353535354,False,False,3,True,1,,,0.835440993309021,0.9839308857917786,False,0.9908775687217712,False,"[-2, 1, -2]",0.9942637085914612,False,8.125,False,False,False,True,>=3 frames,D3 field above threshold but no peak kept (ridge into a neighbour)
6bba_3a1849c2,6bba,55000587,54,31,59,170,50.375,1.538039207458496,0.13155555725097656,7.297717696897084,4382,4.1752941587704635,-5.985282137989998,,,5.4472551345825195,10.157159901447741,False,28.063613563652133,55000582.0,True,1,0.5454545454545454,False,True,3,True,1,,,0.9681793451309204,0.9885948896408081,False,0.9935346841812134,False,"[-2, 1, -1]",0.9947410821914673,False,7.44668550430324,False,False,False,True,>=3 frames,D3 field above threshold but no peak kept (ridge into a neighbour)
6bba_3a1849c2,6bba,58000615,57,16,70,199,26.0,1.362786054611206,0.11485114693641663,7.123812143169481,4622,5.365026863209122,-4.686703127808869,,,6.175285339355469,18.005105874334564,False,25.12517490610762,58000619.0,False,1,0.5757575757575758,True,True,1,True,1,,,0.9890367388725281,0.9965404272079468,False,0.9965404272079468,False,"[-1, 1, -1]",0.9979243278503418,True,6.700046641628698,False,False,False,True,1 frame,D3 field above threshold but no peak kept (ridge into a neighbour)
6bba_3a1849c2,6bba,58000619,57,30,62,174,48.75,1.5156219005584717,0.12773166596889496,7.350230743901921,4623,5.345432029641755,-5.045022141188383,,,6.1542067527771,16.72148613163052,False,25.12517490610762,58000615.0,False,1,0.5757575757575758,True,True,1,True,1,,,0.9861298203468323,0.9949190020561218,False,0.9964007139205933,False,"[-2, 1, -2]",0.9978797435760498,True,7.621925609713073,False,False,False,True,1 frame,D3 field above threshold but no peak kept (ridge into a neighbour)
6bba_3a1849c2,6bba,60000637,59,14,67,199,22.75,1.2062745094299316,0.10317819565534592,8.00488251424217,4811,6.218570708658533,-5.040587506256998,,,5.780616760253906,17.594921606630702,False,25.347525920935556,60000641.0,False,1,0.5959595959595959,True,False,4,True,1,,,0.9477314352989197,0.9907841682434082,False,0.9936904907226562,False,"[-2, 2, -1]",0.9969223141670227,True,8.443747686898277,False,False,False,True,>=3 frames,D3 field above threshold but no peak kept (ridge into a neighbour)
6bba_3a1849c2,6bba,60000641,59,28,58,173,45.5,1.472941279411316,0.12598742544651031,6.790731173953701,4814,4.868204494838688,-4.7344075525179505,,,5.719952583312988,15.631800554901623,False,25.347525920935556,60000637.0,False,1,0.5959595959595959,True,True,1,True,1,,,0.9899041056632996,0.994989812374115,False,0.996542751789093,False,"[-1, 1, -2]",0.9967306852340698,True,7.621925609713073,True,False,False,True,1 frame,"D5 local-metric truncation artefact (detection 5.6-7 um away, mostly in z)"
6bba_3a1849c2,6bba,60000644,59,60,114,138,97.5,5.150000095367432,0.44050315022468567,7.514661094421195,4827,5.718785392372015,4.875,,,5.120247840881348,9.166182275939178,False,28.960809996010127,60000647.0,True,3,0.5959595959595959,,True,1,False,1,,,0.9786620736122131,0.9948935508728027,False,0.9988269209861755,False,"[1, -2, -2]",0.998875081539154,True,7.083210783253595,False,False,False,False,1 frame,D3 field above threshold but no peak kept (ridge into a neighbour)
6bba_3a1849c2,6bba,61000650,60,14,66,197,22.75,1.2185074090957642,0.10269182175397873,7.5097912270600915,4897,5.465712078287511,-5.150044247508049,,,5.962976932525635,16.476636787212442,False,25.12517490610762,61000655.0,True,1,0.6060606060606061,False,False,4,True,1,,,0.9340412020683289,0.9844175577163696,False,0.9915354251861572,False,"[-2, 2, -2]",0.9974343180656433,True,7.621925609713073,False,False,False,True,>=3 frames,D3 field above threshold but no peak kept (ridge into a neighbour)
6bba_3a1849c2,6bba,61000659,60,60,188,181,97.5,3.792437791824341,0.3196142613887787,8.261664494395248,4893,6.670043119647059,4.875,,,6.091508865356445,8.892035606089811,False,22.490992120457914,61000657.0,True,2,0.6060606060606061,True,False,3,True,1,,,0.9839305281639099,0.993372917175293,False,0.9965115189552307,False,"[2, 1, -2]",0.9973617196083069,False,8.125,False,False,False,False,>=3 frames,D3 field above threshold but no peak kept (ridge into a neighbour)
6bba_3a1849c2,6bba,62000664,61,13,66,197,21.125,1.2372139692306519,0.10426834225654602,6.460279127538266,4977,5.219164148600833,-3.807299830019474,,,6.023791313171387,17.593624884027356,False,25.019855396514586,62000668.0,True,1,0.6161616161616161,False,False,4,True,1,,,0.9618788361549377,0.9892087578773499,False,0.9971708655357361,False,"[-2, 2, -2]",0.9975851774215698,True,6.700046641628698,True,False,False,True,>=3 frames,"D5 local-metric truncation artefact (detection 5.6-7 um away, mostly in z)"
6bba_3a1849c2,6bba,62000673,61,60,185,184,97.5,3.5480597019195557,0.29901885986328125,7.860375413568022,4976,6.166026000774294,4.875,,,6.06417989730835,10.436029571288644,False,24.39192120995187,62000671.0,True,1,0.6161616161616161,False,False,3,True,1,,,0.96946781873703,0.9900197982788086,False,0.9967840909957886,False,"[2, 2, -2]",0.9976807832717896,True,7.083210783253595,False,False,False,False,>=3 frames,D3 field above threshold but no peak kept (ridge into a neighbour)
6bba_3a1849c2,6bba,63000678,62,13,64,197,21.125,1.2897511720657349,0.10869601368904114,8.476019161260997,5054,5.939589601517266,-6.046831913292408,,,6.117408752441406,16.880101220498418,False,26.60549828630353,63000680.0,True,1,0.6262626262626263,False,True,4,True,1,,,0.982454240322113,0.9937485456466675,False,0.997395396232605,False,"[-2, 1, -2]",0.9974409341812134,False,8.75089281159357,False,False,False,True,>=3 frames,D3 field above threshold but no peak kept (ridge into a neighbour)
6bba_3a1849c2,6bba,63000686,62,60,184,185,97.5,3.60298490524292,0.3036477863788605,7.817026490736095,5060,6.110669206958422,4.875,,,6.0170159339904785,9.252568764931759,False,24.39192120995187,63000684.0,True,2,0.6262626262626263,False,True,3,True,1,,,0.9726656675338745,0.9893753528594971,False,0.9963448643684387,False,"[2, 2, -2]",0.9975691437721252,True,7.083210783253595,False,False,False,False,>=3 frames,D3 field above threshold but no peak kept (ridge into a neighbour)
6bba_3a1849c2,6bba,65000707,64,12,62,194,19.5,1.2552940845489502,0.10737106949090958,6.612895154051612,5229,4.841962835433494,-4.503973603248596,,,6.3317155838012695,16.839584845585655,False,26.041227079623187,65000712.0,True,1,0.6464646464646465,True,True,1,True,1,,,0.9934890270233154,0.9973357319831848,False,0.9977832436561584,False,"[-1, 1, -2]",0.9982240796089172,True,6.700046641628698,True,False,False,True,1 frame,"D5 local-metric truncation artefact (detection 5.6-7 um away, mostly in z)"
6bba_3a1849c2,6bba,65000716,64,60,187,186,97.5,3.521960735321045,0.3012494742870331,7.409787654925711,5245,6.388805780912602,3.7534136176109314,,,5.766511917114258,8.26363316598126,False,21.454462130580204,65000715.0,True,2,0.6464646464646465,True,False,4,True,1,,,0.9846155047416687,0.9910978674888611,False,0.9947409629821777,False,"[0, -1, -2]",0.9956573247909546,False,7.44668550430324,False,False,False,False,>=3 frames,D3 field above threshold but no peak kept (ridge into a neighbour)
6bba_3a1849c2,6bba,66000728,65,57,187,190,92.625,3.0492751598358154,0.2646540701389313,8.070082726629655,5348,6.093847026763833,5.290677048265934,,,5.855373859405518,10.774949563952767,False,21.218542892950968,66000729.0,True,1,0.6565656565656566,False,False,4,True,1,,,0.9435447454452515,0.9863631129264832,False,0.9912897348403931,False,"[2, -1, -2]",0.9944818019866943,False,8.285906709588275,False,False,False,False,>=3 frames,D3 field above threshold but no peak kept (ridge into a neighbour)
6bba_3a1849c2,6bba,67000750,66,59,184,190,95.875,3.5516419410705566,0.2993207573890686,8.783706011381184,5417,8.59198514801659,1.8251801310107112,,,6.290761947631836,9.965149930639654,False,21.634481303003316,67000749.0,True,2,0.6666666666666666,False,False,4,True,1,,,0.9763280749320984,0.9915838241577148,False,0.9925097227096558,False,"[1, 0, -2]",0.9952888488769531,False,9.334914300624297,False,False,False,False,>=3 frames,D3 field above threshold but no peak kept (ridge into a neighbour)
6bba_3a1849c2,6bba,68000764,67,59,185,192,95.875,3.48895525932312,0.29403772950172424,9.537577958114028,5514,6.9796413451625545,6.5,,,5.887852668762207,9.69816952781664,False,21.128905888911994,68000763.0,True,2,0.6767676767676768,False,True,4,True,1,,,0.963454008102417,0.9881519675254822,False,0.9942508935928345,False,"[1, 0, -2]",0.9952791929244995,False,9.334914300624297,False,False,False,False,>=3 frames,D3 field above threshold but no peak kept (ridge into a neighbour)
6bba_3a1849c2,6bba,70000787,69,10,54,197,16.25,1.1770048141479492,0.10215513408184052,6.860906240304287,5680,4.652083955140149,-5.0428314777091146,,,6.737902641296387,16.634997205236626,False,24.037507312791398,70000791.0,True,1,0.696969696969697,True,True,1,True,1,,,0.9748929738998413,0.9963067770004272,False,0.9971678853034973,False,"[-2, 1, -2]",0.9988163709640503,True,7.621925609713073,True,False,False,True,1 frame,"D5 local-metric truncation artefact (detection 5.6-7 um away, mostly in z)"
6bba_3a1849c2,6bba,70000801,69,60,127,153,97.5,3.859323740005493,0.3349601626396179,6.43058608119564,5686,5.525626924248795,-3.289359275251627,,,6.508716583251953,7.329337705133682,False,24.45948898817185,70000802.0,True,4,0.696969696969697,True,True,1,True,1,,,0.973430335521698,0.9907265901565552,False,0.9967501163482666,False,"[0, 2, 1]",0.9985116124153137,True,6.700046641628698,True,False,False,False,1 frame,"D5 local-metric truncation artefact (detection 5.6-7 um away, mostly in z)"
6bba_3a1849c2,6bba,72000832,71,58,20,49,94.25,5.419411659240723,0.4635471701622009,7.993211292946368,5868,5.137898960685466,6.123187163844705,,,6.883796215057373,8.44418525087013,False,12.808154750977987,72000831.0,True,2,0.7171717171717171,True,False,3,True,1,,,0.9848474860191345,0.9929938912391663,False,0.9970651268959045,False,"[-2, -2, -2]",0.9988129138946533,False,9.192388155425117,False,False,False,False,>=3 frames,D3 field above threshold but no peak kept (ridge into a neighbour)
6bba_3a1849c2,6bba,72000833,71,58,181,200,94.25,3.120000123977661,0.2668679356575012,8.515248673111188,5909,8.282222628784513,1.978445928543806,,,5.694557189941406,9.750708100413874,False,24.67446253847285,72000834.0,True,2,0.7171717171717171,True,True,1,True,1,,,0.951896071434021,0.9637879729270935,False,0.9822074770927429,False,"[2, -1, 2]",0.9926280379295349,False,8.900491559458949,False,False,False,False,1 frame,"D2 transient miss (1-2 frames), field below threshold"
6bba_3a1849c2,6bba,73000848,72,58,21,50,94.25,5.159803867340088,0.44134172797203064,6.564038938079118,5996,2.283147797211813,-6.154172837734222,,,5.607703685760498,8.485085929718032,False,12.140011647955697,73000849.0,True,2,0.7272727272727273,False,False,3,True,1,,,0.9820187091827393,0.9874253869056702,False,0.9940778017044067,False,"[-2, -1, -2]",0.9981135129928589,False,6.894291116568838,True,False,False,False,>=3 frames,"D5 local-metric truncation artefact (detection 5.6-7 um away, mostly in z)"
6bba_3a1849c2,6bba,74000863,73,58,22,53,94.25,4.517254829406738,0.3863815665245056,8.744468353764196,6043,8.145432492373253,3.180826355237514,,,7.469995498657227,9.32027837541129,False,12.078680857196286,74000862.0,True,3,0.7373737373737373,False,True,3,True,1,,,0.9806526899337769,0.9878768920898438,False,0.9905943870544434,False,"[-2, 0, 1]",0.998753547668457,False,8.75089281159357,False,False,False,False,>=3 frames,D3 field above threshold but no peak kept (ridge into a neighbour)
6bba_3a1849c2,6bba,78000929,77,56,182,208,91.0,3.069758653640747,0.26643186807632446,7.336689383059489,6460,2.6145615086643015,6.855003954842687,,,4.697023868560791,8.074635688716688,False,22.534977153582826,78000928.0,True,3,0.7777777777777778,True,True,1,True,1,,,0.9652361869812012,0.9815426468849182,False,0.9866774082183838,False,"[2, 0, 1]",0.9879215955734253,False,6.700046641628698,False,False,False,False,1 frame,D3 field above threshold but no peak kept (ridge into a neighbour)
6bba_3a1849c2,6bba,80000954,79,22,58,189,35.75,1.2448309659957886,0.1080419272184372,6.021106482351523,6588,3.4524491246718543,-4.932982699479908,,,7.378901958465576,17.73197976662954,False,30.98438681921106,80000952.0,True,1,0.797979797979798,True,True,1,True,1,,,0.9928610920906067,0.9983780384063721,False,0.9983780384063721,False,"[-1, 1, -1]",0.999376118183136,True,6.080193253507654,True,False,False,True,1 frame,"D5 local-metric truncation artefact (detection 5.6-7 um away, mostly in z)"
6bba_3a1849c2,6bba,80000961,79,58,130,166,94.25,3.35420298576355,0.2911194860935211,7.13530208273061,6613,6.415756887550089,-3.122594974003732,,,6.247655868530273,8.09846388657133,False,22.402762978313636,80000962.0,True,3,0.797979797979798,True,True,1,True,1,,,0.9340117573738098,0.9778195023536682,False,0.9968274235725403,False,"[2, 2, 2]",0.9985774755477905,False,7.267220926874317,False,False,False,False,1 frame,D3 field above threshold but no peak kept (ridge into a neighbour)
6bba_3a1849c2,6bba,83000999,82,19,53,194,30.875,1.1894117593765259,0.10173584520816803,7.3734553188906915,6839,3.7654805921272585,-6.339479414746165,,,7.0586042404174805,16.695412371106563,False,31.473233915900668,83000998.0,True,1,0.8282828282828283,True,True,1,True,1,,,0.9879806637763977,0.9936157464981079,False,0.998099148273468,False,"[-2, 1, -1]",0.998099148273468,False,7.44668550430324,False,False,False,True,1 frame,D3 field above threshold but no peak kept (ridge into a neighbour)
6bba_3a1849c2,6bba,84001015,83,29,6,31,47.125,5.246183395385742,0.45532914996147156,7.497314082390033,6886,3.9517795690059514,-6.371275907382369,,,13.941508293151855,17.232298698228448,True,17.675376808218264,84001016.0,True,1,0.8383838383838383,True,True,1,True,1,,,0.9998704195022583,0.9999507665634155,False,0.9999977350234985,False,"[-2, 0, -2]",0.9999977350234985,False,7.267220926874317,False,False,False,False,1 frame,D3 field above threshold but no peak kept (ridge into a neighbour)
6bba_3a1849c2,6bba,85001035,84,30,14,10,48.75,4.116521835327148,0.3572830259799957,10.28533696255205,6994,5.776008301820149,-8.510339859873056,85001034.0,2.601953783162592,15.538606643676758,15.758022416114212,True,9.75,85001034.0,True,0,0.8484848484848485,,False,5,False,1,,,0.995827853679657,0.9983227849006653,False,0.9995706677436829,False,"[-2, -1, 2]",0.999992847442627,False,10.017172754824587,False,False,False,False,>=3 frames,D3 field above threshold but no peak kept (ridge into a neighbour)
6bba_3a1849c2,6bba,86001053,85,30,14,11,48.75,4.063381671905518,0.3526708483695984,10.606116265283623,7109,6.120481383187422,-8.66195185109973,86001052.0,1.2217175438467949,14.366113662719727,13.905202563699879,True,11.74617623952578,86001052.0,True,0,0.8585858585858586,False,False,5,True,1,,,0.9928570985794067,0.9977949857711792,False,0.9994827508926392,False,"[-2, -1, 2]",0.9999614953994751,False,10.017172754824587,False,False,False,False,>=3 frames,D3 field above threshold but no peak kept (ridge into a neighbour)
6bba_3a1849c2,6bba,86001060,85,55,12,76,89.375,4.597874164581299,0.39906078577041626,8.496674566255239,7135,6.490892428295836,5.482863683253527,,,7.5493364334106445,9.452688069699144,False,14.737415182113857,86001059.0,True,2,0.8585858585858586,True,True,1,True,1,,,0.9633903503417969,0.9862344264984131,False,0.9982329607009888,False,"[-2, 1, 2]",0.9994112253189087,False,8.125,False,False,False,False,1 frame,D3 field above threshold but no peak kept (ridge into a neighbour)
6bba_3a1849c2,6bba,87001071,86,29,13,13,47.125,4.478235244750977,0.3830440044403076,11.04823735174722,7228,5.702893766617919,-9.462586922571063,87001070.0,1.4362281823239667,14.944600105285645,15.058054500891245,True,10.221043320644913,87001070.0,True,0,0.8686868686868687,False,False,5,True,1,,,0.9967407584190369,0.9994520545005798,False,0.9999409914016724,False,"[-2, -1, 2]",0.9999794960021973,False,11.375,False,False,False,False,>=3 frames,D3 field above threshold but no peak kept (ridge into a neighbour)
6bba_3a1849c2,6bba,88001090,87,28,12,12,45.5,4.20764684677124,0.3598993718624115,10.277614859196488,7341,5.938021624090944,-8.388639125972986,88001089.0,1.0043178337825878,13.419677734375,16.474359411073284,True,10.663578858080433,88001089.0,True,0,0.8787878787878788,False,False,5,True,1,,,0.9963251948356628,0.9991268515586853,False,0.9995501637458801,False,"[-2, -1, 1]",0.9999743700027466,False,10.017172754824587,False,False,False,False,>=3 frames,D3 field above threshold but no peak kept (ridge into a neighbour)
6bba_3a1849c2,6bba,89001105,88,28,12,12,45.5,4.20764684677124,0.3598993718624115,10.330873882058457,7461,5.992044243706169,-8.41560223326087,89001104.0,0.9595283408923418,13.365978240966797,16.46401162163352,True,10.663578858080433,89001104.0,True,0,0.8888888888888888,False,,5,True,0,,,0.9959031939506531,0.9988855719566345,False,0.9994712471961975,False,"[-2, -1, 1]",0.9999687671661377,False,10.017172754824587,False,False,False,False,>=3 frames,D3 field above threshold but no peak kept (ridge into a neighbour)
6bba_3a1849c2,6bba,93001175,92,49,109,196,79.625,2.8433332443237305,0.24320335686206818,8.389547032787187,7852,8.290729186139838,1.2838648594915867,,,7.56826114654541,9.186303490921922,False,23.63593083765689,93001173.0,True,2,0.9292929292929293,True,True,1,True,1,,,0.9073419570922852,0.9858214259147644,False,0.997951090335846,False,"[1, 2, -1]",0.9983458518981934,False,8.900491559458949,False,False,False,False,1 frame,D3 field above threshold but no peak kept (ridge into a neighbour)
6bba_3a1849c2,6bba,96001223,95,48,9,94,78.0,6.203136920928955,0.5305827856063843,7.849349383256665,8089,7.256233482062052,-2.9932192359119654,96001222.0,5.419162662122153,8.406570434570312,14.560166842149348,False,12.795262795269194,96001222.0,True,1,0.9595959595959596,True,False,4,True,1,,,0.9847239255905151,0.9956348538398743,False,0.9984835982322693,False,"[2, 0, -2]",0.9989719390869141,False,8.75089281159357,False,False,False,False,>=3 frames,D3 field above threshold but no peak kept (ridge into a neighbour)
6bba_3a1849c2,6bba,96001227,95,48,106,202,78.0,2.339411735534668,0.2001006305217743,7.9616895981581495,8098,7.938919248493666,0.6017162315547466,,,7.400222301483154,10.129872971201003,False,25.898238357077496,96001225.0,True,1,0.9595959595959596,True,False,2,True,1,,,0.8144025206565857,0.9513028860092163,False,0.9873411059379578,False,"[-2, 2, -2]",0.9942721128463745,False,8.285906709588275,False,False,False,False,2 frames,D3 field above threshold but no peak kept (ridge into a neighbour)
6bba_3a1849c2,6bba,97001242,96,48,9,94,78.0,6.203136920928955,0.5305827856063843,7.824008108595926,8181,7.243395463830523,-2.957756757736206,,,8.3854341506958,14.462224188012422,False,12.795262795269194,97001241.0,True,1,0.9696969696969697,False,False,4,True,1,,,0.985246479511261,0.995680570602417,False,0.9984928369522095,False,"[2, 0, -2]",0.99903404712677,False,8.75089281159357,False,False,False,False,>=3 frames,D3 field above threshold but no peak kept (ridge into a neighbour)
6bba_3a1849c2,6bba,97001246,96,48,106,202,78.0,2.339411735534668,0.2001006305217743,7.957276126675065,8190,7.936956749316304,0.5682965032756329,,,7.366984844207764,10.134931119405133,False,25.898238357077496,97001244.0,True,1,0.9696969696969697,False,True,2,True,1,,,0.8203505873680115,0.9520877599716187,False,0.9876320362091064,False,"[-2, 2, -2]",0.9938427209854126,False,8.285906709588275,False,False,False,False,2 frames,D3 field above threshold but no peak kept (ridge into a neighbour)
6bba_3a1849c2,6bba,98001261,97,48,9,98,78.0,5.634117603302002,0.48191195726394653,8.229995590592589,8269,7.311244691162458,-3.7786940187215805,98001260.0,5.4950575199684275,9.053304672241211,13.34169807224906,False,12.929987251057133,98001260.0,True,1,0.9797979797979798,False,False,4,True,1,,,0.9801701903343201,0.9925928711891174,False,0.997208297252655,False,"[0, 0, 2]",0.9992666840553284,False,8.75089281159357,False,False,False,False,>=3 frames,D3 field above threshold but no peak kept (ridge into a neighbour)
6bba_3a1849c2,6bba,99001280,98,47,10,102,76.375,5.645797252655029,0.49001258611679077,7.988683628033247,8371,7.4585686484755795,-2.8616114035248756,99001281.0,4.326947084924255,8.794231414794922,11.281385548987569,False,11.15524330191861,99001281.0,True,1,0.98989898989899,False,True,4,True,1,,,0.9853120446205139,0.9957470297813416,False,0.9970410466194153,False,"[0, 0, 2]",0.999002993106842,False,8.75089281159357,False,False,False,False,>=3 frames,D3 field above threshold but no peak kept (ridge into a neighbour)
6bba_3abfe10a,6bba,43000111,42,8,205,137,13.0,0.46973544359207153,0.16753818094730377,10.524640343306812,18243,9.115275838944303,5.26115963794291,,,5.936788558959961,15.747067381076752,False,39.62135235576898,43000120.0,True,0,0.42424242424242425,,False,3,False,1,,,0.3626134395599365,0.6211181282997131,False,0.7741943597793579,False,"[2, 2, 2]",0.9807868599891663,False,10.405076885828379,False,False,False,True,>=3 frames,"D1 sustained miss (>=3 frames), field below threshold"
6bba_3abfe10a,6bba,44000127,43,9,214,138,14.625,0.4606199264526367,0.16570937633514404,16.59692286894173,18867,16.59019456864929,0.472538772970438,,,6.211119174957275,17.015582910800624,False,39.907730493289144,44000138.0,True,0,0.43434343434343436,False,False,3,True,1,,,0.5167432427406311,0.5167432427406311,False,0.5167432427406311,False,"[0, 0, 0]",0.6700536012649536,False,16.331047884321446,False,False,False,True,>=3 frames,"D1 sustained miss (>=3 frames), field below threshold"
6bba_3abfe10a,6bba,45000147,44,10,215,139,16.25,0.5003685355186462,0.18400068581104279,16.182318267325766,19483,16.086032051673907,1.7626676764339209,,,6.5167951583862305,17.089254716656725,False,59.03079506177263,45000156.0,True,0,0.4444444444444444,False,,3,True,0,,,0.8302394151687622,0.8819406032562256,False,0.8819406032562256,False,"[1, 0, 0]",0.8819406032562256,False,15.501512023025366,False,False,False,True,>=3 frames,"D1 sustained miss (>=3 frames), field below threshold"
6bba_3abfe10a,6bba,48000207,47,12,214,135,19.5,0.5852299332618713,0.2194235771894455,9.003723765485761,21497,8.93829658125271,-1.083464752882719,,,5.382108688354492,9.243171462028217,False,12.775900469732065,48000211.0,False,2,0.47474747474747475,True,False,10,True,1,,,0.6965776085853577,0.965461254119873,False,0.9900454878807068,False,"[1, -2, -1]",0.9961749315261841,False,8.75089281159357,False,False,False,True,>=3 frames,D3 field above threshold but no peak kept (ridge into a neighbour)
6bba_3abfe10a,6bba,48000211,47,14,244,140,22.75,0.47890186309814453,0.17955738306045532,17.075348013901003,21351,8.67086033368206,14.709986093454063,,,6.967293739318848,19.86468715691723,False,12.775900469732065,48000207.0,False,0,0.47474747474747475,,False,4,False,1,,,0.07916373759508133,0.4082655608654022,False,0.4082655608654022,False,"[0, 0, -1]",0.4082655608654022,False,17.65201829820035,False,False,False,True,>=3 frames,"D1 sustained miss (>=3 frames), field below threshold"
6bba_3abfe10a,6bba,49000229,48,12,214,135,19.5,0.5852299332618713,0.2194235771894455,8.46093865911058,22137,8.395070160096726,-1.0536982491612434,,,5.158200740814209,9.193245259042431,False,12.775900469732065,49000233.0,False,2,0.48484848484848486,False,False,10,True,1,,,0.7424332499504089,0.9740360379219055,False,0.9923018217086792,False,"[1, -2, -1]",0.9965258240699768,False,8.75089281159357,False,False,False,True,>=3 frames,D3 field above threshold but no peak kept (ridge into a neighbour)
6bba_3abfe10a,6bba,49000233,48,14,244,140,22.75,0.47890186309814453,0.17955738306045532,17.115707940119055,21963,8.763631599646107,14.70191210275516,,,7.066993236541748,19.81453792673742,False,12.775900469732065,49000229.0,False,0,0.48484848484848486,False,False,4,True,1,,,0.09339943528175354,0.4490521252155304,False,0.4490521252155304,False,"[0, 0, -1]",0.4490521252155304,False,17.65201829820035,False,False,False,True,>=3 frames,"D1 sustained miss (>=3 frames), field below threshold"
6bba_3abfe10a,6bba,50000251,49,12,214,135,19.5,0.5852299332618713,0.2194235771894455,8.46093865911058,22763,8.395070160096726,-1.0536982491612434,,,5.158200740814209,9.193245259042431,False,12.775900469732065,50000255.0,False,2,0.494949494949495,False,False,10,True,1,,,0.7424332499504089,0.9740360379219055,False,0.9923018217086792,False,"[1, -2, -1]",0.9965258240699768,False,8.75089281159357,False,False,False,True,>=3 frames,D3 field above threshold but no peak kept (ridge into a neighbour)
6bba_3abfe10a,6bba,50000255,49,14,244,140,22.75,0.47890186309814453,0.17955738306045532,17.115707940119055,22589,8.763631599646107,14.70191210275516,,,7.066993236541748,19.81453792673742,False,12.775900469732065,50000251.0,False,0,0.494949494949495,False,False,4,True,1,,,0.09339943528175354,0.4490521252155304,False,0.4490521252155304,False,"[0, 0, -1]",0.4490521252155304,False,17.65201829820035,False,False,False,True,>=3 frames,"D1 sustained miss (>=3 frames), field below threshold"
6bba_3abfe10a,6bba,51000273,50,12,214,135,19.5,0.5852299332618713,0.2194235771894455,8.46093865911058,23389,8.395070160096726,-1.0536982491612434,,,5.158200740814209,9.193245259042431,False,12.775900469732065,51000277.0,False,2,0.5050505050505051,False,False,10,True,1,,,0.7424332499504089,0.9740360379219055,False,0.9923018217086792,False,"[1, -2, -1]",0.9965258240699768,False,8.75089281159357,False,False,False,True,>=3 frames,D3 field above threshold but no peak kept (ridge into a neighbour)
6bba_3abfe10a,6bba,51000277,50,14,244,140,22.75,0.47890186309814453,0.17955738306045532,17.115707940119055,23215,8.763631599646107,14.70191210275516,,,7.066993236541748,19.81453792673742,False,12.775900469732065,51000273.0,False,0,0.5050505050505051,False,,4,True,0,,,0.09339943528175354,0.4490521252155304,False,0.4490521252155304,False,"[0, 0, -1]",0.4490521252155304,False,17.65201829820035,False,False,False,True,>=3 frames,"D1 sustained miss (>=3 frames), field below threshold"
6bba_3abfe10a,6bba,52000295,51,13,241,138,21.125,0.5292366147041321,0.14449819922447205,10.642253151797298,23670,8.412786815297757,6.517865459434688,,,7.555795192718506,10.704831612946666,False,56.85178097474168,52000299.0,True,0,0.5151515151515151,False,False,10,True,1,,,0.011715271510183811,0.027129381895065308,False,0.312468022108078,False,"[2, -2, 1]",0.9859618544578552,False,10.531203634912773,False,False,False,True,>=3 frames,"D1 sustained miss (>=3 frames), field below threshold"
6bba_3abfe10a,6bba,53000324,52,13,243,140,21.125,0.5626398921012878,0.21645565330982208,10.913246627580783,24340,8.792389366113838,6.464738292386755,,,7.555983066558838,11.089523512720746,False,56.77043960108112,53000327.0,True,0,0.5252525252525253,False,False,10,True,1,,,0.0019257793901488185,0.017991045489907265,False,0.8331603407859802,False,"[2, -2, 0]",0.9946061968803406,False,9.75,False,False,False,True,>=3 frames,"D1 sustained miss (>=3 frames), field below threshold"
6bba_3abfe10a,6bba,54000351,53,13,243,144,21.125,0.583839476108551,0.22461143136024475,8.478051608495358,25121,7.72776028491737,3.4869872462004423,,,6.92415714263916,11.796349716046468,False,55.26941294977268,54000356.0,True,1,0.5353535353535354,False,False,10,True,1,,,0.021241333335638046,0.7584460377693176,False,0.9726860523223877,False,"[2, -2, 2]",0.9983670115470886,False,7.960841664045329,False,False,False,True,>=3 frames,"D1 sustained miss (>=3 frames), field below threshold"
6bba_3abfe10a,6bba,55000380,54,13,243,144,21.125,0.583839476108551,0.22461143136024475,8.443754956951837,25746,7.688458861195903,3.490644369274378,,,6.907993316650391,9.228570008921524,False,55.26941294977268,55000385.0,True,2,0.5454545454545454,False,False,10,True,1,,,0.028796279802918434,0.7976344227790833,False,0.9784799218177795,False,"[2, -2, 2]",0.998465895652771,False,7.960841664045329,False,False,False,True,>=3 frames,"D1 sustained miss (>=3 frames), field below threshold"
6bba_3abfe10a,6bba,56000407,55,13,247,143,21.125,0.5871362090110779,0.22739063203334808,10.837433896131568,26409,10.374008019010846,3.135272089391947,,,6.591298580169678,12.52482604996694,False,34.45469455041649,56000412.0,True,0,0.5555555555555556,False,False,10,True,1,,,0.06324394047260284,0.21354009211063385,False,0.8218047618865967,False,"[2, -2, 0]",0.9924269914627075,False,10.900831390311474,False,False,False,True,>=3 frames,"D1 sustained miss (>=3 frames), field below threshold"
6bba_3abfe10a,6bba,57000441,56,13,248,144,21.125,0.5943994522094727,0.23050951957702637,10.330357577700907,27060,9.754322888599733,3.4013927541673183,,,6.5362138748168945,11.96191013560031,False,34.43552909514387,57000446.0,True,0,0.5656565656565656,False,,10,True,0,,,0.014219657517969608,0.05345718190073967,False,0.2304142862558365,False,"[1, -2, 0]",0.9674578309059143,False,10.900831390311474,False,False,False,True,>=3 frames,"D1 sustained miss (>=3 frames), field below threshold"
6bba_3abfe10a,6bba,59000508,58,20,226,227,32.5,0.8765255808830261,0.3410464823246002,8.40189256562355,28378,3.6279548526585748,7.578241370618343,,,6.378121852874756,9.178382698639032,False,22.236389798031514,59000511.0,True,3,0.5858585858585859,True,False,2,True,1,,,0.9838963747024536,0.9970489144325256,False,0.9970489144325256,False,"[1, -1, 0]",0.9974875450134277,False,8.285906709588275,False,False,False,True,2 frames,D3 field above threshold but no peak kept (ridge into a neighbour)
6bba_3abfe10a,6bba,59000523,58,53,3,87,86.125,2.5603439807891846,0.996201753616333,7.798267347771587,27954,6.355785438999069,-4.5185135919600725,,,8.156862258911133,9.705626435257116,False,14.19551673284562,59000518.0,True,2,0.5858585858585859,,True,1,False,1,,,0.9972249269485474,0.9976438879966736,False,0.9976438879966736,False,"[0, 0, 1]",0.9997133612632751,True,8.443747686898277,False,False,False,False,1 frame,D3 field above threshold but no peak kept (ridge into a neighbour)
6bba_3abfe10a,6bba,59000534,58,59,171,252,95.875,1.7266666889190674,0.6718270778656006,8.324919364801877,28025,6.478286771387208,-5.228392003104091,,,7.8954362869262695,9.22191599537308,False,21.09372685183915,59000527.0,True,2,0.5858585858585859,True,True,1,True,1,,,0.992098331451416,0.9946911931037903,False,0.9951878786087036,False,"[2, 0, -1]",0.9996277093887329,True,8.443747686898277,False,False,False,True,1 frame,D3 field above threshold but no peak kept (ridge into a neighbour)
6bba_3abfe10a,6bba,59000537,58,62,24,112,100.75,1.850088119506836,0.7198489904403687,6.259477753104973,28120,5.005894261307055,-3.7579361870884895,,,7.532639503479004,7.995883085796791,False,16.984942780298084,59000530.0,True,4,0.5858585858585859,True,True,1,True,1,,,0.9948065876960754,0.9948065876960754,False,0.9959703683853149,False,"[0, -1, -2]",0.9994651675224304,True,6.080193253507654,True,False,False,True,1 frame,"D5 local-metric truncation artefact (detection 5.6-7 um away, mostly in z)"
6bba_3abfe10a,6bba,60000539,59,19,225,229,30.875,0.9065874218940735,0.35320982336997986,8.686950561586661,29054,8.192674670366888,2.888458378612995,,,5.416470050811768,9.550289021889357,False,22.38802431686414,60000541.0,True,3,0.5959595959595959,False,True,2,True,1,,,0.8293624520301819,0.9976733326911926,False,0.9983190894126892,False,"[2, -1, -1]",0.9983190894126892,False,8.900491559458949,False,False,False,True,2 frames,D3 field above threshold but no peak kept (ridge into a neighbour)
6bba_3abfe10a,6bba,60000560,59,53,127,252,86.125,2.084773302078247,0.8122353553771973,10.90112418300397,28811,2.053734495311886,10.70591813325882,,,7.381223678588867,11.885424011814182,False,20.71875,60000568.0,True,0,0.5959595959595959,True,True,1,True,1,,,0.9977588653564453,0.9987951517105103,False,0.9987951517105103,False,"[1, 0, -1]",0.998921275138855,False,11.604821196382131,False,False,False,False,1 frame,D3 field above threshold but no peak kept (ridge into a neighbour)
6bba_3abfe10a,6bba,62000606,61,4,3,19,6.5,0.6851499080657959,0.2665843069553375,10.474344897158359,30331,5.633617829519251,8.830303005874157,,,4.331970691680908,18.70523378908688,False,30.193969286100824,62000611.0,True,0,0.6161616161616161,True,False,2,True,1,,,0.9020302295684814,0.9404895305633545,False,0.9404895305633545,False,"[1, 0, 1]",0.9404895305633545,False,9.613629647536875,False,False,False,True,2 frames,"D2 transient miss (1-2 frames), field below threshold"
6bba_3abfe10a,6bba,62000628,61,54,131,253,87.75,1.9998060464859009,0.7781026363372803,7.648606700285027,30062,2.8785624170904205,7.086258735507727,,,7.372097969055176,9.330535913388943,False,19.655951905529786,62000637.0,True,2,0.6161616161616161,True,False,2,True,1,,,0.9963940978050232,0.997252881526947,False,0.9987665414810181,False,"[2, -1, -1]",0.9991136193275452,False,6.894291116568838,False,False,False,True,2 frames,D3 field above threshold but no peak kept (ridge into a neighbour)
6bba_3abfe10a,6bba,63000640,62,4,3,19,6.5,0.6851499080657959,0.2665843069553375,10.495388570955377,30948,5.641867828222744,8.850000489503145,,,4.337896347045898,18.70948112635313,False,30.193969286100824,63000645.0,True,0,0.6262626262626263,False,True,2,True,1,,,0.9002143740653992,0.9379144906997681,False,0.9379144906997681,False,"[1, 0, 1]",0.9379144906997681,False,9.613629647536875,False,False,False,True,2 frames,"D2 transient miss (1-2 frames), field below threshold"
6bba_3abfe10a,6bba,63000662,62,54,131,253,87.75,1.9998060464859009,0.7781026363372803,7.655945200659329,30685,2.8781474046832765,7.094347357749939,,,7.363635063171387,9.331288019204392,False,19.655951905529786,63000671.0,True,2,0.6262626262626263,False,True,2,True,1,,,0.9963889122009277,0.9972447156906128,False,0.9987574815750122,False,"[2, -1, -1]",0.9991100430488586,False,6.894291116568838,False,False,False,True,2 frames,D3 field above threshold but no peak kept (ridge into a neighbour)
6bba_3abfe10a,6bba,64000704,63,62,28,117,100.75,1.7088638544082642,0.6644604206085205,7.778066115234567,31135,7.001540839123974,-3.3877335153520107,,,7.915770530700684,7.884393806311087,False,15.442844469607923,64000692.0,True,4,0.6363636363636364,True,,1,True,0,,,0.9909844398498535,0.9940673112869263,False,0.9940673112869263,False,"[1, -1, -1]",0.9988176226615906,False,7.44668550430324,False,False,False,True,1 frame,D3 field above threshold but no peak kept (ridge into a neighbour)
6bba_3abfe10a,6bba,66000772,65,60,185,252,97.5,1.8025089502334595,0.6976256966590881,6.252264257444274,32607,5.070910406006198,-3.6574138402938843,,,7.115787029266357,11.126052730538415,False,49.914223298574925,66000771.0,True,1,0.6565656565656566,True,False,2,True,1,,,0.9897670149803162,0.9961665272712708,False,0.9961665272712708,False,"[1, -1, -1]",0.9991884827613831,True,6.080193253507654,True,False,False,True,2 frames,"D5 local-metric truncation artefact (detection 5.6-7 um away, mostly in z)"
6bba_3abfe10a,6bba,67000807,66,60,185,252,97.5,1.8025089502334595,0.6976256966590881,6.241672130168934,33242,5.0723136714765324,-3.6373211294412613,,,7.134564399719238,11.120454130005362,False,49.914223298574925,67000806.0,True,1,0.6666666666666666,False,,2,True,0,,,0.9895862936973572,0.9961597919464111,False,0.9961597919464111,False,"[1, -1, -1]",0.9992035031318665,True,6.080193253507654,True,False,False,True,2 frames,"D5 local-metric truncation artefact (detection 5.6-7 um away, mostly in z)"
6bba_3abfe10a,6bba,68000846,67,62,25,125,100.75,1.9405577182769775,0.7520534992218018,6.701518617477119,33905,5.74215908734288,-3.4551354236900806,,,6.98079252243042,7.244635889979536,False,14.426165734958822,68000837.0,True,4,0.6767676767676768,True,True,1,True,1,,,0.9880905151367188,0.9937641620635986,False,0.9983131885528564,False,"[-2, 2, -2]",0.9990713596343994,True,6.700046641628698,True,False,False,True,1 frame,"D5 local-metric truncation artefact (detection 5.6-7 um away, mostly in z)"
6bba_3abfe10a,6bba,69000850,68,18,237,231,29.25,0.7574142217636108,0.29548120498657227,8.119823520145813,34712,5.58021636258033,-5.89853535592556,,,4.283846855163574,12.587449807228728,False,21.070241529821153,69000856.0,True,1,0.6868686868686869,True,,1,True,0,,,0.009469208307564259,0.6857500672340393,False,0.9695780277252197,False,"[1, 2, 0]",0.9853755831718445,False,8.285906709588275,False,False,False,True,1 frame,"D2 transient miss (1-2 frames), field below threshold"
6bba_3abfe10a,6bba,69000882,68,59,73,99,95.875,1.6527352333068848,0.644762396812439,7.138302747784826,34349,7.082417656356342,-0.8914742060005665,,,7.551774024963379,7.650239500810147,False,18.6167137607581,69000876.0,True,5,0.6868686868686869,True,False,2,True,1,,,0.9960470795631409,0.9993181228637695,False,0.9993181228637695,False,"[-1, 0, 1]",0.9995731711387634,False,6.894291116568838,False,False,False,True,2 frames,D3 field above threshold but no peak kept (ridge into a neighbour)
6bba_3abfe10a,6bba,70000886,69,3,3,21,4.875,0.6952318549156189,0.2726539671421051,8.773692613239271,35240,3.4706870615268195,8.058040294796228,,,6.314267635345459,11.267107420114959,False,30.57959005815807,70000888.0,True,1,0.696969696969697,True,False,4,True,1,,,0.9545438885688782,0.9545438885688782,False,0.9590563774108887,False,"[2, 1, 2]",0.9915865659713745,False,8.900491559458949,False,False,False,True,>=3 frames,"D1 sustained miss (>=3 frames), field below threshold"
6bba_3abfe10a,6bba,70000917,69,59,74,102,95.875,1.7220122814178467,0.6753336787223816,7.998316952011455,34877,7.98729454312252,0.419761773198843,,,7.87761116027832,8.080758981347108,False,18.03127707970237,70000911.0,True,5,0.696969696969697,False,True,2,True,1,,,0.9993496537208557,0.999629020690918,False,0.9996671676635742,False,"[-2, 0, 0]",0.9996877908706665,False,8.125,False,False,False,True,2 frames,D3 field above threshold but no peak kept (ridge into a neighbour)
6bba_3abfe10a,6bba,71000919,70,3,4,21,4.875,0.6547037959098816,0.2540641725063324,11.302374479903598,35918,4.27702881323496,10.461868543177843,,,5.772031784057617,11.564285987062915,False,29.39633533707901,71000922.0,True,0,0.7070707070707071,False,False,4,True,1,,,0.7615708708763123,0.9468238949775696,False,0.9468238949775696,False,"[0, -1, 0]",0.9731642603874207,False,10.277402395547233,False,False,False,True,>=3 frames,"D1 sustained miss (>=3 frames), field below threshold"
6bba_3abfe10a,6bba,71000933,70,38,149,7,61.75,1.7126437425613403,0.6646080017089844,12.001724364468577,35964,9.028969458342996,7.906901936978102,,,5.030801296234131,12.23917641848116,False,29.159582473005337,71000935.0,True,0,0.7070707070707071,True,False,2,True,1,,,0.9949709177017212,0.9981060028076172,False,0.9983225464820862,False,"[2, 0, 1]",0.9983225464820862,False,12.795262795269194,False,False,False,True,2 frames,D3 field above threshold but no peak kept (ridge into a neighbour)
6bba_3abfe10a,6bba,72000954,71,3,4,21,4.875,0.6547037959098816,0.2540641725063324,11.335026004980513,36540,4.294272469408875,10.490092396736145,,,5.769473075866699,11.557715601977248,False,29.39633533707901,72000957.0,True,0,0.7171717171717171,False,False,4,True,1,,,0.7630427479743958,0.9471578598022461,False,0.9471578598022461,False,"[0, -1, 0]",0.9723568558692932,False,10.277402395547233,False,False,False,True,>=3 frames,"D1 sustained miss (>=3 frames), field below threshold"
6bba_3abfe10a,6bba,72000968,71,38,149,7,61.75,1.7126437425613403,0.6646080017089844,11.979701922852241,36586,9.037068745748083,7.864136738702655,,,5.027547836303711,12.296299905664798,False,29.159582473005337,72000970.0,True,0,0.7171717171717171,False,True,2,True,1,,,0.9950089454650879,0.9981339573860168,False,0.998331606388092,False,"[2, 0, 1]",0.998331606388092,False,12.795262795269194,False,False,False,True,2 frames,D3 field above threshold but no peak kept (ridge into a neighbour)
6bba_3abfe10a,6bba,73000989,72,3,5,24,4.875,0.6728382110595703,0.2611013948917389,11.335236275326942,37127,4.070949385495571,10.5789863653481,,,6.155697822570801,12.451095865984895,False,29.340138888560155,73000992.0,True,0,0.7272727272727273,False,True,4,True,1,,,0.9303288459777832,0.9729970097541809,False,0.9805386066436768,False,"[2, 0, -1]",0.9805386066436768,False,11.941262496067994,False,False,False,True,>=3 frames,"D1 sustained miss (>=3 frames), field below threshold"
6bba_3abfe10a,6bba,74001024,73,24,181,242,39.0,1.1743077039718628,0.4590255618095398,6.721735421825914,37446,5.871090616491416,3.27292255545035,,,7.643136978149414,9.001850526343208,False,46.7681803720489,74001032.0,True,5,0.7373737373737373,True,True,1,True,1,,,0.6454732418060303,0.9691688418388367,False,0.9968383312225342,False,"[2, -2, -2]",0.9995208978652954,True,6.700046641628698,True,False,False,True,1 frame,"D5 local-metric truncation artefact (detection 5.6-7 um away, mostly in z)"
6bba_3abfe10a,6bba,74001034,73,42,116,65,68.25,1.7157515287399292,0.670670747756958,8.649213572845944,37236,2.5947723537702765,8.250821284018457,,,9.000452041625977,8.651484600516225,False,27.158047984207187,74001028.0,True,3,0.7373737373737373,True,True,1,True,1,,,0.9989073276519775,0.999819815158844,False,0.999819815158844,False,"[1, -1, 0]",0.9998395442962646,False,8.285906709588275,False,False,False,True,1 frame,D3 field above threshold but no peak kept (ridge into a neighbour)
6bba_3abfe10a,6bba,74001045,73,62,25,206,100.75,2.204897880554199,0.8618733882904053,10.599819337441229,37413,7.978084766372286,-6.97899229452014,,,7.7396240234375,10.660459114820675,False,9.690574109024707,74001044.0,True,0,0.7373737373737373,True,True,1,True,1,,,0.9986506104469299,0.9987340569496155,False,0.9990143775939941,False,"[-2, -1, 0]",0.9992057681083679,False,9.75,False,False,False,False,1 frame,D3 field above threshold but no peak kept (ridge into a neighbour)
6bba_3abfe10a,6bba,76001095,75,35,11,60,56.875,1.687365174293518,0.6547983884811401,10.036553414243718,38806,4.69189750512474,8.872344799339771,,,7.240797519683838,10.851991373426609,False,26.091878675413543,76001087.0,True,0,0.7575757575757576,True,True,1,True,1,,,0.9911279678344727,0.9983909130096436,False,0.9988196492195129,False,"[2, -1, -2]",0.9991033673286438,False,9.613629647536875,False,False,False,True,1 frame,D3 field above threshold but no peak kept (ridge into a neighbour)
6bba_3abfe10a,6bba,78001172,77,58,4,87,94.25,2.0140295028686523,0.7841550707817078,6.9784107491468506,40054,6.027503161567038,-3.5167345963418484,,,7.0651397705078125,8.829168085259559,False,21.423669919332216,78001166.0,True,2,0.7777777777777778,True,False,2,True,1,,,0.9972631931304932,0.9972631931304932,False,0.9990328550338745,False,"[-2, 2, -2]",0.9991627931594849,True,6.700046641628698,True,False,False,False,2 frames,"D5 local-metric truncation artefact (detection 5.6-7 um away, mostly in z)"
6bba_3abfe10a,6bba,79001202,78,58,4,87,94.25,2.0140295028686523,0.7841550707817078,6.973222566625462,40644,6.028461416193015,-3.504780437797308,,,7.051928520202637,8.756080667064005,False,21.423669919332216,79001196.0,True,2,0.7878787878787878,False,True,2,True,1,,,0.997351884841919,0.997351884841919,False,0.9990476965904236,False,"[-1, 2, 2]",0.9991846680641174,True,6.700046641628698,True,False,False,False,2 frames,"D5 local-metric truncation artefact (detection 5.6-7 um away, mostly in z)"
6bba_3abfe10a,6bba,81001250,80,19,2,130,30.875,0.9339414834976196,0.3583393394947052,9.007575265873172,41973,8.534987568119988,-2.879305364564061,,,6.450187683105469,12.429498748615986,False,25.82804465353504,81001253.0,True,1,0.8080808080808081,,False,10,False,1,,,0.006455518305301666,0.02663436532020569,False,0.13863837718963623,False,"[2, 2, -2]",0.9631778597831726,False,8.900491559458949,False,False,False,True,>=3 frames,"D1 sustained miss (>=3 frames), field below threshold"
6bba_3abfe10a,6bba,81001251,80,20,5,210,32.5,1.0911245346069336,0.4186481535434723,8.64231312824351,42105,4.123183055099599,-7.595323409885168,,,4.585919380187988,9.799372632965719,False,28.066553855300796,81001253.0,True,2,0.8080808080808081,,False,2,False,1,,,0.9697682857513428,0.9926041960716248,False,0.9976640939712524,False,"[2, 1, 0]",0.998755931854248,False,8.900491559458949,False,False,False,True,2 frames,D3 field above threshold but no peak kept (ridge into a neighbour)
6bba_3abfe10a,6bba,82001282,81,19,2,129,30.875,0.9701663851737976,0.3752341866493225,9.452072312430063,42495,9.451984829267237,0.04066677647642791,,,6.959780693054199,12.424568412431482,False,24.834471537814128,82001284.0,True,1,0.8181818181818182,False,False,10,True,1,,,0.009238658472895622,0.07282993942499161,False,0.07282993942499161,False,"[0, 0, -1]",0.792932391166687,False,9.75,False,False,False,True,>=3 frames,"D1 sustained miss (>=3 frames), field below threshold"
6bba_3abfe10a,6bba,82001283,81,20,5,210,32.5,1.094557523727417,0.42334532737731934,9.181111456757403,42748,4.026368467348641,-8.251131107099354,,,4.741929531097412,9.939037610101334,False,28.066553855300796,82001285.0,True,2,0.8181818181818182,False,True,2,True,1,,,0.9602802991867065,0.9923662543296814,False,0.9968468546867371,False,"[2, 1, 1]",0.9986141920089722,False,8.900491559458949,False,False,False,True,2 frames,D3 field above threshold but no peak kept (ridge into a neighbour)
6bba_3abfe10a,6bba,83001319,82,19,3,130,30.875,0.9995555877685547,0.38582947850227356,8.78284454394346,43206,8.77919983386724,-0.25299913063645363,,,6.66214656829834,13.86797075281236,False,24.300406696699543,83001322.0,True,1,0.8282828282828283,False,False,10,True,1,,,0.023069992661476135,0.1378192901611328,False,0.7874540090560913,False,"[2, 2, -2]",0.9866542220115662,False,9.884489111734608,False,False,False,True,>=3 frames,"D1 sustained miss (>=3 frames), field below threshold"
6bba_3abfe10a,6bba,83001329,82,34,164,141,55.25,1.4164445400238037,0.5467490553855896,6.945800616088807,42775,4.9577946862517175,-4.86460872500902,,,8.924552917480469,8.313943806769686,False,35.55093726788367,83001328.0,True,2,0.8282828282828283,True,True,1,True,1,,,0.9994639754295349,0.9996786117553711,False,0.9996786117553711,False,"[-1, 0, -1]",0.9998669624328613,True,7.083210783253595,True,False,False,True,1 frame,"D5 local-metric truncation artefact (detection 5.6-7 um away, mostly in z)"
6bba_3abfe10a,6bba,83001344,82,56,186,128,91.0,1.468204379081726,0.566728413105011,6.707569175767874,42827,0.4192900262372674,-6.6944514429196715,,,8.208232879638672,9.852449685882965,False,37.22677810142183,83001329.0,False,2,0.8282828282828283,True,False,2,True,1,,,0.9994353652000427,0.999472439289093,False,0.9996106028556824,False,"[-2, 0, 0]",0.9996185302734375,False,6.5,True,False,False,True,2 frames,"D5 local-metric truncation artefact (detection 5.6-7 um away, mostly in z)"
6bba_3abfe10a,6bba,84001357,83,18,3,131,29.25,0.965945839881897,0.3701218068599701,9.280307692308263,43850,9.17936734409398,1.3650370053946972,,,6.513702869415283,15.265698423699392,False,25.46445515934908,84001360.0,True,1,0.8383838383838383,False,False,10,True,1,,,0.050266023725271225,0.3152649402618408,False,0.5625507831573486,False,"[2, 1, -1]",0.5625507831573486,False,10.017172754824587,False,False,False,True,>=3 frames,"D1 sustained miss (>=3 frames), field below threshold"
6bba_3abfe10a,6bba,84001359,83,20,6,210,32.5,1.104607105255127,0.4232527017593384,11.609468818857787,43545,2.8972088562607263,11.24215046595782,,,7.67624044418335,13.22590118744843,False,28.6370232664378,84001361.0,True,0,0.8383838383838383,True,False,6,True,1,,,0.955142080783844,0.9851875305175781,False,0.9953269958496094,False,"[2, 1, 0]",0.9980010390281677,False,11.941262496067994,False,False,False,True,>=3 frames,D3 field above threshold but no peak kept (ridge into a neighbour)
6bba_3abfe10a,6bba,84001379,83,56,184,125,91.0,1.4821938276290894,0.5679327249526978,6.9356988274304205,43416,0.6215353689093065,-6.907793570309877,,,8.476091384887695,7.891617429641601,False,38.90891055160116,84001365.0,True,5,0.8383838383838383,False,True,2,True,1,,,0.9991687536239624,0.9995504021644592,False,0.9996994733810425,False,"[-2, 0, 0]",0.9997270703315735,True,6.5,True,False,False,True,2 frames,"D5 local-metric truncation artefact (detection 5.6-7 um away, mostly in z)"
6bba_3abfe10a,6bba,85001394,84,19,4,133,30.875,1.0649853944778442,0.4086189568042755,8.728580779879572,44337,8.727344834869347,-0.1468828245997429,,,7.042932987213135,12.806480518883774,False,25.603420791956687,85001396.0,True,1,0.8484848484848485,False,False,10,True,1,,,0.20693790912628174,0.9331682920455933,False,0.9331682920455933,False,"[1, 0, -1]",0.9331682920455933,False,8.125,False,False,False,True,>=3 frames,"D1 sustained miss (>=3 frames), field below threshold"
6bba_3abfe10a,6bba,85001395,84,20,8,211,32.5,1.0583232641220093,0.4060627818107605,9.090452709389362,44587,3.8112911729075454,-8.25290191732347,,,5.001495361328125,14.053178470705065,False,28.960809996010127,85001398.0,True,1,0.8484848484848485,False,False,6,True,1,,,0.8839777112007141,0.9674448370933533,False,0.9883346557617188,False,"[2, 0, 1]",0.9947305917739868,False,8.900491559458949,False,False,False,True,>=3 frames,D3 field above threshold but no peak kept (ridge into a neighbour)
6bba_3abfe10a,6bba,85001399,84,24,112,20,39.0,1.184860348701477,0.4546131491661072,8.329019311187722,44543,7.9480806903799035,-2.4900955855846405,,,5.879668235778809,8.475094326893235,False,26.855552556687417,85001403.0,True,4,0.8484848484848485,,True,1,False,1,,,0.9559153318405151,0.9917438626289368,False,0.9961320161819458,False,"[-2, -1, 1]",0.9990522265434265,True,7.621925609713073,False,False,False,True,1 frame,D3 field above threshold but no peak kept (ridge into a neighbour)
6bba_3abfe10a,6bba,86001434,85,18,4,137,29.25,0.9936354756355286,0.3752341866493225,9.748444217692775,44955,9.712980658906229,0.8307655416429043,,,7.088751792907715,13.485313582022764,False,13.907759749506749,86001433.0,True,1,0.8585858585858586,False,False,10,True,1,,,0.006636421196162701,0.7293835878372192,False,0.8437473773956299,False,"[1, 0, -2]",0.8437473773956299,False,8.900491559458949,False,False,False,True,>=3 frames,"D1 sustained miss (>=3 frames), field below threshold"
6bba_3abfe10a,6bba,86001435,85,19,11,212,30.875,0.9433912634849548,0.3562600612640381,13.064502435885718,44837,8.726682128141329,-9.722460744669661,,,7.530367374420166,13.831437590197512,False,28.593767076497635,86001437.0,True,0,0.8585858585858586,False,False,6,True,1,,,0.20736640691757202,0.8593533039093018,False,0.967337429523468,False,"[1, 0, -2]",0.9823585152626038,False,13.400093283257396,False,False,False,True,>=3 frames,"D1 sustained miss (>=3 frames), field below threshold"
6bba_3abfe10a,6bba,87001468,86,18,8,105,29.25,1.119510531425476,0.42377766966819763,8.808087178122836,45645,8.754190964476102,-0.972903024405241,,,6.758328437805176,10.203321827787223,False,13.559259405476393,87001470.0,False,1,0.8686868686868687,True,False,3,True,1,,,0.9667056798934937,0.9900147914886475,False,0.9958735108375549,False,"[2, 0, 0]",0.9979164004325867,False,8.285906709588275,False,False,False,True,>=3 frames,D3 field above threshold but no peak kept (ridge into a neighbour)
6bba_3abfe10a,6bba,87001470,86,19,5,138,30.875,1.0465443134307861,0.3961571455001831,10.369685441238811,45582,10.356766379968912,-0.5174614004790783,,,6.991062164306641,12.133051874246496,False,13.559259405476393,87001468.0,False,0,0.8686868686868687,False,False,10,True,1,,,0.312720388174057,0.9759175777435303,False,0.9759175777435303,False,"[1, 0, -1]",0.9759175777435303,False,10.277402395547233,False,False,False,True,>=3 frames,"D1 sustained miss (>=3 frames), field below threshold"
6bba_3abfe10a,6bba,87001471,86,19,10,208,30.875,1.0097711086273193,0.3822370767593384,13.502100188109209,45374,9.343854560205942,-9.746747736935504,,,7.784686088562012,13.815740323273127,False,27.73232826954852,87001476.0,True,0,0.8686868686868687,False,False,6,True,1,,,0.7660433053970337,0.9746584892272949,False,0.9815655946731567,False,"[0, 0, -2]",0.9815655946731567,False,13.595725431178728,False,False,False,True,>=3 frames,"D1 sustained miss (>=3 frames), field below threshold"
6bba_3abfe10a,6bba,88001506,87,19,12,214,30.875,0.9944574236869812,0.3718339204788208,11.624488621837427,46063,9.636616078486528,-6.50110500415758,,,7.531414031982422,14.121055538204592,False,28.91518443007065,88001512.0,True,0,0.8787878787878788,False,False,6,True,1,,,0.02599014714360237,0.9270338416099548,False,0.9783594012260437,False,"[2, -1, -2]",0.9783594012260437,False,11.258330249197702,False,False,False,True,>=3 frames,"D1 sustained miss (>=3 frames), field below threshold"
6bba_3abfe10a,6bba,88001507,87,19,8,106,30.875,1.2096627950668335,0.4523005783557892,10.372016248095635,46243,8.97708298050619,5.195257665589452,,,6.806943893432617,11.428233011568894,False,14.334351496056597,88001508.0,False,0,0.8787878787878788,False,False,3,True,1,,,0.9936597943305969,0.9961389899253845,False,0.9961389899253845,False,"[1, 0, 0]",0.9978799819946289,False,9.475296829123613,False,False,False,True,>=3 frames,D3 field above threshold but no peak kept (ridge into a neighbour)
6bba_3abfe10a,6bba,88001508,87,20,6,141,32.5,1.0777884721755981,0.40299192070961,10.455586579100554,46174,10.30553134813321,-1.7650253102183342,,,7.139354705810547,12.123464671853274,False,14.334351496056597,88001507.0,False,0,0.8787878787878788,False,False,10,True,1,,,0.41403651237487793,0.8400121331214905,False,0.9522831439971924,False,"[0, 0, -2]",0.9522831439971924,False,11.02128622257856,False,False,False,True,>=3 frames,"D1 sustained miss (>=3 frames), field below threshold"
6bba_3abfe10a,6bba,88001513,87,35,161,2,56.875,1.3450149297714233,0.5029096007347107,7.928424397133867,46367,6.783794640356405,4.103662230074406,,,6.0772480964660645,14.828676575590842,False,31.46012170689268,88001511.0,True,1,0.8787878787878788,True,,1,True,0,,,0.9641908407211304,0.9817994236946106,False,0.995175838470459,False,"[2, -2, 1]",0.9979135394096375,False,8.75089281159357,False,False,False,True,1 frame,D3 field above threshold but no peak kept (ridge into a neighbour)
6bba_3abfe10a,6bba,89001549,88,19,9,107,30.875,1.2519495487213135,0.46875622868537903,9.526043870556485,46756,8.855873301123705,3.5098461359739304,,,7.1906538009643555,10.215154154112945,False,13.559259405476393,89001550.0,False,1,0.8888888888888888,False,True,3,True,1,,,0.9970742464065552,0.9974116683006287,False,0.9983339905738831,False,"[2, 1, 0]",0.9991205334663391,False,8.75089281159357,False,False,False,True,>=3 frames,D3 field above threshold but no peak kept (ridge into a neighbour)
6bba_3abfe10a,6bba,89001550,88,20,6,140,32.5,1.0656952857971191,0.39901870489120483,10.49783845494863,46648,10.34327448824528,-1.7947938842698932,,,7.589438438415527,12.651748487088152,False,13.559259405476393,89001549.0,False,0,0.8888888888888888,False,False,10,True,1,,,0.5552619099617004,0.9675002098083496,False,0.9835177659988403,False,"[-2, 0, 1]",0.9835177659988403,False,11.02128622257856,False,False,False,True,>=3 frames,"D1 sustained miss (>=3 frames), field below threshold"
6bba_3abfe10a,6bba,89001551,88,20,14,211,32.5,0.9728018045425415,0.3642374277114868,9.173443639284125,47067,7.735651040652604,4.930696825031191,,,4.268278121948242,13.304676086507257,False,27.532243171643316,89001555.0,True,1,0.8888888888888888,False,True,6,True,1,,,0.13523072004318237,0.9687480330467224,False,0.9687480330467224,False,"[1, -1, -1]",0.9687480330467224,False,9.475296829123613,False,False,False,True,>=3 frames,"D1 sustained miss (>=3 frames), field below threshold"
6bba_3abfe10a,6bba,90001591,89,20,6,142,32.5,1.0598013401031494,0.3935391902923584,10.626893923466893,47127,10.449505082669644,-1.933576475828886,,,8.25317668914795,12.67319729774171,False,15.314062420288746,90001592.0,True,0,0.898989898989899,False,True,10,True,1,,,0.4086448848247528,0.9281534552574158,False,0.9736690521240234,False,"[2, 0, -1]",0.9736690521240234,False,10.405076885828379,False,False,False,True,>=3 frames,"D1 sustained miss (>=3 frames), field below threshold"
6bba_3abfe10a,6bba,91001631,90,16,100,201,26.0,1.0438308715820312,0.38519129157066345,7.826665857614445,47898,6.098388435076803,-4.905747337732464,,,7.533564567565918,12.488966013242608,False,22.941437843180186,91001638.0,True,1,0.9090909090909091,True,True,1,True,1,,,0.972694993019104,0.9973020553588867,False,0.9984444975852966,False,"[-2, 2, -2]",0.9994654059410095,True,7.621925609713073,False,False,False,True,1 frame,D3 field above threshold but no peak kept (ridge into a neighbour)
6bba_3abfe10a,6bba,91001653,90,57,188,124,92.625,1.3311947584152222,0.4912334978580475,7.454573883810707,47906,7.165505166152922,2.055774185806513,,,7.503821849822998,8.134800712278265,False,44.82209843160514,91001645.0,True,4,0.9090909090909091,True,True,1,True,1,,,0.9979021549224854,0.9991685152053833,False,0.9991685152053833,False,"[-1, -1, 0]",0.9992440938949585,True,7.44668550430324,False,False,False,True,1 frame,D3 field above threshold but no peak kept (ridge into a neighbour)
6bba_3abfe10a,6bba,92001689,91,62,77,236,100.75,2.243995428085327,0.8401990532875061,7.107882306057981,48576,6.296626212780252,-3.2976490433793515,,,7.25554895401001,8.16957386509028,False,11.272980001978182,92001682.0,True,3,0.9191919191919192,,True,1,False,1,,,0.996121346950531,0.9980787038803101,False,0.9992815852165222,False,"[-2, 2, -1]",0.9992815852165222,False,7.267220926874317,False,False,False,False,1 frame,D3 field above threshold but no peak kept (ridge into a neighbour)
6bba_3abfe10a,6bba,94001753,93,62,35,7,100.75,1.4676393270492554,0.5487596392631531,7.4323038839179025,50130,3.5178070764152416,-6.547073727706447,,,5.19987154006958,7.774128958225062,False,28.31244826154213,94001739.0,True,2,0.9393939393939394,True,True,1,True,1,,,0.9840502142906189,0.9845596551895142,False,0.9907914400100708,False,"[-2, -1, -1]",0.9976584911346436,False,6.894291116568838,False,False,False,True,1 frame,D3 field above threshold but no peak kept (ridge into a neighbour)
6bba_3abfe10a,6bba,95001781,94,58,78,104,94.25,1.3858894109725952,0.5139132142066956,6.8465017142545666,50468,5.869039260430502,-3.5254735685884953,,,7.157000541687012,8.02736651848991,False,25.901424460104504,95001775.0,True,5,0.9494949494949495,True,True,1,True,1,,,0.8052595853805542,0.9739105105400085,False,0.9982249140739441,False,"[2, 0, -2]",0.9989983439445496,False,7.960841664045329,True,False,False,True,1 frame,"D5 local-metric truncation artefact (detection 5.6-7 um away, mostly in z)"
6bba_3abfe10a,6bba,96001790,95,18,14,111,29.25,1.2482950687408447,0.4616057872772217,8.529561679810524,50846,4.1321835367881965,7.461801502853632,,,8.100138664245605,12.319341799588498,False,16.975223212818147,96001795.0,True,1,0.9595959595959596,True,True,1,True,1,,,0.9961473941802979,0.9990624785423279,False,0.9994893074035645,False,"[2, 1, -2]",0.9996368885040283,False,8.900491559458949,False,False,False,True,1 frame,D3 field above threshold but no peak kept (ridge into a neighbour)
6bba_3abfe10a,6bba,98001859,97,18,12,111,29.25,1.2071254253387451,0.44234344363212585,7.2506085585104625,52459,1.451773239797905,-7.103779200464487,,,6.41322135925293,8.964687317604808,False,18.78439553525745,98001867.0,True,2,0.9797979797979798,True,True,1,True,1,,,0.9977465271949768,0.9988099336624146,False,0.9990899562835693,False,"[2, 1, -2]",0.9990899562835693,False,6.700046641628698,False,False,False,True,1 frame,D3 field above threshold but no peak kept (ridge into a neighbour)
6bba_3abfe10a,6bba,100001928,99,18,12,109,29.25,1.2178058624267578,0.44610053300857544,8.26727359863098,53350,4.999849879288032,6.584019588306546,,,7.759749412536621,9.381898182620416,False,17.052824637724978,100001935.0,True,2,1.0,True,,1,True,0,,,0.9969563484191895,0.9984545707702637,False,0.9989927411079407,False,"[2, 1, -2]",0.9993461966514587,False,8.285906709588275,False,False,False,True,1 frame,D3 field above threshold but no peak kept (ridge into a neighbour)
6bba_3abfe10a,6bba,61000606,60,22,172,225,35.75,1.348081350326538,0.5231360197067261,8.220297126589172,29617,5.429530592052721,-6.171991769224405,,,6.3502726554870605,9.384856293691001,False,9.449133971560569,61000575.0,True,4,0.6060606060606061,True,True,1,True,1,,,0.9977062940597534,0.9977062940597534,False,0.9981527924537659,False,"[-2, 2, 2]",0.998666524887085,False,7.960841664045329,False,False,False,True,1 frame,D3 field above threshold but no peak kept (ridge into a neighbour)
6bba_5c824876,6bba,1000013,0,36,100,190,58.5,5.106146335601807,0.6164664626121521,6.756252414639838,99,3.0805884384407416,-6.0130625776946545,,,8.399520874023438,9.825902872128594,False,23.453681913774222,1000015.0,True,2,0.0,,True,1,False,1,,,0.9991639852523804,0.9994444251060486,False,0.9996127486228943,False,"[-2, 0, 0]",0.9997630715370178,False,6.894291116568838,True,False,False,False,1 frame,"D5 local-metric truncation artefact (detection 5.6-7 um away, mostly in z)"
6bba_5c824876,6bba,1000020,0,61,152,188,99.125,4.276748180389404,0.5163329243659973,7.520566303242416,77,5.144935538838233,-5.485303621739149,,,8.728591918945312,9.06925459039155,False,22.413810614217297,1000019.0,True,2,0.0,,True,1,False,1,,,0.9846723675727844,0.9988573789596558,False,0.9988573789596558,False,"[1, -1, -1]",0.9998263716697693,False,8.125,False,False,False,False,1 frame,D3 field above threshold but no peak kept (ridge into a neighbour)
6bba_5c824876,6bba,6000100,5,53,116,233,86.125,5.288659572601318,0.6042402982711792,8.520068391938318,1222,2.128188850789709,8.249992582947016,,,8.69227409362793,11.135026827052155,False,30.007551133006505,6000101.0,True,1,0.050505050505050504,True,True,1,True,1,,,0.9988372921943665,0.9997568726539612,False,0.9997568726539612,False,"[1, -1, 1]",0.9997809529304504,False,8.285906709588275,False,False,False,False,1 frame,D3 field above threshold but no peak kept (ridge into a neighbour)
6bba_5c824876,6bba,17000279,16,1,106,229,1.625,2.0000691413879395,0.227334126830101,12.053952598055258,3864,5.2217886064261485,10.864193342626095,,,6.378539085388184,14.818828103954266,False,19.02881244652435,17000281.0,True,0,0.16161616161616163,True,False,2,True,1,,,0.7236050963401794,0.9067738056182861,False,0.9644358158111572,False,"[2, 2, -2]",0.9950359463691711,False,12.481861840286488,False,False,False,False,2 frames,"D2 transient miss (1-2 frames), field below threshold"
6bba_5c824876,6bba,18000299,17,1,104,222,1.625,2.2316150665283203,0.2549666166305542,8.168962967062875,4104,2.878059025219694,7.6451770551502705,,,5.87727689743042,12.2366437664565,False,17.614580253301526,18000300.0,True,1,0.1717171717171717,False,True,2,True,1,,,0.9271095991134644,0.9838946461677551,False,0.99151211977005,False,"[2, 1, -1]",0.996093213558197,False,8.443747686898277,False,False,False,False,2 frames,D3 field above threshold but no peak kept (ridge into a neighbour)
6bba_5c824876,6bba,39000735,38,1,105,57,1.625,3.0895533561706543,0.3529878258705139,7.521306717480251,8956,7.209607637680829,2.1428048089146614,,,7.843282699584961,9.79042996673447,False,18.35782573250438,39000738.0,True,2,0.3838383838383838,True,,1,True,0,,,0.9672332406044006,0.9759730100631714,False,0.9807395935058594,False,"[0, -2, 2]",0.9985632300376892,False,6.894291116568838,False,False,False,False,1 frame,"D2 transient miss (1-2 frames), field below threshold"
6bba_5c824876,6bba,40000773,39,61,174,221,99.125,3.3355557918548584,0.3771653175354004,10.941234690807306,9250,10.686207476509251,2.3485285453498363,,,6.262741565704346,11.238680598391248,False,21.68400998575909,40000772.0,True,0,0.3939393939393939,,True,1,False,1,,,0.9958937168121338,0.9990629553794861,False,0.9990629553794861,False,"[-1, 0, -1]",0.9992839694023132,False,11.490485194281398,False,False,False,False,1 frame,D3 field above threshold but no peak kept (ridge into a neighbour)
6bba_5c824876,6bba,42000797,41,1,83,101,1.625,5.083523273468018,0.5778091549873352,7.510219639069439,9559,5.352455987617345,5.268264792859554,,,8.83443832397461,8.228824784427594,False,22.898233590443173,42000800.0,True,2,0.41414141414141414,True,,1,True,0,,,0.9949195981025696,0.997541069984436,False,0.9987555742263794,False,"[1, -2, 2]",0.999854326248169,True,7.083210783253595,False,False,False,False,1 frame,D3 field above threshold but no peak kept (ridge into a neighbour)
6bba_5c824876,6bba,55001038,54,27,124,119,43.875,4.12896728515625,0.48268550634384155,8.083739620796884,12654,6.103779631044696,5.3000679686665535,,,8.6528959274292,8.182091278144425,False,19.282971965246954,55001036.0,True,2,0.5454545454545454,True,True,1,True,1,,,0.9985840320587158,0.9993559718132019,False,0.9993559718132019,False,"[1, -1, 1]",0.9998254179954529,True,8.443747686898277,False,False,False,False,1 frame,D3 field above threshold but no peak kept (ridge into a neighbour)
6bba_5c824876,6bba,57001065,56,1,212,24,1.625,2.2251999378204346,0.2620965838432312,15.169604709744583,13106,6.946855406504347,13.48547763377428,57001066.0,1.1528129679076347,10.160357475280762,21.649457738594723,False,16.194044285245734,57001066.0,True,0,0.5656565656565656,True,False,2,True,1,,,0.9966402053833008,0.9977343082427979,False,0.9985881447792053,False,"[2, 2, -1]",0.9985881447792053,False,14.625,False,False,False,False,2 frames,D3 field above threshold but no peak kept (ridge into a neighbour)
6bba_5c824876,6bba,57001070,56,24,120,115,39.0,3.5495333671569824,0.4180840253829956,8.13591953211547,13131,5.616527440745151,5.88623870909214,,,9.140145301818848,9.533255475336162,False,19.098071319507632,57001068.0,True,2,0.5656565656565656,True,False,2,True,1,,,0.9911371469497681,0.9986922144889832,False,0.999115526676178,False,"[2, -2, 2]",0.9998776912689209,False,9.475296829123613,False,False,False,False,2 frames,D3 field above threshold but no peak kept (ridge into a neighbour)
6bba_5c824876,6bba,58001079,57,1,207,28,1.625,2.0611448287963867,0.24034549295902252,14.888619420918053,13353,7.996517353854976,12.558929033577442,58001080.0,1.2682432098962346,10.635611534118652,16.796237483989625,False,13.984680513422536,58001080.0,True,0,0.5757575757575758,False,,2,True,0,,,0.9869873523712158,0.99333655834198,False,0.9964689016342163,False,"[2, 2, -2]",0.9988229870796204,False,15.41610359332085,False,False,False,False,2 frames,D3 field above threshold but no peak kept (ridge into a neighbour)
6bba_5c824876,6bba,58001084,57,22,118,114,35.75,3.878047227859497,0.4522104561328888,7.519404266883613,13421,6.374595154446431,3.98822982609272,,,8.525286674499512,7.907454316483708,False,19.197193194904823,58001083.0,True,2,0.5757575757575758,False,True,2,True,1,,,0.9985589385032654,0.9987660646438599,False,0.9995524287223816,False,"[2, -2, 2]",0.9998016953468323,True,7.44668550430324,False,False,False,False,2 frames,D3 field above threshold but no peak kept (ridge into a neighbour)
6bba_5c824876,6bba,60001113,59,25,252,28,40.625,2.779038190841675,0.328967422246933,7.224448142813678,13994,4.898445256406836,5.310168080031872,,,7.807117938995361,9.00446985152568,False,34.19505458121832,60001106.0,True,2,0.5959595959595959,True,True,1,True,1,,,0.9739428758621216,0.9967317581176758,False,0.9984050393104553,False,"[2, -2, 1]",0.9995933175086975,True,7.083210783253595,False,False,False,False,1 frame,D3 field above threshold but no peak kept (ridge into a neighbour)
6bba_5c824876,6bba,67001194,66,1,212,33,1.625,2.1214890480041504,0.24613270163536072,10.644827171103152,15752,6.901280599966571,8.104608046240173,,,7.853692054748535,21.493468969789753,False,23.216752101123017,67001198.0,True,0,0.6666666666666666,True,,1,True,0,,,0.9954753518104553,0.997092604637146,False,0.9974702596664429,False,"[2, -2, -2]",0.9992237091064453,False,10.65583760199075,False,False,False,False,1 frame,D3 field above threshold but no peak kept (ridge into a neighbour)
6bba_5c824876,6bba,68001208,67,27,252,41,43.875,2.446903705596924,0.28388693928718567,10.159285194595892,16001,5.732539674780569,8.387434920296073,,,7.941338539123535,11.61988467187844,False,24.861039581290644,68001206.0,True,0,0.6767676767676768,,False,2,False,1,,,0.8693202137947083,0.9947612881660461,False,0.9949725866317749,False,"[1, -2, 0]",0.9988116025924683,False,10.405076885828379,False,False,False,False,2 frames,D3 field above threshold but no peak kept (ridge into a neighbour)
6bba_5c824876,6bba,69001212,68,1,95,93,1.625,2.884824275970459,0.3380918800830841,7.342760038137115,16290,7.304051559678594,0.7529646679759026,,,7.595220565795898,8.957688886037692,False,20.49449716539784,69001216.0,True,2,0.6868686868686869,True,True,1,True,1,,,0.9739893674850464,0.9739893674850464,False,0.9972946047782898,False,"[0, -2, 2]",0.9993863105773926,False,7.267220926874317,False,False,False,False,1 frame,D3 field above threshold but no peak kept (ridge into a neighbour)
6bba_5c824876,6bba,69001218,68,27,250,45,43.875,2.764756917953491,0.3240204155445099,9.376666202744703,16232,5.39039944627247,7.67238312959671,,,8.183343887329102,12.535673331740858,False,26.633398030011115,69001215.0,True,1,0.6868686868686869,False,True,2,True,1,,,0.9945652484893799,0.9986584186553955,False,0.998991072177887,False,"[2, -2, 0]",0.9994902610778809,False,9.475296829123613,False,False,False,False,2 frames,D3 field above threshold but no peak kept (ridge into a neighbour)
6bba_5c824876,6bba,72001249,71,26,247,57,42.25,2.1720409393310547,0.25071850419044495,8.469664192011935,17032,6.019148533581682,5.958612460643053,,,8.091203689575195,12.207023665392118,False,28.72908546338536,72001248.0,True,1,0.7171717171717171,True,True,1,True,1,,,0.99363774061203,0.9989904761314392,False,0.9992626309394836,False,"[0, -2, 0]",0.9996321201324463,False,8.285906709588275,False,False,False,False,1 frame,D3 field above threshold but no peak kept (ridge into a neighbour)
6bba_5c824876,6bba,72001254,71,63,170,192,102.375,1.069693922996521,0.12347467988729477,7.01373607780556,17069,6.880879776790485,-1.3586711399257183,,,7.784107685089111,7.966537946935062,False,52.02062579220381,72001252.0,True,2,0.7171717171717171,,True,1,False,1,,,0.010319354012608528,0.1617133468389511,False,0.9919517040252686,False,"[-1, -2, 2]",0.9995837807655334,True,7.083210783253595,False,False,False,True,1 frame,D3 field above threshold but no peak kept (ridge into a neighbour)
6bba_5c824876,6bba,75001287,74,61,153,187,99.125,1.6473709344863892,0.1974322646856308,6.157503170028249,17727,5.190592913696173,-3.312490074429661,,,9.153535842895508,7.9926268274635515,False,40.122201031660765,75001288.0,True,3,0.7474747474747475,True,True,1,True,1,,,0.42961880564689636,0.6185790300369263,False,0.9846636056900024,False,"[-2, -2, 0]",0.9998941421508789,True,5.859020822628983,True,False,False,True,1 frame,"D5 local-metric truncation artefact (detection 5.6-7 um away, mostly in z)"
6bba_5c824876,6bba,94001464,93,10,31,179,16.25,3.2985572814941406,0.7090538144111633,8.614437931668654,23764,7.387401985652911,-4.431120939552784,,,7.410364627838135,8.984574946831728,False,19.372630903545343,94001466.0,True,2,0.9393939393939394,True,True,1,True,1,,,0.9992249011993408,0.999401330947876,False,0.9994309544563293,False,"[-2, 1, 0]",0.9994309544563293,False,8.75089281159357,False,False,False,False,1 frame,D3 field above threshold but no peak kept (ridge into a neighbour)
6bba_5c824876,6bba,96001483,95,9,29,192,14.625,3.8822338581085205,0.8733882904052734,7.44088099737525,24406,7.3762136135647465,-0.978868093341589,,,8.0266752243042,10.424807286628079,False,55.3007579344533,96001482.0,True,1,0.9595959595959596,True,True,1,True,1,,,0.9984620809555054,0.9994751811027527,False,0.9994751811027527,False,"[1, -1, 0]",0.9996733665466309,True,7.083210783253595,False,False,False,False,1 frame,D3 field above threshold but no peak kept (ridge into a neighbour)
6bba_5c824876,6bba,99001512,98,9,17,211,14.625,2.628415822982788,0.6253710389137268,8.347519334244309,25522,3.2708250607442086,7.680024899542332,,,8.028364181518555,8.444037245668328,False,57.58011572203116,99001513.0,True,4,0.98989898989899,True,False,2,True,1,,,0.998817503452301,0.9994656443595886,False,0.9995924830436707,False,"[2, -1, 1]",0.999640703201294,False,8.285906709588275,False,False,False,False,2 frames,D3 field above threshold but no peak kept (ridge into a neighbour)
6bba_5c824876,6bba,100001522,99,10,14,216,16.25,2.5671498775482178,0.6259128451347351,7.166699558335013,25882,1.299183276156131,-7.04795753210783,,,8.135795593261719,9.603610722098813,False,57.801823338455335,100001520.0,True,4,1.0,False,,2,True,0,,,0.999677300453186,0.9996863603591919,False,0.9996936321258545,False,"[-2, 0, 0]",0.9996936321258545,False,6.700046641628698,False,False,False,False,2 frames,D3 field above threshold but no peak kept (ridge into a neighbour)
6bba_61dd1e0d,6bba,58000323,57,6,236,220,9.75,4.126522064208984,0.1348632425069809,7.031548206789173,4954,5.792516470157974,-3.9861539267003536,,,6.275704383850098,9.713782077383868,False,39.70665138314361,58000324.0,True,2,0.5757575757575758,True,True,1,True,1,,,0.9428843259811401,0.9858489036560059,False,0.9973375201225281,False,"[-2, -1, 2]",0.9981217980384827,True,6.700046641628698,False,False,False,False,1 frame,D3 field above threshold but no peak kept (ridge into a neighbour)
6bba_61dd1e0d,6bba,60000339,59,6,234,210,9.75,3.6932642459869385,0.12660746276378632,8.01829626061267,5176,7.279735803028676,-3.3613273510709405,,,7.1011810302734375,10.805514674639669,False,37.15577691036079,60000338.0,True,1,0.5959595959595959,True,False,7,True,1,,,0.28563961386680603,0.7700722217559814,False,0.9875757694244385,False,"[2, -2, -2]",0.996711015701294,False,8.75089281159357,False,False,False,False,>=3 frames,D3 field above threshold but no peak kept (ridge into a neighbour)
6bba_61dd1e0d,6bba,61000347,60,8,228,200,13.0,8.471380233764648,0.29792776703834534,8.32587203527005,5250,6.8996870699789525,4.659878054633737,,,9.48625373840332,12.950452617589667,False,34.28904024976494,61000346.0,True,1,0.6060606060606061,False,False,7,True,1,,,0.7319401502609253,0.9957101345062256,False,0.9975236058235168,False,"[2, -1, -1]",0.9999240636825562,True,8.443747686898277,False,False,True,False,>=3 frames,D3 field above threshold but no peak kept (ridge into a neighbour)
6bba_61dd1e0d,6bba,62000355,61,8,228,200,13.0,8.471380233764648,0.29792776703834534,8.30411392547366,5367,6.907362390137699,4.609409170225263,,,9.399531364440918,12.95743002762966,False,34.28904024976494,62000354.0,True,1,0.6161616161616161,False,False,7,True,1,,,0.7307083010673523,0.9956525564193726,False,0.9973769187927246,False,"[2, -1, -1]",0.9999172687530518,True,8.443747686898277,False,False,True,False,>=3 frames,D3 field above threshold but no peak kept (ridge into a neighbour)
6bba_61dd1e0d,6bba,63000363,62,12,229,185,19.5,4.038730144500732,0.15064536035060883,10.234585575603637,5480,10.171447849795502,1.1350729241967201,,,10.31611156463623,11.491392176121206,False,29.45802760921036,63000364.0,True,0,0.6262626262626263,False,False,7,True,1,,,0.3424902856349945,0.9517430663108826,False,0.9983648657798767,False,"[0, -1, 2]",0.9994392991065979,False,9.613629647536875,False,False,False,False,>=3 frames,D3 field above threshold but no peak kept (ridge into a neighbour)
6bba_61dd1e0d,6bba,64000370,63,12,230,184,19.5,5.238379955291748,0.19911426305770874,10.016080180459221,5590,9.979152325834104,0.8592910096049309,,,10.415205955505371,10.720493109152294,False,30.522868603925485,64000371.0,True,0,0.6363636363636364,False,False,7,True,1,,,0.9118806719779968,0.9983199238777161,False,0.9994003772735596,False,"[0, -1, 2]",0.9996583461761475,False,9.613629647536875,False,False,False,False,>=3 frames,D3 field above threshold but no peak kept (ridge into a neighbour)
6bba_61dd1e0d,6bba,65000377,64,13,230,183,21.125,7.591111183166504,0.2993297874927521,8.008394019836759,5707,7.963370418254795,0.8480013906955719,,,9.97983455657959,11.94080725602706,False,32.70501741419044,65000378.0,True,1,0.6464646464646465,False,False,7,True,1,,,0.9423511028289795,0.9977473616600037,False,0.9981222748756409,False,"[0, -1, 2]",0.9997981190681458,False,8.285906709588275,False,False,False,False,>=3 frames,D3 field above threshold but no peak kept (ridge into a neighbour)
6bba_61dd1e0d,6bba,66000385,65,13,233,173,21.125,3.655111074447632,0.15581290423870087,9.20000552851282,5848,7.420525579181273,-5.43837308883667,,,9.496986389160156,10.679100861378267,False,31.352394745058948,66000384.0,True,1,0.6565656565656566,False,True,7,True,1,,,0.41918376088142395,0.8144590258598328,False,0.9890497922897339,False,"[-2, -2, 2]",0.999924898147583,True,8.443747686898277,False,False,False,False,>=3 frames,D3 field above threshold but no peak kept (ridge into a neighbour)
6bba_61dd1e0d,6bba,68000397,67,15,234,164,24.375,3.1084654331207275,0.13913558423519135,8.847008671627233,6121,8.653860281598579,-1.8385496083647013,,,8.30711555480957,9.352103011007063,False,30.973731940347452,68000398.0,True,2,0.6767676767676768,True,False,3,True,1,,,0.6243414282798767,0.8932321071624756,False,0.9214577078819275,False,"[-2, -2, 2]",0.9996656179428101,False,8.285906709588275,False,False,False,False,>=3 frames,"D1 sustained miss (>=3 frames), field below threshold"
6bba_61dd1e0d,6bba,69000404,68,15,236,165,24.375,3.1187400817871094,0.14070336520671844,8.71400562402481,6265,8.62774490133396,-1.2230747863650322,,,8.068955421447754,9.798649520023192,False,32.90625,69000405.0,True,2,0.6868686868686869,False,False,3,True,1,,,0.6531273722648621,0.9018879532814026,False,0.9018879532814026,False,"[1, 1, 1]",0.9935539960861206,False,9.613629647536875,False,False,False,False,>=3 frames,"D1 sustained miss (>=3 frames), field below threshold"
6bba_61dd1e0d,6bba,70000411,69,15,236,165,24.375,3.1187400817871094,0.14070336520671844,8.731824313174524,6409,8.636956464133238,-1.2836428135633469,,,8.014120101928711,9.819687350808493,False,32.90625,70000412.0,True,2,0.696969696969697,False,True,3,True,1,,,0.6554893851280212,0.9027048945426941,False,0.9027048945426941,False,"[1, 1, 1]",0.9932696223258972,False,9.613629647536875,False,False,False,False,>=3 frames,"D1 sustained miss (>=3 frames), field below threshold"
6bba_61dd1e0d,6bba,96000617,95,7,193,197,11.375,5.884860992431641,0.6020745635032654,7.570777383680224,10814,7.450361277351292,-1.3449115324765444,,,8.325591087341309,8.723683480843599,False,31.01366886148751,96000618.0,True,2,0.9595959595959596,True,False,2,True,1,,,0.9558314085006714,0.9959243535995483,False,0.9996650218963623,False,"[-1, 2, -1]",0.9998873472213745,True,7.44668550430324,False,False,False,False,2 frames,D3 field above threshold but no peak kept (ridge into a neighbour)
6bba_61dd1e0d,6bba,97000627,96,7,193,198,11.375,4.601212024688721,0.46747660636901855,6.735455979661923,11040,5.366784965564511,-4.069887761026621,,,8.086631774902344,7.18903456483258,False,32.91377228835978,97000628.0,True,3,0.9696969696969697,False,True,2,True,1,,,0.8831098079681396,0.9768829345703125,False,0.998553454875946,False,"[-2, 2, 0]",0.9998249411582947,True,6.894291116568838,True,False,False,False,2 frames,"D5 local-metric truncation artefact (detection 5.6-7 um away, mostly in z)"
6bba_61dd1e0d,6bba,99000648,98,9,198,196,14.625,4.88664436340332,0.5120995044708252,6.817664467026617,11408,4.3211071333564774,-5.273384295403957,,,8.805784225463867,8.202452813595983,False,32.40082524508442,99000649.0,True,3,0.98989898989899,True,False,2,True,1,,,0.8516137003898621,0.9804083108901978,False,0.9996815919876099,False,"[-2, 2, -1]",0.9998501539230347,True,7.083210783253595,True,False,False,False,2 frames,"D5 local-metric truncation artefact (detection 5.6-7 um away, mostly in z)"
6bba_61dd1e0d,6bba,100000658,99,9,198,196,14.625,4.88664436340332,0.5120995044708252,6.827960360298928,11614,4.325084999568526,-5.283434718847275,,,8.822469711303711,8.207524036189414,False,32.40082524508442,100000659.0,True,3,1.0,False,,2,True,0,,,0.850951611995697,0.9800787568092346,False,0.9996800422668457,False,"[-2, 2, -1]",0.9998526573181152,True,7.083210783253595,True,False,False,False,2 frames,"D5 local-metric truncation artefact (detection 5.6-7 um away, mostly in z)"
6bba_7af54fde,6bba,2000023,1,40,11,78,65.0,6.196980953216553,0.6238176822662354,7.8277943689829055,242,6.91982703897919,3.659283868968487,,,5.481599807739258,10.84309874758076,False,16.818946254893618,2000024.0,True,1,0.010101010101010102,,True,1,False,1,,,0.9852393865585327,0.9967660903930664,False,0.9982497096061707,False,"[-2, 2, 0]",0.9982497096061707,False,7.44668550430324,False,False,False,False,1 frame,D3 field above threshold but no peak kept (ridge into a neighbour)
6bba_7af54fde,6bba,4000060,3,49,67,139,79.625,6.024444580078125,0.6178917288780212,9.341183467482473,452,8.172860380098395,4.523501053452492,,,6.671431541442871,9.518204818381113,False,25.88867769532658,4000065.0,True,4,0.030303030303030304,True,False,2,True,1,,,0.9904693961143494,0.9936601519584656,False,0.9975778460502625,False,"[-1, -2, -2]",0.9988666772842407,False,8.900491559458949,False,False,False,False,2 frames,D3 field above threshold but no peak kept (ridge into a neighbour)
6bba_7af54fde,6bba,4000061,3,51,214,243,82.875,5.997777938842773,0.6151567101478577,8.697896952133421,417,8.175438122744637,2.9691114649176598,,,7.4446892738342285,13.254024543160696,False,40.39890207743893,4000064.0,True,1,0.030303030303030304,True,False,4,True,1,,,0.9876206517219543,0.997246503829956,False,0.997246503829956,False,"[-1, -1, 1]",0.998573899269104,False,9.334914300624297,False,False,False,False,>=3 frames,D3 field above threshold but no peak kept (ridge into a neighbour)
6bba_7af54fde,6bba,5000077,4,49,69,139,79.625,5.326605319976807,0.55137699842453,8.59123977999267,547,8.27902663502432,2.295020464807749,,,7.27978515625,8.678828482814131,False,24.91409067300069,5000072.0,True,2,0.04040404040404041,False,True,2,True,1,,,0.9856233596801758,0.9942516088485718,False,0.9981426000595093,False,"[-1, -2, -2]",0.999222993850708,False,8.285906709588275,False,False,False,False,2 frames,D3 field above threshold but no peak kept (ridge into a neighbour)
6bba_7af54fde,6bba,5000078,4,50,215,243,81.25,6.193394660949707,0.6411016583442688,9.558058719494403,552,8.435916200619022,4.493529163300991,,,7.119446754455566,10.24680034941376,False,40.627031199221285,5000082.0,True,1,0.04040404040404041,False,False,4,True,1,,,0.9974498152732849,0.9976309537887573,False,0.9986465573310852,False,"[-2, 0, 0]",0.9986483454704285,False,10.017172754824587,False,False,False,False,>=3 frames,D3 field above threshold but no peak kept (ridge into a neighbour)
6bba_7af54fde,6bba,6000093,5,42,16,82,68.25,6.263030529022217,0.6542577147483826,9.898482689284469,670,9.296521239741132,3.3992134956642985,,,7.20150089263916,9.97590895443244,False,17.2787633834861,6000091.0,True,2,0.050505050505050504,True,False,4,True,1,,,0.9935814142227173,0.9945507645606995,False,0.9972255229949951,False,"[-2, 0, 0]",0.9977893829345703,False,9.884489111734608,False,False,False,False,>=3 frames,D3 field above threshold but no peak kept (ridge into a neighbour)
6bba_7af54fde,6bba,6000096,5,50,217,243,81.25,5.876121520996094,0.613839864730835,9.092767999575369,674,8.62161570959004,2.888974290341139,,,7.057469844818115,10.406268883405561,False,41.24788110088202,6000099.0,True,1,0.050505050505050504,False,False,4,True,1,,,0.9921547770500183,0.9970752000808716,False,0.9984210729598999,False,"[2, -1, -1]",0.9987128973007202,False,9.334914300624297,False,False,False,False,>=3 frames,D3 field above threshold but no peak kept (ridge into a neighbour)
6bba_7af54fde,6bba,7000108,6,41,17,83,66.625,6.318043231964111,0.6540044546127319,8.914444794333651,785,3.4719334614171147,-8.210542249493301,,,7.408755302429199,10.478351797531738,False,17.086664436410636,7000107.0,True,1,0.06060606060606061,False,False,4,True,1,,,0.9941105246543884,0.9978306889533997,False,0.9978306889533997,False,"[-1, 1, 0]",0.9987778067588806,False,8.900491559458949,False,False,False,False,>=3 frames,D3 field above threshold but no peak kept (ridge into a neighbour)
6bba_7af54fde,6bba,7000112,6,50,220,242,81.25,6.1329665184021,0.6348465085029602,13.59404187889113,760,4.042780881995304,-12.978979056351818,,,8.538822174072266,16.273061725928823,False,40.99704638751431,7000116.0,True,0,0.06060606060606061,False,True,4,True,1,,,0.9957558512687683,0.9987032413482666,False,0.9990110397338867,False,"[-2, -1, 0]",0.9991241097450256,False,13.788582233137676,False,False,False,False,>=3 frames,D3 field above threshold but no peak kept (ridge into a neighbour)
6bba_7af54fde,6bba,8000127,7,42,20,83,68.25,6.159151554107666,0.6434061527252197,8.815574647741975,912,8.110098081939759,3.455526800826192,,,7.378971576690674,10.16013274035873,False,17.44511482478691,8000123.0,True,1,0.0707070707070707,False,False,4,True,1,,,0.9914183616638184,0.9941344857215881,False,0.9976392984390259,False,"[-2, 0, 0]",0.9981237053871155,False,9.334914300624297,False,False,False,False,>=3 frames,D3 field above threshold but no peak kept (ridge into a neighbour)
6bba_7af54fde,6bba,8000135,7,55,20,116,89.375,8.935029983520508,0.9333840012550354,6.779960356811066,893,4.192892151860104,-5.327993791550398,,,7.935646057128906,8.718485947416482,False,22.01260292423411,8000126.0,True,2,0.0707070707070707,True,False,2,True,1,,,0.9939886331558228,0.9981175661087036,False,0.9994301199913025,False,"[-2, -2, 1]",0.9996423721313477,True,7.083210783253595,True,False,True,False,2 frames,"D5 local-metric truncation artefact (detection 5.6-7 um away, mostly in z)"
6bba_7af54fde,6bba,9000144,8,42,21,82,68.25,5.900969982147217,0.6164355874061584,9.664159505727358,1045,9.049023314477825,3.3928094562143087,,,7.2898454666137695,12.12764703852431,False,18.65656406770818,9000142.0,True,1,0.08080808080808081,False,,4,True,0,,,0.9941322207450867,0.9957643747329712,False,0.9980173110961914,False,"[-2, 1, 0]",0.9980173110961914,False,9.334914300624297,False,False,False,False,>=3 frames,D3 field above threshold but no peak kept (ridge into a neighbour)
6bba_7af54fde,6bba,9000146,8,48,224,244,78.0,6.563879013061523,0.6856853365898132,11.550705773007385,1096,10.98874343993709,-3.558977587148547,,,5.372973442077637,11.67128418351689,False,42.376762961114665,9000151.0,True,0,0.08080808080808081,True,False,3,True,1,,,0.9984893798828125,0.9989882111549377,False,0.9995760321617126,False,"[-2, -1, 0]",0.9996452331542969,False,10.779030568655049,False,False,False,False,>=3 frames,D3 field above threshold but no peak kept (ridge into a neighbour)
6bba_7af54fde,6bba,9000152,8,56,22,115,91.0,8.738424301147461,0.9128458499908447,8.035211525565243,1015,4.838017974035391,-6.415466182865202,,,8.268378257751465,9.846693714258594,False,25.177669452562522,9000143.0,True,2,0.08080808080808081,False,True,2,True,1,,,0.9985383749008179,0.9985383749008179,False,0.9993996620178223,False,"[-2, -2, 2]",0.9996408224105835,False,7.960841664045329,False,False,True,False,2 frames,D3 field above threshold but no peak kept (ridge into a neighbour)
6bba_7af54fde,6bba,10000166,9,49,225,243,79.625,6.02486515045166,0.6350997090339661,8.052466532812849,1204,6.416358601946424,4.865445462986827,,,6.585406303405762,8.091839735725282,False,41.117638018859985,10000168.0,True,2,0.09090909090909091,False,False,3,True,1,,,0.9839582443237305,0.9969910383224487,False,0.9987414479255676,False,"[-2, 0, 1]",0.9994613528251648,True,8.285906709588275,False,False,False,False,>=3 frames,D3 field above threshold but no peak kept (ridge into a neighbour)
6bba_7af54fde,6bba,11000178,10,42,24,84,68.25,5.8623809814453125,0.6235390901565552,7.285453829684288,1321,2.2026818890759876,-6.9444963820278645,,,6.832399368286133,10.955786859819577,False,18.113466157806464,11000179.0,True,1,0.10101010101010101,,True,1,False,1,,,0.9935643076896667,0.9962708950042725,False,0.9982913136482239,False,"[-2, 0, -1]",0.9983525276184082,False,6.894291116568838,False,False,False,False,1 frame,D3 field above threshold but no peak kept (ridge into a neighbour)
6bba_7af54fde,6bba,11000183,10,49,226,242,79.625,5.234523773193359,0.556758463382721,7.24822572514306,1292,5.113914206173787,5.136599814519286,,,7.457916259765625,7.936744493443331,False,40.14276281286578,11000185.0,True,2,0.10101010101010101,False,True,3,True,1,,,0.978201150894165,0.9937868118286133,False,0.9983477592468262,False,"[1, -2, -2]",0.9994235038757324,True,7.083210783253595,False,False,False,False,>=3 frames,D3 field above threshold but no peak kept (ridge into a neighbour)
6bba_7af54fde,6bba,14000226,13,49,228,242,79.625,5.757286071777344,0.617828369140625,7.175661012589015,1719,5.206809974340162,4.937533884309232,,,6.250634670257568,8.481453792211529,False,37.386037772308796,14000229.0,True,2,0.13131313131313133,True,False,8,True,1,,,0.980404794216156,0.9977491497993469,False,0.9986610412597656,False,"[-2, -1, 1]",0.9995286464691162,True,6.700046641628698,False,False,False,False,>=3 frames,D3 field above threshold but no peak kept (ridge into a neighbour)
6bba_7af54fde,6bba,15000241,14,46,31,84,74.75,5.875321865081787,0.6360747218132019,6.961027342626155,1841,0.18929838924843756,-6.958452973514795,,,6.685934543609619,10.8166166750902,False,21.54657473503619,15000246.0,True,1,0.1414141414141414,True,True,1,True,1,,,0.9959216117858887,0.9964878559112549,False,0.9976295232772827,False,"[-2, 0, 0]",0.9981662631034851,False,6.5,True,False,False,False,1 frame,"D5 local-metric truncation artefact (detection 5.6-7 um away, mostly in z)"
6bba_7af54fde,6bba,15000245,14,48,227,243,78.0,6.708069801330566,0.7262297868728638,11.468332061681174,1810,6.7393172601341345,9.27923720702529,,,7.33408784866333,11.739520635160758,False,36.86145143049172,15000247.0,True,0,0.1414141414141414,False,False,8,True,1,,,0.9950369000434875,0.997886598110199,False,0.9991124272346497,False,"[-2, 0, 1]",0.9996310472488403,False,11.375,False,False,False,False,>=3 frames,D3 field above threshold but no peak kept (ridge into a neighbour)
6bba_7af54fde,6bba,16000258,15,47,226,240,76.375,7.296401500701904,0.7829946279525757,8.137772515934696,1885,2.4474783779351807,-7.761004516854882,,,10.931425094604492,8.932900281961212,False,35.3904145965048,16000263.0,True,2,0.15151515151515152,False,False,8,True,1,,,0.9990997314453125,0.9997238516807556,False,0.9998890161514282,False,"[-2, 0, 0]",0.9999401569366455,False,8.443747686898277,False,False,False,False,>=3 frames,D3 field above threshold but no peak kept (ridge into a neighbour)
6bba_7af54fde,6bba,17000275,16,48,228,240,78.0,6.375357151031494,0.6781006455421448,10.26405407865041,2062,7.5452821629210485,6.9584138430655,,,7.595958709716797,12.380274465567288,False,34.588555391379096,17000279.0,True,0,0.16161616161616163,False,False,8,True,1,,,0.9965169429779053,0.998852014541626,False,0.9993919134140015,False,"[-2, -1, 0]",0.9997066855430603,False,9.334914300624297,False,False,False,False,>=3 frames,D3 field above threshold but no peak kept (ridge into a neighbour)
6bba_7af54fde,6bba,18000291,17,48,228,240,78.0,6.375357151031494,0.6781006455421448,10.266034783392834,2190,7.54518104864513,6.96144475787878,,,7.607064723968506,12.449121195030965,False,34.588555391379096,18000295.0,True,0,0.1717171717171717,False,False,8,True,1,,,0.9965469241142273,0.9988634586334229,False,0.9994016885757446,False,"[-2, -1, 0]",0.9997093081474304,False,9.334914300624297,False,False,False,False,>=3 frames,D3 field above threshold but no peak kept (ridge into a neighbour)
6bba_7af54fde,6bba,19000306,18,47,234,238,76.375,6.472857475280762,0.6884710788726807,8.21065207500555,2349,2.835393146694216,7.705540422350168,,,6.75640869140625,11.71892751281136,False,33.12868493654706,19000310.0,True,1,0.18181818181818182,False,False,8,True,1,,,0.9964228272438049,0.9986035227775574,False,0.9987618923187256,False,"[-2, 0, 0]",0.9994508624076843,False,8.443747686898277,False,False,False,False,>=3 frames,D3 field above threshold but no peak kept (ridge into a neighbour)
6bba_7af54fde,6bba,20000320,19,46,236,239,74.75,6.368613243103027,0.6834314465522766,9.605054699371648,2407,4.168109876200888,-8.6535504758358,,,12.136962890625,13.275918030311935,False,31.7213361014712,20000324.0,True,1,0.1919191919191919,False,False,8,True,1,,,0.9931257963180542,0.9986093044281006,False,0.9996080994606018,False,"[-2, -2, 1]",0.9999169111251831,False,9.613629647536875,False,False,False,False,>=3 frames,D3 field above threshold but no peak kept (ridge into a neighbour)
6bba_7af54fde,6bba,21000335,20,46,238,237,74.75,6.560119152069092,0.6977524757385254,11.692012825768986,2653,6.309606494061312,9.84337491961196,,,6.072684288024902,12.513451324768111,False,32.26811809375471,21000337.0,True,0,0.20202020202020202,False,True,8,True,1,,,0.9985682964324951,0.9992758631706238,False,0.999448835849762,False,"[-2, -1, 1]",0.9998252987861633,False,11.375,False,False,False,False,>=3 frames,D3 field above threshold but no peak kept (ridge into a neighbour)
6bba_7af54fde,6bba,24000376,23,42,245,237,68.25,6.120848655700684,0.6394048929214478,7.010680610911978,2948,4.6431788296379315,-5.252669129520655,,,11.044364929199219,9.485416263292448,False,30.96040818529368,24000377.0,True,2,0.23232323232323232,True,,1,True,0,,,0.9977721571922302,0.9995571970939636,False,0.9999390840530396,False,"[-2, -2, 0]",0.9999840259552002,True,7.083210783253595,False,False,False,False,1 frame,D3 field above threshold but no peak kept (ridge into a neighbour)
6bba_7af54fde,6bba,24000379,23,58,146,145,94.25,5.5704240798950195,0.5819056630134583,7.0477817429448875,3010,3.267667744928574,-6.244483565911651,,,7.106743335723877,10.068638405706514,False,30.792034912660448,24000377.0,True,1,0.23232323232323232,True,True,1,True,1,,,0.9986169338226318,0.9986169338226318,False,0.9989156723022461,False,"[-2, -1, -1]",0.9989494681358337,False,7.44668550430324,False,False,False,False,1 frame,D3 field above threshold but no peak kept (ridge into a neighbour)
6bba_7af54fde,6bba,27000425,26,45,41,87,73.125,5.194814682006836,0.5328015089035034,6.613531038848335,3402,6.3461236551666875,-1.8615873213857412,,,7.013847351074219,7.46809564525828,False,17.31692745733203,27000432.0,True,2,0.26262626262626265,True,False,2,True,1,,,0.972195029258728,0.9977573752403259,False,0.9985248446464539,False,"[1, 0, 2]",0.9991012811660767,True,6.080193253507654,True,False,False,False,2 frames,"D5 local-metric truncation artefact (detection 5.6-7 um away, mostly in z)"
6bba_7af54fde,6bba,28000444,27,45,44,88,73.125,4.734074115753174,0.4855460524559021,6.872160217318309,3533,6.658550325270266,-1.7000863561406732,,,7.0473222732543945,9.058181256119363,False,18.42512826447892,28000453.0,True,2,0.2727272727272727,False,True,2,True,1,,,0.9792774319648743,0.9910247325897217,False,0.9947722554206848,False,"[2, 2, 2]",0.9983360171318054,False,6.894291116568838,True,False,False,False,2 frames,"D5 local-metric truncation artefact (detection 5.6-7 um away, mostly in z)"
6bba_7af54fde,6bba,29000475,28,54,86,83,87.75,5.190654277801514,0.5274454355239868,9.874318215472483,3708,9.874269822127044,-0.030914401868358254,,,5.79762601852417,11.17443210341381,False,22.984560884700407,29000466.0,True,1,0.2828282828282828,True,False,4,True,1,,,0.9799776673316956,0.994699239730835,False,0.9992321729660034,False,"[-1, 2, -2]",0.9999516010284424,False,10.405076885828379,False,False,False,False,>=3 frames,D3 field above threshold but no peak kept (ridge into a neighbour)
6bba_7af54fde,6bba,30000503,29,56,91,83,91.0,5.125157356262207,0.5159227848052979,8.922615910818429,3856,1.5256575284348821,8.791214011609554,,,5.760439872741699,9.922677212736478,False,22.71006539648224,30000495.0,True,2,0.29292929292929293,False,False,4,True,1,,,0.9693896174430847,0.9925246834754944,False,0.9989219903945923,False,"[-2, 2, -2]",0.9999268054962158,False,8.285906709588275,False,False,False,False,>=3 frames,D3 field above threshold but no peak kept (ridge into a neighbour)
6bba_7af54fde,6bba,31000523,30,56,94,81,91.0,5.023925304412842,0.5105032920837402,7.41171522044795,3994,2.9450163061812438,6.801499942317605,,,6.039139747619629,10.946555123761543,False,23.01326468718639,31000515.0,True,1,0.30303030303030304,False,False,4,True,1,,,0.9571533799171448,0.9874963760375977,False,0.9978156089782715,False,"[2, 0, -2]",0.9998297691345215,False,6.894291116568838,False,False,False,False,>=3 frames,D3 field above threshold but no peak kept (ridge into a neighbour)
6bba_7af54fde,6bba,32000538,31,54,191,157,87.75,4.795597553253174,0.4827477037906647,7.220227634243987,4076,2.505012383874507,-6.771750146523118,,,7.311592102050781,8.525620733416421,False,24.40883068942468,32000534.0,True,2,0.31313131313131315,,True,1,False,1,,,0.9802147150039673,0.9966760873794556,False,0.9984821677207947,False,"[-2, 2, 2]",0.9985051155090332,False,7.267220926874317,False,False,False,False,1 frame,D3 field above threshold but no peak kept (ridge into a neighbour)
6bba_7af54fde,6bba,32000539,31,57,99,82,92.625,5.606415271759033,0.564368486404419,11.842636481051054,4095,11.730832705406307,-1.6234539907527505,,,6.830133438110352,12.42318610549254,False,24.432484299851705,32000533.0,True,0,0.31313131313131315,False,True,4,True,1,,,0.9932841062545776,0.9976859092712402,False,0.9992356300354004,False,"[-2, 1, -2]",0.9997982382774353,False,11.830178570080843,False,False,False,False,>=3 frames,D3 field above threshold but no peak kept (ridge into a neighbour)
6bba_7af54fde,6bba,35000595,34,58,111,79,94.25,6.070384502410889,0.5995441675186157,7.338062723616245,4507,2.629815477448732,6.8506375681608915,,,6.281489372253418,11.963016491662174,False,26.453083468662022,35000590.0,True,1,0.3434343434343434,True,False,10,True,1,,,0.9961896538734436,0.9977800250053406,False,0.999500036239624,False,"[-2, 2, -2]",0.9999803304672241,False,7.267220926874317,False,False,False,False,>=3 frames,D3 field above threshold but no peak kept (ridge into a neighbour)
6bba_7af54fde,6bba,36000611,35,55,209,156,89.375,5.4088029861450195,0.5290662050247192,7.521600309051632,4644,6.611070967287346,3.587228996679187,,,6.434823036193848,8.627072626724344,False,26.577569254918703,36000607.0,True,3,0.35353535353535354,True,True,1,True,1,,,0.9918698072433472,0.9966191053390503,False,0.9970226883888245,False,"[-2, 1, 0]",0.9984069466590881,True,7.621925609713073,False,False,False,False,1 frame,D3 field above threshold but no peak kept (ridge into a neighbour)
6bba_7af54fde,6bba,36000613,35,58,115,77,94.25,6.022783279418945,0.5891231298446655,8.829933741827874,4650,3.4571816390045838,8.125,,,6.216024398803711,10.928178835938313,False,26.45620275214302,36000608.0,True,1,0.35353535353535354,False,False,10,True,1,,,0.9947441816329956,0.9988749623298645,False,0.9998258948326111,False,"[-2, 2, -2]",0.9999947547912598,False,8.900491559458949,False,False,False,False,>=3 frames,D3 field above threshold but no peak kept (ridge into a neighbour)
6bba_7af54fde,6bba,37000637,36,58,120,76,94.25,6.08079195022583,0.5832478404045105,8.576407319393978,4792,2.745748988555688,8.125,,,6.334042072296143,10.089422356479233,False,25.580849923575645,37000626.0,True,1,0.36363636363636365,False,False,10,True,1,,,0.9907762408256531,0.9972859621047974,False,0.999607503414154,False,"[-1, 1, -2]",0.9999816417694092,False,8.443747686898277,False,False,False,False,>=3 frames,D3 field above threshold but no peak kept (ridge into a neighbour)
6bba_7af54fde,6bba,38000657,37,58,127,75,94.25,6.798933029174805,0.6456726789474487,8.80866895765673,4823,7.576942949417866,-4.492503127083182,,,12.527040481567383,8.963556485549429,False,24.777919858212474,38000648.0,True,2,0.37373737373737376,False,False,10,True,1,,,0.998737633228302,0.9998167157173157,False,0.9999812841415405,False,"[-1, 2, -2]",0.9999961853027344,False,8.900491559458949,False,False,False,False,>=3 frames,D3 field above threshold but no peak kept (ridge into a neighbour)
6bba_7af54fde,6bba,39000666,38,47,36,28,76.375,5.807619094848633,0.5405001640319824,5.94865010318684,4977,2.9334588662516112,-5.175061075016856,,,7.625781059265137,9.228879862490956,False,27.92507064113715,39000668.0,True,2,0.3838383838383838,True,True,1,True,1,,,0.9987325072288513,0.9994251728057861,False,0.9994251728057861,False,"[-1, -1, -1]",0.9995124340057373,True,6.080193253507654,True,False,False,False,1 frame,"D5 local-metric truncation artefact (detection 5.6-7 um away, mostly in z)"
6bba_7af54fde,6bba,39000675,38,59,133,73,95.875,7.605442047119141,0.7078189253807068,7.6735463918557105,4932,6.747714132421219,-3.653993461281061,,,13.78252124786377,7.886791728694285,False,26.167672237180366,39000668.0,True,2,0.3838383838383838,False,False,10,True,1,,,0.9988477230072021,0.9998551607131958,False,0.9999954700469971,False,"[-2, 2, -2]",0.999998927116394,True,6.700046641628698,False,False,False,False,>=3 frames,D3 field above threshold but no peak kept (ridge into a neighbour)
6bba_7af54fde,6bba,40000690,39,59,136,73,95.875,7.711752414703369,0.7103893160820007,7.469106356637296,5038,6.6003964917781195,-3.4960428941994905,,,13.926036834716797,13.170029581702378,False,35.6066016087607,40000682.0,True,1,0.3939393939393939,False,False,10,True,1,,,0.9995297193527222,0.9999234676361084,False,0.9999967813491821,False,"[-2, 2, -2]",0.9999990463256836,True,6.700046641628698,False,False,False,False,>=3 frames,D3 field above threshold but no peak kept (ridge into a neighbour)
6bba_7af54fde,6bba,41000703,40,60,146,74,97.5,7.087801456451416,0.6327192187309265,7.7790091950200235,5150,6.0325540603456025,-4.911341523984447,,,10.98546314239502,9.862391099340803,False,35.78921854501017,41000696.0,True,2,0.40404040404040403,False,False,10,True,1,,,0.9991201758384705,0.9997755885124207,False,0.999950647354126,False,"[-2, 2, -2]",0.9999830722808838,True,7.621925609713073,False,False,False,False,>=3 frames,D3 field above threshold but no peak kept (ridge into a neighbour)
6bba_7af54fde,6bba,42000718,41,60,146,74,97.5,7.087801456451416,0.6327192187309265,8.135029633372788,5278,6.42262748068783,-4.992851227521896,,,11.166985511779785,9.856871813786546,False,35.78921854501017,42000711.0,True,2,0.41414141414141414,False,False,10,True,1,,,0.9990015625953674,0.999657392501831,False,0.999930739402771,False,"[-2, 2, -2]",0.9999858140945435,True,7.621925609713073,False,False,False,False,>=3 frames,D3 field above threshold but no peak kept (ridge into a neighbour)
6bba_7af54fde,6bba,43000733,42,60,146,74,97.5,7.087801456451416,0.6327192187309265,8.135029633372788,5408,6.42262748068783,-4.992851227521896,,,11.166985511779785,9.856871813786546,False,35.78921854501017,43000726.0,True,2,0.42424242424242425,False,False,10,True,1,,,0.9990015625953674,0.999657392501831,False,0.999930739402771,False,"[-2, 2, -2]",0.9999858140945435,True,7.621925609713073,False,False,False,False,>=3 frames,D3 field above threshold but no peak kept (ridge into a neighbour)
6bba_7af54fde,6bba,44000748,43,60,146,74,97.5,7.087801456451416,0.6327192187309265,8.135029633372788,5538,6.42262748068783,-4.992851227521896,,,11.166985511779785,9.856871813786546,False,35.78921854501017,44000741.0,True,2,0.43434343434343436,False,,10,True,0,,,0.9990015625953674,0.999657392501831,False,0.999930739402771,False,"[-2, 2, -2]",0.9999858140945435,True,7.621925609713073,False,False,False,False,>=3 frames,D3 field above threshold but no peak kept (ridge into a neighbour)
6bba_7af54fde,6bba,45000764,44,62,166,87,100.75,4.488771915435791,0.32397595047950745,8.34390234710935,5795,8.071071576658222,-2.1162490360438824,,,5.1608686447143555,11.38134568047283,False,15.400036779582702,45000761.0,True,1,0.4444444444444444,,False,2,False,1,,,0.9932273030281067,0.9972103238105774,False,0.9985336065292358,False,"[1, 2, -2]",0.9992920160293579,False,8.285906709588275,False,False,False,False,2 frames,D3 field above threshold but no peak kept (ridge into a neighbour)
6bba_7af54fde,6bba,46000777,45,62,172,78,100.75,7.358071804046631,0.5799809694290161,8.904587313946195,5892,8.570229058410817,-2.417198609560728,,,5.016447067260742,11.072866529907992,True,14.815598304658506,46000772.0,True,1,0.45454545454545453,False,True,2,True,1,,,0.9981276392936707,0.9993191957473755,False,0.9996932744979858,False,"[-1, 2, -2]",0.9998114705085754,False,8.443747686898277,False,False,False,False,2 frames,D3 field above threshold but no peak kept (ridge into a neighbour)
6bba_7af54fde,6bba,53000865,52,54,147,78,87.75,6.9769110679626465,0.5433111786842346,7.294337264241928,6507,3.159757315832612,6.574442168697715,,,7.597689151763916,10.143483859391399,False,19.710452889900832,53000863.0,True,1,0.5252525252525253,True,,1,True,2,0.0,,0.9991439580917358,0.9992786049842834,False,0.9993946552276611,False,"[2, -1, -1]",0.9993946552276611,False,6.894291116568838,False,False,False,False,1 frame,D3 field above threshold but no peak kept (ridge into a neighbour)
6bba_7af54fde,6bba,66001044,65,49,100,45,79.625,7.6960978507995605,0.5993162393569946,6.106096505191015,7691,2.316450205693838,-5.649643614888191,,,8.395210266113281,10.261129764850157,False,17.2835385012734,66001042.0,True,1,0.6565656565656566,True,False,4,True,1,,10.0,0.9985982775688171,0.9993599057197571,False,0.9995988011360168,False,"[-2, -2, -1]",0.999774158000946,True,6.080193253507654,True,False,False,False,>=3 frames,"D5 local-metric truncation artefact (detection 5.6-7 um away, mostly in z)"
6bba_7af54fde,6bba,67001055,66,49,99,45,79.625,8.380905151367188,0.6446850299835205,5.797704008478502,7788,2.0704700674106085,-5.415397074073553,,,8.234865188598633,9.499745687822049,False,17.2835385012734,67001056.0,True,2,0.6666666666666666,False,False,4,True,1,,11.0,0.998891294002533,0.9993686079978943,False,0.9995617270469666,False,"[-2, -1, -1]",0.9997348189353943,True,5.3895152843275245,True,False,True,False,>=3 frames,"D5 local-metric truncation artefact (detection 5.6-7 um away, mostly in z)"
6bba_7af54fde,6bba,68001066,67,48,99,45,78.0,8.455934524536133,0.6584868431091309,5.9648450630515315,7875,2.32767479625014,-5.491931051015854,,,8.15719985961914,9.512755816450492,False,17.202181229788856,68001067.0,True,2,0.6767676767676768,False,False,4,True,1,,,0.998982846736908,0.9993577599525452,False,0.9996808767318726,False,"[-2, -1, -1]",0.9997133612632751,True,5.3895152843275245,True,False,True,False,>=3 frames,"D5 local-metric truncation artefact (detection 5.6-7 um away, mostly in z)"
6bba_7af54fde,6bba,68001072,67,61,189,62,99.125,6.792357444763184,0.5289395451545715,7.845073941016945,7894,7.6274228450072385,-1.8351037800312042,,,7.32664680480957,15.526695979997902,False,26.95982253743522,68001068.0,True,1,0.6767676767676768,True,,1,True,0,,,0.9976389408111572,0.9981623291969299,False,0.9981623291969299,False,"[-1, -1, -1]",0.9987002611160278,False,7.44668550430324,False,False,False,False,1 frame,D3 field above threshold but no peak kept (ridge into a neighbour)
6bba_7af54fde,6bba,69001079,68,49,98,44,79.625,8.089317321777344,0.6376194953918457,7.984224572946783,7968,1.8796613942566085,-7.759814113378525,,,7.986185550689697,8.969823297346013,False,16.750116604071746,69001080.0,True,2,0.6868686868686869,False,True,4,True,1,,,0.9973358511924744,0.9989643096923828,False,0.9989643096923828,False,"[-1, 0, -1]",0.9994887113571167,False,8.443747686898277,False,False,True,False,>=3 frames,D3 field above threshold but no peak kept (ridge into a neighbour)
6bba_7af54fde,6bba,74001138,73,59,185,53,95.875,6.863809585571289,0.5475403666496277,11.312852868942802,8497,10.347158144290177,-4.573506135493517,,,8.1690034866333,13.004127634331024,False,25.699928562643905,74001135.0,True,0,0.7373737373737373,,True,1,False,1,,,0.9984121322631836,0.9987549781799316,False,0.9987549781799316,False,"[-1, -1, 0]",0.9987659454345703,False,11.375,False,False,False,False,1 frame,D3 field above threshold but no peak kept (ridge into a neighbour)
6bba_7af54fde,6bba,77001181,76,58,186,53,94.25,7.209047794342041,0.5750806927680969,10.280411198308894,8855,8.391152967792081,5.939310252666473,,,6.194615840911865,10.581605699810332,False,25.38656217494799,77001178.0,True,0,0.7676767676767676,True,True,1,True,1,,,0.9983489513397217,0.9983489513397217,False,0.9984610080718994,False,"[2, 1, 1]",0.9985418319702148,False,9.334914300624297,False,False,False,False,1 frame,D3 field above threshold but no peak kept (ridge into a neighbour)
6bba_7af54fde,6bba,79001206,78,59,189,54,95.875,7.537411689758301,0.6084330677986145,8.813294287418191,9049,7.650822131871636,4.374823071062565,,,6.240461349487305,8.843102989506738,False,25.699928562643905,79001207.0,True,2,0.7878787878787878,True,False,2,True,1,,,0.9977620840072632,0.9982810020446777,False,0.9985191226005554,False,"[2, 0, 2]",0.9988558292388916,False,8.75089281159357,False,False,False,False,2 frames,D3 field above threshold but no peak kept (ridge into a neighbour)
6bba_7af54fde,6bba,80001221,79,59,190,53,95.875,7.648412704467773,0.6101297736167908,8.007749741732816,9135,7.823842194740357,1.706326240208,,,6.795403480529785,10.945233572373116,False,24.037507312791398,80001220.0,True,1,0.797979797979798,False,True,2,True,1,,,0.9975711703300476,0.9985007047653198,False,0.9986120462417603,False,"[1, 0, 2]",0.9987396597862244,False,8.285906709588275,False,False,False,False,2 frames,D3 field above threshold but no peak kept (ridge into a neighbour)
6bba_7af54fde,6bba,88001329,87,57,194,44,92.625,7.565426349639893,0.6178790330886841,11.020054505702932,9918,7.767457701521703,7.817173540592194,,,7.285061836242676,11.865705941188056,False,18.45645212385089,88001328.0,True,0,0.8787878787878788,True,True,1,True,1,,,0.9984942674636841,0.9988414645195007,False,0.9988414645195007,False,"[1, 0, 1]",0.9990501999855042,False,10.900831390311474,False,False,False,False,1 frame,D3 field above threshold but no peak kept (ridge into a neighbour)
6bba_7b5d3b2c,6bba,2000010,1,1,225,142,1.625,3.959024667739868,0.14505809545516968,12.413397721954624,96,12.402440165060247,0.5214604064822197,,,7.544149398803711,16.810373901517288,False,29.858684090646058,2000009.0,True,0,0.010101010101010102,True,True,1,True,1,,,0.9194364547729492,0.9780247211456299,False,0.9931129813194275,False,"[2, 2, -1]",0.9957773685455322,False,11.718041645257966,False,False,False,False,1 frame,D3 field above threshold but no peak kept (ridge into a neighbour)
6bba_7b5d3b2c,6bba,25000153,24,1,111,240,1.625,4.01359224319458,0.18471848964691162,8.346530603380767,1793,8.317010383318575,0.701363954693079,,,5.282148361206055,14.824907585613301,False,41.40163889419113,25000155.0,True,1,0.24242424242424243,,True,1,False,1,,,0.9859485626220703,0.9859485626220703,False,0.9865375757217407,False,"[0, 1, 2]",0.9928517937660217,False,8.125,False,False,False,False,1 frame,D3 field above threshold but no peak kept (ridge into a neighbour)
6bba_7b5d3b2c,6bba,27000167,26,1,112,241,1.625,4.5807952880859375,0.22310397028923035,9.166002943558029,1941,5.140692742321759,7.588734287768602,,,5.597569942474365,20.34281591931757,False,41.24788110088202,27000169.0,True,1,0.26262626262626265,True,False,2,True,1,,,0.9810989499092102,0.9842155575752258,False,0.9918035268783569,False,"[0, 1, 2]",0.9959732890129089,False,9.475296829123613,False,False,False,False,2 frames,D3 field above threshold but no peak kept (ridge into a neighbour)
6bba_7b5d3b2c,6bba,28000174,27,1,113,240,1.625,5.192398548126221,0.24825142323970795,12.039296586975675,2015,5.488671685104288,10.715369589626789,,,6.2180094718933105,21.399973246973225,False,40.400944643968415,28000176.0,True,0,0.2727272727272727,False,True,2,True,1,,,0.9904478788375854,0.9914329051971436,False,0.9938443899154663,False,"[2, 0, 2]",0.9960457682609558,False,12.375631297028852,False,False,False,False,2 frames,D3 field above threshold but no peak kept (ridge into a neighbour)
6bba_7b5d3b2c,6bba,84000512,83,37,172,138,60.125,6.254418849945068,0.24033959209918976,6.664351462498626,5898,1.165049458438181,-6.561725396197289,,,14.571279525756836,19.768241492222547,False,38.03376635060614,84000510.0,True,1,0.8383838383838383,True,True,1,True,1,,,0.9998980760574341,0.999984622001648,False,0.9999986886978149,False,"[-2, -1, 0]",0.9999986886978149,False,6.700046641628698,True,False,False,False,1 frame,"D5 local-metric truncation artefact (detection 5.6-7 um away, mostly in z)"
6bba_7b5d3b2c,6bba,19000124,18,14,70,173,22.75,3.9069387912750244,0.1710813194513321,11.080320814629504,1300,2.290109897545295,10.84107494726777,,,10.98366928100586,22.709083685077953,False,27.845170418314915,19000121.0,True,0,0.18181818181818182,True,False,2,True,1,,,0.9994363188743591,0.9998109936714172,False,0.9998109936714172,False,"[1, 1, -1]",0.9999256134033203,False,11.604821196382131,False,False,False,False,2 frames,D3 field above threshold but no peak kept (ridge into a neighbour)
6bba_7b5d3b2c,6bba,20000129,19,14,69,173,22.75,3.4677441120147705,0.15339887142181396,11.134721211007813,1370,2.36078724960616,10.881576173007488,,,11.641587257385254,22.509830149887,False,28.379404944431094,20000126.0,True,0,0.1919191919191919,False,True,2,True,1,,,0.9985272884368896,0.9997250437736511,False,0.9997710585594177,False,"[1, 1, -2]",0.9999241828918457,False,11.604821196382131,False,False,False,False,2 frames,D3 field above threshold but no peak kept (ridge into a neighbour)
6bba_aeee7805,6bba,28000323,27,9,89,106,14.625,10.97103500366211,0.6945040225982666,7.3147911313909235,1689,2.799399128288451,-6.7579237800091505,,,11.264403343200684,17.421840482582407,False,20.381445491242765,28000319.0,True,1,0.2727272727272727,True,True,1,True,1,,,0.9999768733978271,0.9999775886535645,False,0.9999830722808838,False,"[-2, 0, 0]",0.9999830722808838,False,6.894291116568838,False,False,True,False,1 frame,D3 field above threshold but no peak kept (ridge into a neighbour)
6bba_aeee7805,6bba,50000532,49,24,14,29,39.0,6.123687744140625,0.3141304850578308,7.560770047966484,3003,3.322086945771017,-6.791832009330392,,,6.917101860046387,11.827647004594976,False,24.46286247815247,50000530.0,True,1,0.494949494949495,,True,1,False,1,,,0.9827477335929871,0.9969135522842407,False,0.9982830286026001,False,"[-2, 1, -1]",0.9982830286026001,False,7.44668550430324,False,False,False,False,1 frame,D3 field above threshold but no peak kept (ridge into a neighbour)
6bba_aeee7805,6bba,50000538,49,55,26,34,89.375,15.57645320892334,0.7990346550941467,10.575811093616213,2959,2.822186912730304,10.192303042858839,,,11.836005210876465,12.963272810129489,False,50.651083172647944,50000532.0,False,0,0.494949494949495,,True,1,False,1,,,0.9998190999031067,0.9999263286590576,False,0.9999436140060425,False,"[2, -1, 0]",0.9999436140060425,False,10.405076885828379,False,False,True,False,1 frame,D3 field above threshold but no peak kept (ridge into a neighbour)
6bba_aeee7805,6bba,91000830,90,42,147,25,68.25,8.462695121765137,0.4341159462928772,8.189140491658115,5174,7.972834667728027,-1.8697404507547617,,,16.930320739746094,36.765517380319146,False,51.523327923499856,91000829.0,True,1,0.9090909090909091,True,True,1,True,1,,,0.9999960660934448,0.9999994039535522,False,0.9999998807907104,False,"[-1, 2, 1]",0.9999998807907104,False,8.285906709588275,False,False,True,False,1 frame,D3 field above threshold but no peak kept (ridge into a neighbour)
6bba_aeee7805,6bba,95000861,94,43,138,18,69.875,8.66361141204834,0.453878253698349,10.516713925764574,5427,10.047731202332681,-3.1055385172367096,,,15.957183837890625,25.446541818934,False,54.09230572884188,95000859.0,True,0,0.9494949494949495,True,True,1,True,1,,,0.9999957084655762,0.9999991655349731,False,0.9999996423721313,False,"[0, 2, 2]",0.9999996423721313,False,10.900831390311474,False,False,True,False,1 frame,D3 field above threshold but no peak kept (ridge into a neighbour)
6bba_aeee7805,6bba,97000874,96,1,161,25,1.625,2.9411113262176514,0.15408198535442352,7.156436574130135,5566,6.648646240601849,2.6476570032536983,,,11.21440315246582,38.31051702662577,False,68.26208970303355,97000879.0,True,1,0.9696969696969697,True,,1,True,0,,,0.9999557733535767,0.9999686479568481,False,0.9999773502349854,False,"[0, -2, 0]",0.9999831914901733,False,7.44668550430324,False,False,False,False,1 frame,D3 field above threshold but no peak kept (ridge into a neighbour)
6bba_aeee7805,6bba,97000881,96,43,137,18,69.875,8.299721717834473,0.434814453125,9.58715118399123,5550,9.113939504698099,-2.974823445081711,,,15.574409484863281,25.774804855476905,False,53.70495932639741,97000880.0,True,1,0.9696969696969697,True,True,1,True,1,,,0.9999877214431763,0.9999963045120239,False,0.9999972581863403,False,"[-2, 1, 2]",0.9999994039535522,False,9.75,False,False,True,False,1 frame,D3 field above threshold but no peak kept (ridge into a neighbour)
6bba_afb141ff,6bba,5000038,4,7,178,158,11.375,14.812356948852539,0.6537207961082458,7.11818078349216,439,6.294091996775325,-3.324590742122382,,,12.59897232055664,12.25899479822802,False,50.88352201351632,5000040.0,True,1,0.04040404040404041,True,True,1,True,1,,,0.9998288154602051,0.9999486207962036,False,0.99998939037323,False,"[-2, -2, 1]",0.9999966621398926,True,6.700046641628698,False,False,True,False,1 frame,D3 field above threshold but no peak kept (ridge into a neighbour)
6bba_afb141ff,6bba,52000499,51,10,167,148,16.25,10.74206829071045,0.3353283107280731,11.06819045911701,3702,2.287440455689611,-10.829240795224905,,,9.021683692932129,18.30988821388881,False,19.538048816667953,52000501.0,True,0,0.5151515151515151,True,True,1,True,1,,,0.9923895001411438,0.9993354678153992,False,0.9993354678153992,False,"[-1, 1, -1]",0.9994884729385376,False,11.490485194281398,False,False,True,False,1 frame,D3 field above threshold but no peak kept (ridge into a neighbour)
6bba_afb141ff,6bba,54000520,53,9,165,137,14.625,11.314482688903809,0.35319697856903076,6.872419729791901,3824,0.6064532272504396,-6.845609353855252,,,11.228333473205566,16.788677684642515,False,19.265846764741486,54000521.0,True,1,0.5353535353535354,True,False,2,True,1,,,0.9996100068092346,0.9997501969337463,False,0.9999159574508667,False,"[-2, 0, 0]",0.99996018409729,False,6.5,True,False,True,False,2 frames,"D5 local-metric truncation artefact (detection 5.6-7 um away, mostly in z)"
6bba_afb141ff,6bba,55000532,54,9,165,137,14.625,11.314482688903809,0.35319697856903076,6.832894861741624,3884,0.6236752080656099,-6.804372228682041,,,11.09013843536377,16.76491407575295,False,19.265846764741486,55000533.0,True,1,0.5454545454545454,False,True,2,True,1,,,0.9996626377105713,0.999771773815155,False,0.9999184608459473,False,"[-2, 0, 0]",0.9999573230743408,False,6.5,True,False,True,False,2 frames,"D5 local-metric truncation artefact (detection 5.6-7 um away, mostly in z)"
6bba_afb141ff,6bba,56000543,55,2,154,192,3.25,9.577012062072754,0.2989594638347626,9.000630427575109,3925,7.852874632943575,4.3981482572853565,,,18.390100479125977,14.866921581518785,False,27.31559264527314,56000548.0,False,1,0.5555555555555556,True,True,1,True,1,,,0.9978839755058289,0.9999305009841919,False,0.9999898672103882,False,"[2, 2, -2]",0.9999998807907104,False,8.75089281159357,False,False,True,False,1 frame,D3 field above threshold but no peak kept (ridge into a neighbour)
6bba_afb141ff,6bba,56000548,55,18,149,212,29.25,10.325977325439453,0.3223394453525543,6.922060784837249,3935,6.777639773938672,-1.406600371003151,,,13.856234550476074,7.61326137031452,False,27.31559264527314,56000543.0,False,3,0.5555555555555556,True,True,1,True,1,,,0.9957501888275146,0.9996553659439087,False,0.9999690055847168,False,"[0, -1, -2]",0.9999966621398926,True,6.700046641628698,True,False,True,False,1 frame,"D5 local-metric truncation artefact (detection 5.6-7 um away, mostly in z)"
6bba_afb141ff,6bba,85000822,84,62,131,232,100.75,3.2253334522247314,0.10415500402450562,8.93555627524682,5777,6.061107793234681,-6.565602658316493,,,12.494593620300293,9.848794100729283,False,59.631632885784704,85000821.0,True,2,0.8484848484848485,,False,4,False,1,,,0.8448582887649536,0.8771910667419434,False,0.8771910667419434,False,"[0, 0, 1]",0.99964439868927,False,9.334914300624297,False,False,False,False,>=3 frames,"D1 sustained miss (>=3 frames), field below threshold"
6bba_afb141ff,6bba,86000832,85,62,130,226,100.75,3.3866665363311768,0.10936490446329117,10.430354496104698,5842,6.392422400916601,-8.241919118911028,,,13.567520141601562,13.441226274880085,False,59.25821574104725,86000831.0,True,0,0.8585858585858586,False,False,4,True,1,,,0.7053630352020264,0.8817299008369446,False,0.8817299008369446,False,"[0, -1, 1]",0.9997082352638245,False,10.531203634912773,False,False,False,False,>=3 frames,"D1 sustained miss (>=3 frames), field below threshold"
6bba_afb141ff,6bba,87000843,86,62,130,223,100.75,3.4315555095672607,0.11081448942422867,10.17975361495446,5910,6.467625734911604,-7.861119577661157,,,12.340789794921875,13.379432223370568,False,58.38704372547046,87000842.0,True,0,0.8686868686868687,False,False,4,True,1,,,0.7028058171272278,0.8549860119819641,False,0.859599232673645,False,"[1, 0, -2]",0.9985703229904175,False,10.531203634912773,False,False,False,False,>=3 frames,"D1 sustained miss (>=3 frames), field below threshold"
6bba_afb141ff,6bba,88000854,87,62,130,220,100.75,3.8604443073272705,0.12466451525688171,11.343621516597715,5973,6.834248443739834,-9.053772546350956,,,11.964096069335938,13.981268706969521,False,58.44496108786882,88000853.0,True,0,0.8787878787878788,False,True,4,True,1,,,0.9255228638648987,0.9528066515922546,False,0.9565127491950989,False,"[1, 1, -2]",0.9928174018859863,False,11.830178570080843,False,False,False,False,>=3 frames,"D1 sustained miss (>=3 frames), field below threshold"
6bba_afb141ff,6bba,96000912,95,9,119,44,14.625,10.908888816833496,0.3522784411907196,7.3156295534749995,6454,4.601171537084531,-5.6875,,,17.243938446044922,9.633617228332211,False,31.473233915900668,96000913.0,True,2,0.9595959595959596,True,True,1,True,1,,,0.9943247437477112,0.9999934434890747,False,0.9999998807907104,False,"[-2, 1, -2]",1.0,True,6.894291116568838,False,False,True,False,1 frame,D3 field above threshold but no peak kept (ridge into a neighbour)
6bba_c27cba08,6bba,7000037,6,54,131,19,87.75,7.9236040115356445,0.37394559383392334,5.80506919427416,383,2.579910507353985,-5.200277889147401,,,16.752281188964844,19.35767686547997,False,71.30700159565329,7000036.0,True,1,0.06060606060606061,True,True,1,True,1,,,0.9999817609786987,0.9999986886978149,False,0.9999996423721313,False,"[-2, -1, -1]",1.0,True,5.3895152843275245,True,False,False,False,1 frame,"D5 local-metric truncation artefact (detection 5.6-7 um away, mostly in z)"
6bba_c27cba08,6bba,30000204,29,34,219,138,55.25,7.966153621673584,0.39627549052238464,6.025882782486785,1800,3.53354533242818,-4.881118795106886,,,16.218250274658203,20.865313882092575,False,35.12829444069979,30000207.0,True,1,0.29292929292929293,True,True,1,True,1,,,0.9999803304672241,0.9999991655349731,False,0.9999994039535522,False,"[-2, -1, -2]",0.9999998807907104,True,5.3895152843275245,True,False,False,False,1 frame,"D5 local-metric truncation artefact (detection 5.6-7 um away, mostly in z)"
6bba_c27cba08,6bba,56000480,55,28,33,13,45.5,10.069067001342773,0.6421598792076111,7.2386089299393594,3464,3.8053908157807648,-6.157634284347296,,,7.693623065948486,11.137441662017084,False,26.453083468662022,56000481.0,True,1,0.5555555555555556,,True,1,False,1,,,0.9986716508865356,0.9991563558578491,False,0.9994890689849854,False,"[-2, -2, -2]",0.9995197057723999,False,7.960841664045329,False,False,True,False,1 frame,D3 field above threshold but no peak kept (ridge into a neighbour)
6bba_c27cba08,6bba,67000619,66,15,243,126,24.375,10.729412078857422,0.6979591846466064,17.534037718762885,4216,14.29968325941496,-10.146996472030878,67000618.0,3.6981825249715286,16.800678253173828,32.86670556976022,False,16.091808135274917,67000618.0,True,0,0.6666666666666666,True,False,2,True,1,,,0.999980092048645,0.9999867677688599,False,0.999987006187439,False,"[-2, -2, -2]",0.999987006187439,False,16.00439392791867,False,False,True,False,2 frames,D3 field above threshold but no peak kept (ridge into a neighbour)
6bba_c27cba08,6bba,68000632,67,15,244,127,24.375,10.437646865844727,0.6789795756340027,17.63112475392618,4288,14.276023359394294,-10.346579972654581,68000631.0,2.2261021688621643,17.045076370239258,33.03543283210963,False,16.31588207276885,68000631.0,True,0,0.6767676767676768,False,,2,True,0,,,0.999833345413208,0.9999294281005859,False,0.999937891960144,False,"[-2, -2, -1]",0.9999567270278931,False,16.887495373796554,False,False,True,False,2 frames,D3 field above threshold but no peak kept (ridge into a neighbour)
6bba_c27cba08,6bba,68000640,67,60,23,27,97.5,11.120783805847168,0.7234183549880981,6.861095409104732,4330,3.266104154606988,-6.033837407827377,,,7.8444061279296875,11.216361412439094,False,25.23005477723939,68000638.0,True,1,0.6767676767676768,True,False,4,True,1,,,0.9976624250411987,0.9992333650588989,False,0.9994994401931763,False,"[-2, 1, 2]",0.9995682835578918,False,7.44668550430324,True,False,True,False,>=3 frames,"D5 local-metric truncation artefact (detection 5.6-7 um away, mostly in z)"
6bba_c27cba08,6bba,69000651,68,60,24,29,97.5,11.056731224060059,0.7192516922950745,9.94074643529267,4398,4.09504826775444,-9.058091375976801,,,8.153814315795898,11.233992719735227,False,25.23005477723939,69000649.0,True,1,0.6868686868686869,False,False,4,True,1,,,0.9983785152435303,0.9988837838172913,False,0.9992196559906006,False,"[-2, 0, 1]",0.9992196559906006,False,10.405076885828379,False,False,True,False,>=3 frames,D3 field above threshold but no peak kept (ridge into a neighbour)
6bba_c27cba08,6bba,70000658,69,59,27,32,95.875,11.550065994262695,0.7513435482978821,8.525242714685625,4510,8.434773082532908,-1.238695438951254,,,5.121070384979248,8.803488242872898,False,24.324165742374394,70000657.0,True,3,0.696969696969697,False,False,4,True,1,,,0.9979471564292908,0.9990983009338379,False,0.9992157220840454,False,"[-2, 1, 1]",0.9994686245918274,False,8.443747686898277,False,False,True,False,>=3 frames,D3 field above threshold but no peak kept (ridge into a neighbour)
6bba_c27cba08,6bba,71000666,70,60,30,37,97.5,11.74718952178955,0.7641667127609253,7.960443735513887,4546,3.135186847763351,-7.317053224891424,,,8.374074935913086,9.288549998852435,False,24.51004258462233,71000665.0,True,2,0.7070707070707071,False,True,4,True,1,,,0.9983042478561401,0.9993991851806641,False,0.9996054768562317,False,"[-2, 0, 2]",0.9996861219406128,False,8.75089281159357,False,False,True,False,>=3 frames,D3 field above threshold but no peak kept (ridge into a neighbour)
6bba_c27cba08,6bba,88000846,87,52,137,118,84.5,8.748717308044434,0.5802720785140991,7.8844090535428135,5828,1.8294303486132957,-7.669230125844479,,,8.51390266418457,10.601970337519102,False,25.82804465353504,88000843.0,True,1,0.8787878787878788,True,True,1,True,1,,,0.9939072728157043,0.9994760155677795,False,0.9996261596679688,False,"[-2, -1, 0]",0.9996441602706909,False,8.443747686898277,False,False,True,False,1 frame,D3 field above threshold but no peak kept (ridge into a neighbour)
6bba_c27cba08,6bba,91000869,90,52,142,115,84.5,9.024102210998535,0.5985373854637146,9.425099781060197,6046,7.052994289499898,6.2520218677818775,,,7.578634738922119,13.977443141666557,False,25.82804465353504,91000868.0,True,1,0.9090909090909091,True,True,1,True,1,,,0.9987347722053528,0.999174177646637,False,0.9994969367980957,False,"[-2, 0, 1]",0.9994969367980957,False,9.75,False,False,True,False,1 frame,D3 field above threshold but no peak kept (ridge into a neighbour)
6bba_c27cba08,6bba,95000899,94,49,159,108,79.625,10.990133285522461,0.7009013295173645,9.512101610908593,6313,2.314066372842463,-9.22633046656847,,,10.896965980529785,10.81660851530466,False,23.951529831098473,95000897.0,True,1,0.9494949494949495,True,False,3,True,1,,,0.9998036026954651,0.9998658895492554,False,0.9999212026596069,False,"[-2, -1, 0]",0.9999632835388184,False,10.017172754824587,False,False,True,False,>=3 frames,D3 field above threshold but no peak kept (ridge into a neighbour)
6bba_c27cba08,6bba,96000906,95,49,160,107,79.625,10.124532699584961,0.6456972360610962,7.324404216995729,6377,2.0558760485664225,-7.0299552492797375,,,10.774324417114258,10.8969939932724,False,24.20172788898553,96000904.0,True,1,0.9595959595959596,False,False,3,True,1,,,0.9953076243400574,0.9998186230659485,False,0.9999041557312012,False,"[-2, -1, 0]",0.9999591112136841,False,7.267220926874317,False,False,True,False,>=3 frames,D3 field above threshold but no peak kept (ridge into a neighbour)
6bba_c27cba08,6bba,97000915,96,49,162,105,79.625,10.08680248260498,0.6304251551628113,7.067893848748496,6440,2.0582854785283744,-6.761551918461919,,,11.210695266723633,10.362670407710862,False,25.112034123354086,97000913.0,True,1,0.9696969696969697,False,True,3,True,1,,,0.9993206262588501,0.9998970031738281,False,0.9999645948410034,False,"[-2, -1, 0]",0.9999841451644897,False,6.894291116568838,False,False,True,False,>=3 frames,D3 field above threshold but no peak kept (ridge into a neighbour)
6bba_c328f2fd,6bba,25000055,24,48,171,88,78.0,2.099809408187866,0.2796195149421692,6.299110114165859,8173,5.20984156074412,-3.540669307112694,,,9.352518081665039,7.825121578613104,False,15.205910908672982,25000054.0,True,4,0.24242424242424243,True,False,3,True,1,,,0.9361032247543335,0.9479733109474182,False,0.9974326491355896,False,"[0, 2, 2]",0.999913215637207,True,6.700046641628698,True,False,False,False,>=3 frames,"D5 local-metric truncation artefact (detection 5.6-7 um away, mostly in z)"
6bba_c328f2fd,6bba,26000061,25,47,167,86,76.375,2.0194284915924072,0.26891565322875977,6.902416411349598,8498,5.219559441450412,-4.51658627204597,,,9.205131530761719,7.555351582100683,False,14.055310662255032,26000058.0,True,3,0.25252525252525254,False,False,3,True,1,,,0.9553435444831848,0.9633854031562805,False,0.999658465385437,False,"[-2, 2, -2]",0.9998993873596191,True,7.44668550430324,True,False,False,False,>=3 frames,"D5 local-metric truncation artefact (detection 5.6-7 um away, mostly in z)"
6bba_c328f2fd,6bba,27000066,26,46,159,85,74.75,2.0047249794006348,0.2618727385997772,8.08832809725869,8857,7.278274931774283,-3.5281390883028507,,,8.903756141662598,9.120336037245291,False,11.611929816464617,27000065.0,True,2,0.26262626262626265,False,,3,True,0,,,0.9813190698623657,0.9947487711906433,False,0.9947487711906433,False,"[-1, 0, -1]",0.9998513460159302,False,8.75089281159357,False,False,False,False,>=3 frames,D3 field above threshold but no peak kept (ridge into a neighbour)
6bba_c328f2fd,6bba,30000074,29,25,84,45,40.625,7.332307815551758,0.9066582322120667,7.593917667786691,9718,2.1050039004073664,-7.296337720006704,,,10.451319694519043,13.000788606319302,False,14.921048733668153,30000075.0,True,1,0.29292929292929293,True,True,1,True,1,,1.0,0.9998055100440979,0.9998781681060791,False,0.9999123811721802,False,"[-2, 0, 0]",0.9999486207962036,False,6.894291116568838,False,False,False,False,1 frame,D3 field above threshold but no peak kept (ridge into a neighbour)
6bba_c328f2fd,6bba,38000125,37,31,59,51,50.375,5.526631832122803,0.669363796710968,7.965951100519441,12155,3.263831300036361,7.266621097922325,,,9.49187183380127,8.87099993556107,False,15.607615328742568,38000124.0,True,2,0.37373737373737376,True,True,1,True,1,,9.0,0.9993669390678406,0.9997183680534363,False,0.9997183680534363,False,"[1, 0, 1]",0.999866247177124,False,7.267220926874317,False,False,False,False,1 frame,D3 field above threshold but no peak kept (ridge into a neighbour)
6bba_c328f2fd,6bba,42000149,41,30,65,54,48.75,5.398954391479492,0.6984062790870667,7.1278934358183905,13551,1.8177324919183606,-6.892221225425601,,,8.244765281677246,8.090077812680509,False,17.359761753117468,42000148.0,True,2,0.41414141414141414,True,True,1,True,1,,,0.9995131492614746,0.9995131492614746,False,0.9996317625045776,False,"[2, -2, 2]",0.9999289512634277,False,6.700046641628698,False,False,False,False,1 frame,D3 field above threshold but no peak kept (ridge into a neighbour)
6bba_c328f2fd,6bba,46000170,45,21,55,39,34.125,4.601931571960449,0.6244853138923645,6.7366170529203915,14840,4.069452070508406,-5.368572358042002,,,8.348039627075195,11.268520568584208,False,14.726212280318384,46000171.0,True,1,0.45454545454545453,True,True,1,True,1,,,0.9992190599441528,0.9992190599441528,False,0.9995087385177612,False,"[-2, 2, 2]",0.9997631907463074,True,6.700046641628698,True,False,False,False,1 frame,"D5 local-metric truncation artefact (detection 5.6-7 um away, mostly in z)"
6bba_c328f2fd,6bba,58000237,57,8,33,26,13.0,4.7137556076049805,0.7084084153175354,7.676359531362826,19073,6.243786539435137,-4.465604696422815,,,10.363980293273926,10.657112301016323,False,26.65817328934974,58000238.0,False,1,0.5757575757575758,True,False,2,True,1,,,0.9988929629325867,0.9997689127922058,False,0.9999185800552368,False,"[-2, -1, 2]",0.999968409538269,True,8.443747686898277,False,False,False,False,2 frames,D3 field above threshold but no peak kept (ridge into a neighbour)
6bba_c328f2fd,6bba,58000238,57,23,58,35,37.375,2.9572432041168213,0.44443032145500183,8.338869827219549,19251,4.524100903323428,-7.00494546815753,,,8.26147747039795,10.562630054536623,False,24.43586151796167,58000239.0,True,1,0.5757575757575758,True,False,3,True,1,,,0.9958510398864746,0.9996552467346191,False,0.9996552467346191,False,"[-1, -1, 1]",0.999687910079956,False,7.960841664045329,False,False,False,False,>=3 frames,D3 field above threshold but no peak kept (ridge into a neighbour)
6bba_c328f2fd,6bba,59000242,58,8,33,26,13.0,4.7137556076049805,0.7084084153175354,7.651692893710096,19442,6.1988891122108685,-4.485775062814355,,,10.172065734863281,10.658096707734854,False,26.65817328934974,59000243.0,False,1,0.5858585858585859,False,True,2,True,1,,,0.9988566637039185,0.9997426867485046,False,0.999909520149231,False,"[-2, -1, 2]",0.9999617338180542,True,8.443747686898277,False,False,False,False,2 frames,D3 field above threshold but no peak kept (ridge into a neighbour)
6bba_c328f2fd,6bba,59000243,58,23,58,35,37.375,2.9572432041168213,0.44443032145500183,8.33537773230238,19618,4.5338006779198725,-6.994510229676962,,,8.231578826904297,10.565651880020507,False,24.43586151796167,59000244.0,True,1,0.5858585858585859,False,False,3,True,1,,,0.9957517385482788,0.9996551275253296,False,0.9996551275253296,False,"[-1, -1, 1]",0.9996857643127441,False,7.960841664045329,False,False,False,False,>=3 frames,D3 field above threshold but no peak kept (ridge into a neighbour)
6bba_c328f2fd,6bba,60000248,59,21,51,31,34.125,2.807035446166992,0.41829633712768555,8.419522653764167,20054,6.84228325109164,4.906273700995371,,,7.738667964935303,8.522506741862408,False,21.5733668269466,60000249.0,True,2,0.5959595959595959,False,True,3,True,1,,,0.9981086254119873,0.9993953704833984,False,0.9993953704833984,False,"[-1, 0, 0]",0.9996569156646729,False,7.960841664045329,False,False,False,False,>=3 frames,D3 field above threshold but no peak kept (ridge into a neighbour)
6bba_c328f2fd,6bba,61000262,60,62,180,167,100.75,0.9611544013023376,0.14079053699970245,6.938121815877585,20203,5.32659078976261,-4.445780571550131,,,9.52953815460205,16.394463903780508,False,39.01692341151465,61000261.0,True,1,0.6060606060606061,,False,3,False,1,,,0.9958265423774719,0.9993361830711365,False,0.9997703433036804,False,"[-2, 2, 0]",0.9999274015426636,True,6.894291116568838,True,False,False,True,>=3 frames,"D5 local-metric truncation artefact (detection 5.6-7 um away, mostly in z)"
6bba_c328f2fd,6bba,62000270,61,62,176,163,100.75,1.0188889503479004,0.14730924367904663,7.644076173046238,20611,5.632444049657899,-5.1679274924099445,,,9.003843307495117,15.319266178997342,False,38.62794537718127,62000269.0,True,1,0.6161616161616161,False,False,3,True,1,,,0.9974004030227661,0.9985957741737366,False,0.9993966817855835,False,"[-2, 2, 1]",0.9998770952224731,True,7.083210783253595,False,False,False,True,>=3 frames,D3 field above threshold but no peak kept (ridge into a neighbour)
6bba_c328f2fd,6bba,63000277,62,60,167,162,97.5,0.9835672378540039,0.1422024965286255,9.901983780663167,21013,8.832654245931032,-4.4758799988776445,,,8.748388290405273,16.27088697977836,False,36.96651778975131,63000276.0,True,1,0.6262626262626263,False,True,3,True,1,,,0.995962917804718,0.9983904361724854,False,0.9984903335571289,False,"[0, 2, 0]",0.998701810836792,False,11.02128622257856,False,False,False,True,>=3 frames,D3 field above threshold but no peak kept (ridge into a neighbour)
6bba_c328f2fd,6bba,64000281,63,17,41,27,27.625,3.596506357192993,0.5222574472427368,9.331849750755238,21289,2.6198330723696452,-8.9565559476614,,,9.823528289794922,9.477759480459603,False,16.779649597801498,64000280.0,True,2,0.6363636363636364,True,True,1,True,1,,,0.998146653175354,0.9995896220207214,False,0.9995896220207214,False,"[-1, -1, 0]",0.9997238516807556,False,9.884489111734608,False,False,False,False,1 frame,D3 field above threshold but no peak kept (ridge into a neighbour)
6bba_c328f2fd,6bba,65000294,64,60,170,160,97.5,1.0249557495117188,0.14688649773597717,8.362424199179054,21674,6.733845812447096,-4.9583726222626865,,,9.638809204101562,14.71956383242171,False,37.00667697355438,65000293.0,True,1,0.6464646464646465,True,True,1,True,1,,,0.9986867308616638,0.9996122717857361,False,0.9996122717857361,False,"[-1, 1, 0]",0.9999028444290161,False,8.285906709588275,False,False,False,True,1 frame,D3 field above threshold but no peak kept (ridge into a neighbour)
6bba_c328f2fd,6bba,68000318,67,61,163,158,99.125,1.141575813293457,0.1592559665441513,8.610706522085833,22792,6.2951401803735365,-5.87498739734292,,,9.718671798706055,13.774686626165158,False,40.05633240356636,68000317.0,True,1,0.6767676767676768,True,True,1,True,1,,,0.9990444779396057,0.9990444779396057,False,0.9997138381004333,False,"[-2, 2, 2]",0.9999226331710815,False,8.75089281159357,False,False,False,True,1 frame,D3 field above threshold but no peak kept (ridge into a neighbour)
6bba_c328f2fd,6bba,69000325,68,21,231,85,34.125,1.367496132850647,0.1881716400384903,8.045704959918522,23314,7.856234807100633,-1.7357830964028835,,,8.297436714172363,10.003574153718377,False,22.05754193580962,69000326.0,True,1,0.6868686868686869,True,False,17,True,1,,,0.8494704961776733,0.9365388751029968,False,0.9989129304885864,False,"[-2, -2, 2]",0.9997188448905945,False,8.285906709588275,False,False,False,True,>=3 frames,D3 field above threshold but no peak kept (ridge into a neighbour)
6bba_c328f2fd,6bba,70000335,69,20,230,85,32.5,1.3466665744781494,0.18359754979610443,7.863181588037077,23674,7.849940082194548,-0.4561418555676937,,,8.316266059875488,10.428641675320101,False,22.299387778871868,70000336.0,True,1,0.696969696969697,False,False,17,True,1,,,0.8995757102966309,0.8999065160751343,False,0.9986114501953125,False,"[-2, -2, 2]",0.9996391534805298,False,8.125,False,False,False,True,>=3 frames,D3 field above threshold but no peak kept (ridge into a neighbour)
6bba_c328f2fd,6bba,71000345,70,20,230,85,32.5,1.3466665744781494,0.18359754979610443,7.866655535644666,24033,7.853161229762894,-0.46057357266545296,,,8.333638191223145,10.423790424823613,False,22.299387778871868,71000346.0,True,1,0.7070707070707071,False,False,17,True,1,,,0.8956403732299805,0.8968486785888672,False,0.9986244440078735,False,"[-2, -2, 2]",0.9996447563171387,False,8.125,False,False,False,True,>=3 frames,D3 field above threshold but no peak kept (ridge into a neighbour)
6bba_c328f2fd,6bba,72000355,71,20,227,89,32.5,1.3722221851348877,0.18795180320739746,8.92813632308904,24245,4.678442123670897,7.604196045547724,,,9.87109375,10.438297869919587,False,20.466292791441248,72000356.0,True,1,0.7171717171717171,False,False,17,True,1,,,0.6920545101165771,0.7447027564048767,False,0.993506669998169,False,"[2, 2, 2]",0.9997197985649109,False,9.334914300624297,False,False,False,True,>=3 frames,D3 field above threshold but no peak kept (ridge into a neighbour)
6bba_c328f2fd,6bba,73000361,72,1,11,8,1.625,3.582446575164795,0.49522721767425537,8.224878556368934,24642,5.6555946924452565,5.971840247511864,,,9.21629524230957,13.445053218475424,False,20.41380985540181,73000364.0,True,1,0.7272727272727273,True,True,1,True,1,,,0.9977983832359314,0.998783528804779,False,0.9993579983711243,False,"[2, 2, 2]",0.9998849630355835,False,8.75089281159357,False,False,False,False,1 frame,D3 field above threshold but no peak kept (ridge into a neighbour)
6bba_c328f2fd,6bba,73000367,72,20,228,90,32.5,1.4262385368347168,0.19715917110443115,9.180673169002244,24598,3.82252276858007,8.34704016521573,,,10.295683860778809,10.81060167355518,False,21.80544746301942,73000368.0,True,1,0.7272727272727273,False,False,17,True,1,,,0.8090946078300476,0.9065930843353271,False,0.999315619468689,False,"[2, 2, 2]",0.9998076558113098,False,8.900491559458949,False,False,False,True,>=3 frames,D3 field above threshold but no peak kept (ridge into a neighbour)
6bba_c328f2fd,6bba,74000379,73,20,227,90,32.5,1.487876057624817,0.20284929871559143,8.583905945885522,24964,3.27414261741056,7.934949994087219,,,9.82717514038086,11.60169377061531,False,21.80544746301942,74000380.0,True,1,0.7373737373737373,False,False,17,True,1,,,0.8160112500190735,0.9237440228462219,False,0.999484658241272,False,"[2, 2, 2]",0.9998644590377808,False,8.900491559458949,False,False,False,True,>=3 frames,D3 field above threshold but no peak kept (ridge into a neighbour)
6bba_c328f2fd,6bba,75000390,74,19,226,91,30.875,1.438805103302002,0.1934221088886261,9.400695142434946,25314,2.713271936086959,9.000623565167189,,,10.181526184082031,11.614397435901974,False,21.512078729169804,75000391.0,True,1,0.7474747474747475,False,False,17,True,1,,,0.8553427457809448,0.9467490315437317,False,0.9892788529396057,False,"[2, 0, 2]",0.999170184135437,False,10.405076885828379,False,False,False,True,>=3 frames,D3 field above threshold but no peak kept (ridge into a neighbour)
6bba_c328f2fd,6bba,76000399,75,19,226,91,30.875,1.438805103302002,0.1934221088886261,9.38680883844315,25669,2.698122830425701,8.990679249167442,,,10.161613464355469,11.612225091081639,False,21.512078729169804,76000400.0,True,1,0.7575757575757576,False,False,17,True,1,,,0.8554205298423767,0.9467381238937378,False,0.9891391396522522,False,"[2, 0, 2]",0.9991694688796997,False,10.405076885828379,False,False,False,True,>=3 frames,D3 field above threshold but no peak kept (ridge into a neighbour)
6bba_c328f2fd,6bba,77000408,76,18,223,89,29.25,1.3255016803741455,0.17314733564853668,9.496821354966633,26301,7.008769984902987,-6.408335130661726,,,7.117857456207275,10.377771640568136,False,22.102389576695096,77000409.0,True,1,0.7676767676767676,False,False,17,True,1,,,0.7194483876228333,0.9774174690246582,False,0.9774174690246582,False,"[-1, -1, 1]",0.9971754550933838,False,10.405076885828379,False,False,False,True,>=3 frames,"D1 sustained miss (>=3 frames), field below threshold"
6bba_c328f2fd,6bba,78000418,77,19,221,91,30.875,1.40334951877594,0.1842063069343567,9.892738955720509,26674,5.441150574109593,-8.261970980092883,,,6.863937854766846,10.48091838471546,False,21.695423624580368,78000419.0,True,1,0.7777777777777778,False,False,17,True,1,,,0.6549025774002075,0.9760639667510986,False,0.9760639667510986,False,"[-1, -1, 1]",0.9993005990982056,False,9.475296829123613,False,False,False,True,>=3 frames,"D1 sustained miss (>=3 frames), field below threshold"
6bba_c328f2fd,6bba,79000423,78,7,31,19,11.375,4.3954691886901855,0.5741703510284424,7.999184268458606,26783,5.159619251600395,-6.1127144657075405,79000424.0,3.073972085775192,9.15997314453125,9.526109555169302,False,10.025407176893117,79000424.0,True,2,0.7878787878787878,True,False,2,True,1,,,0.9968968629837036,0.9994528889656067,False,0.9995083808898926,False,"[-2, -2, 0]",0.9998639822006226,False,8.75089281159357,False,False,False,False,2 frames,D3 field above threshold but no peak kept (ridge into a neighbour)
6bba_c328f2fd,6bba,79000427,78,19,222,90,30.875,1.479288101196289,0.1932360976934433,9.171905842638623,26758,3.644507082932513,8.416734812781215,,,9.57046890258789,9.695212778076707,False,22.815196758410828,79000428.0,True,2,0.7878787878787878,False,False,17,True,1,,,0.3883134424686432,0.8922935724258423,False,0.9991395473480225,False,"[2, -2, 2]",0.9997093081474304,False,8.900491559458949,False,False,False,True,>=3 frames,D3 field above threshold but no peak kept (ridge into a neighbour)
6bba_c328f2fd,6bba,80000433,79,6,26,18,9.75,4.352607250213623,0.5575311779975891,9.02185804911303,27198,8.95698224841931,-1.0799961388111115,,,8.58741569519043,9.282450240816008,True,8.909758081031157,80000432.0,True,3,0.797979797979798,False,True,2,True,1,,,0.9989665746688843,0.9995251893997192,False,0.9995593428611755,False,"[-2, -1, 0]",0.9996042847633362,False,8.900491559458949,False,False,False,False,2 frames,D3 field above threshold but no peak kept (ridge into a neighbour)
6bba_c328f2fd,6bba,80000436,79,17,216,95,27.625,1.5532673597335815,0.1989600509405136,8.470522418973724,27216,3.062222211309514,7.897629085928202,,,8.507058143615723,12.179167351353625,False,22.593490662412037,80000437.0,True,1,0.797979797979798,False,False,17,True,1,,,0.4817396104335785,0.9184566140174866,False,0.9951722025871277,False,"[2, -2, 0]",0.9996508359909058,False,8.75089281159357,False,False,False,True,>=3 frames,D3 field above threshold but no peak kept (ridge into a neighbour)
6bba_c328f2fd,6bba,81000443,80,17,211,92,27.625,1.7932000160217285,0.2274191528558731,7.166678715507738,27604,2.681025657161485,6.64630613476038,,,8.139678001403809,11.356298043317587,False,21.066324764004282,81000444.0,True,1,0.8080808080808081,False,False,17,True,1,,,0.8386306762695312,0.996585488319397,False,0.9990880489349365,False,"[2, -2, 0]",0.9996685981750488,False,6.700046641628698,False,False,False,True,>=3 frames,D3 field above threshold but no peak kept (ridge into a neighbour)
6bba_c328f2fd,6bba,82000451,81,16,208,92,26.0,1.7808635234832764,0.21794968843460083,7.798238264803083,27794,2.8954073871296018,7.240796647965908,,,9.300394058227539,12.045817759776568,False,22.314184985396622,82000452.0,True,1,0.8181818181818182,False,False,17,True,1,,,0.7360842227935791,0.9584315419197083,False,0.9986881613731384,False,"[2, -2, 0]",0.9995906949043274,False,7.267220926874317,False,False,False,True,>=3 frames,D3 field above threshold but no peak kept (ridge into a neighbour)
6bba_c328f2fd,6bba,83000459,82,16,208,92,26.0,1.7808635234832764,0.21794968843460083,7.82249643227105,28129,2.9007237884238326,7.264795381575823,,,9.304203987121582,12.050605657934138,False,22.314184985396622,83000460.0,True,1,0.8282828282828283,False,False,17,True,1,,,0.7349372506141663,0.957991898059845,False,0.9986868500709534,False,"[2, -2, 0]",0.9995941519737244,False,7.267220926874317,False,False,False,True,>=3 frames,D3 field above threshold but no peak kept (ridge into a neighbour)
6bba_c328f2fd,6bba,84000463,83,1,30,9,1.625,3.787588596343994,0.45153242349624634,8.0060686211834,28707,8.000320621404413,0.3033228013664484,,,6.113414764404297,12.102757556454849,True,7.5457588460339755,84000464.0,True,1,0.8383838383838383,True,True,1,True,1,,,0.9986039996147156,0.9986039996147156,False,0.9987683892250061,False,"[0, -2, 2]",0.9995772242546082,False,8.125,False,False,False,False,1 frame,D3 field above threshold but no peak kept (ridge into a neighbour)
6bba_c328f2fd,6bba,84000468,83,14,237,101,22.75,1.166524887084961,0.13906574249267578,10.778226873983423,28449,8.053474209767327,-7.1632204838097095,,,9.5582275390625,11.563900003966982,False,18.330835530602528,84000470.0,False,0,0.8383838383838383,,False,7,False,1,,,0.9286453723907471,0.9736995697021484,False,0.9736995697021484,False,"[-1, 1, -1]",0.9913198351860046,False,10.900831390311474,False,False,False,True,>=3 frames,"D1 sustained miss (>=3 frames), field below threshold"
6bba_c328f2fd,6bba,84000470,83,16,193,95,26.0,2.0933332443237305,0.24955400824546814,11.54992694747786,28511,10.977013620915786,-3.5924900081008673,,,8.713058471679688,12.622579270614931,False,18.330835530602528,84000468.0,False,0,0.8383838383838383,False,False,17,True,1,,,0.8653924465179443,0.9949316382408142,False,0.9994369149208069,False,"[2, -1, 1]",0.9997679591178894,False,11.375,False,False,False,False,>=3 frames,D3 field above threshold but no peak kept (ridge into a neighbour)
6bba_c328f2fd,6bba,85000480,84,14,232,100,22.75,1.1820071935653687,0.13941238820552826,11.638798125627286,28799,7.0363922269699675,-9.27096576616168,,,9.106659889221191,12.155549807637643,False,16.37142136468303,85000481.0,False,0,0.8484848484848485,False,False,7,True,1,,,0.8514887094497681,0.8901730179786682,False,0.8901730179786682,False,"[0, -1, 0]",0.9935838580131531,False,12.160386507015309,False,False,False,True,>=3 frames,"D1 sustained miss (>=3 frames), field below threshold"
6bba_c328f2fd,6bba,85000481,84,17,194,94,27.625,1.990035891532898,0.23471570014953613,8.972604507453156,28791,2.595274592083068,8.58907337486744,,,9.184064865112305,12.85638203166054,False,16.37142136468303,85000480.0,False,1,0.8484848484848485,False,True,17,True,1,,,0.7083479762077332,0.9587982296943665,False,0.999077320098877,False,"[2, -2, 0]",0.9997645020484924,False,8.443747686898277,False,False,False,True,>=3 frames,D3 field above threshold but no peak kept (ridge into a neighbour)
6bba_c328f2fd,6bba,86000489,85,14,228,101,22.75,1.202222228050232,0.14179666340351105,11.218843412102505,29105,6.400660075918528,-9.213793903589249,,,9.004508972167969,13.155309565718975,False,16.132780341977636,86000490.0,True,0,0.8585858585858586,False,False,7,True,1,,,0.8747982978820801,0.9141803979873657,False,0.9141803979873657,False,"[0, -1, 0]",0.9985820055007935,False,12.160386507015309,False,False,False,True,>=3 frames,"D1 sustained miss (>=3 frames), field below threshold"
6bba_c328f2fd,6bba,87000497,86,14,222,101,22.75,1.2628260850906372,0.14734305441379547,10.82224375142188,29417,4.357036063752938,-9.906421985477209,,,9.053175926208496,12.491631962446183,True,14.921048733668153,87000498.0,True,0,0.8686868686868687,False,False,7,True,1,,,0.8838902115821838,0.8838902115821838,False,0.8838902115821838,False,"[0, 0, 0]",0.9943642616271973,False,10.779030568655049,False,False,False,True,>=3 frames,"D1 sustained miss (>=3 frames), field below threshold"
6bba_c328f2fd,6bba,88000506,87,14,218,101,22.75,1.3053258657455444,0.14816318452358246,11.337174288125084,29716,4.904702066502661,-10.221321757882833,,,9.36328125,12.579812583660788,True,13.61998187407017,88000507.0,True,0,0.8787878787878788,False,False,7,True,1,,,0.8778523802757263,0.8778523802757263,False,0.8778523802757263,False,"[0, 0, 0]",0.9923965334892273,False,10.779030568655049,False,False,False,True,>=3 frames,"D1 sustained miss (>=3 frames), field below threshold"
6bba_c328f2fd,6bba,89000514,88,14,217,99,22.75,1.3672252893447876,0.15518918633460999,10.631050654732174,30030,4.243138950008205,-9.747564304707339,,,9.520556449890137,11.280611769631467,False,13.943314370156042,89000515.0,True,0,0.8888888888888888,False,False,7,True,1,,,0.5760318040847778,0.7354740500450134,False,0.9385716319084167,False,"[0, -2, -2]",0.9776380062103271,False,10.405076885828379,False,False,False,True,>=3 frames,"D1 sustained miss (>=3 frames), field below threshold"
6bba_c328f2fd,6bba,90000522,89,15,213,94,24.375,1.596571445465088,0.17717184126377106,9.437530391660895,30429,9.292467721888457,1.6483396285912022,,,8.532822608947754,11.34025535115375,False,12.295356084717515,90000523.0,True,1,0.898989898989899,False,True,7,True,1,,,0.7209586501121521,0.9951283931732178,False,0.9951283931732178,False,"[-1, -1, -1]",0.995187520980835,False,8.900491559458949,False,False,False,True,>=3 frames,D3 field above threshold but no peak kept (ridge into a neighbour)
6bba_c328f2fd,6bba,91000526,90,2,13,17,3.25,5.109689712524414,0.5573028922080994,11.516030452086653,30628,2.971515460388866,11.126052904874086,,,10.592981338500977,13.989874396414768,False,23.166938322747786,91000527.0,True,0,0.9090909090909091,True,True,1,True,1,,,0.9993959665298462,0.9996147155761719,False,0.9998018145561218,False,"[2, -2, 1]",0.9999018907546997,False,11.941262496067994,False,False,False,False,1 frame,D3 field above threshold but no peak kept (ridge into a neighbour)
6bba_c328f2fd,6bba,96000567,95,17,171,103,27.625,1.8916466236114502,0.19912070035934448,10.828467792601863,32157,10.573737749296914,-2.3349057249724865,,,9.662141799926758,10.842940896991445,True,11.411214672965363,96000566.0,True,0,0.9595959595959596,True,False,3,True,1,,,0.8534598350524902,0.9587872624397278,False,0.9747210144996643,False,"[-2, 1, 0]",0.9990147352218628,False,9.884489111734608,False,False,False,True,>=3 frames,"D1 sustained miss (>=3 frames), field below threshold"
6bba_c328f2fd,6bba,97000575,96,16,168,105,26.0,1.8160643577575684,0.19116465747356415,10.13214860870253,32617,9.476238360491422,3.5862713176757097,,,7.765880584716797,11.366068656401074,True,11.583469161373893,97000574.0,True,0,0.9696969696969697,False,False,3,True,1,,,0.8442281484603882,0.9770927429199219,False,0.9790792465209961,False,"[-2, 0, -1]",0.9902763366699219,False,11.375,False,False,False,True,>=3 frames,"D1 sustained miss (>=3 frames), field below threshold"
6bba_c328f2fd,6bba,98000581,97,16,164,106,26.0,1.8445266485214233,0.18948213756084442,9.891061470039537,32821,8.746633199278667,4.61838767118752,,,8.491058349609375,10.95450438422212,False,12.795262795269194,98000580.0,True,1,0.9797979797979798,False,True,3,True,1,,,0.7331050038337708,0.9411396980285645,False,0.9833534955978394,False,"[-2, 0, 0]",0.9942449927330017,False,10.65583760199075,False,False,False,True,>=3 frames,"D1 sustained miss (>=3 frames), field below threshold"
6bba_cf35214c,6bba,21000220,20,18,138,43,29.25,3.75905704498291,0.7688980102539062,7.9197298619150365,6180,5.557931732551828,5.641942568123341,,,9.399893760681152,10.42024024059181,False,16.556868146255802,21000219.0,True,1,0.20202020202020202,True,False,3,True,1,,,0.999630331993103,0.999630331993103,False,0.9997580647468567,False,"[2, -1, -2]",0.9999172687530518,True,7.083210783253595,False,False,False,False,>=3 frames,D3 field above threshold but no peak kept (ridge into a neighbour)
6bba_cf35214c,6bba,22000228,21,17,138,43,27.625,3.885751724243164,0.81889808177948,7.9675807030636765,6491,5.95850954164864,5.28947126865387,,,9.313216209411621,10.206130865686086,False,16.730398979103875,22000227.0,True,1,0.21212121212121213,False,False,3,True,1,,,0.9994580149650574,0.9995705485343933,False,0.9998109936714172,False,"[2, -2, -2]",0.9999097585678101,True,7.621925609713073,False,False,False,False,>=3 frames,D3 field above threshold but no peak kept (ridge into a neighbour)
6bba_cf35214c,6bba,23000236,22,16,139,41,26.0,4.065610408782959,0.848402202129364,7.553496470327486,6806,5.649030019196588,5.014356266707182,,,9.263669967651367,11.233425444816127,False,16.556868146255802,23000235.0,True,1,0.2222222222222222,False,True,3,True,1,,,0.9994346499443054,0.9996005892753601,False,0.9996473789215088,False,"[2, -1, -2]",0.9999051094055176,True,7.621925609713073,False,False,False,False,>=3 frames,D3 field above threshold but no peak kept (ridge into a neighbour)
6bba_cf35214c,6bba,26000261,25,13,143,34,21.125,3.379103899002075,0.7097980380058289,7.255728021647732,7693,5.94170252060576,4.164343919605017,,,9.923290252685547,11.84996510630489,False,16.421748631768786,26000260.0,True,1,0.25252525252525254,True,True,1,True,1,,,0.9993588328361511,0.9996206760406494,False,0.9998888969421387,False,"[2, -1, -2]",0.9999510049819946,True,7.621925609713073,False,False,False,False,1 frame,D3 field above threshold but no peak kept (ridge into a neighbour)
6bba_cf35214c,6bba,34000339,33,55,146,160,89.375,3.1167192459106445,0.6804407835006714,7.987519943338724,10255,5.814836531597218,5.476143803447485,,,10.494028091430664,10.763264706872667,False,18.407204983714937,34000338.0,True,1,0.3333333333333333,True,True,1,True,1,,,0.9992132186889648,0.999711811542511,False,0.9997676014900208,False,"[2, -2, -2]",0.9999723434448242,True,7.621925609713073,False,False,False,False,1 frame,D3 field above threshold but no peak kept (ridge into a neighbour)
6bba_cf35214c,6bba,37000359,36,52,144,157,84.5,3.01430082321167,0.6580808162689209,7.439786650884303,11288,5.730349079394201,4.744841919280589,,,9.862770080566406,12.93902448605396,False,18.76241776297767,37000358.0,True,1,0.36363636363636365,True,True,1,True,1,,,0.9997534155845642,0.9997990727424622,False,0.9997990727424622,False,"[0, -1, 0]",0.9999479055404663,True,7.621925609713073,False,False,False,False,1 frame,D3 field above threshold but no peak kept (ridge into a neighbour)
6bba_cf35214c,6bba,64000593,63,18,133,116,29.25,2.3119559288024902,0.6281450986862183,8.818083332017833,21032,4.051806092811385,7.8320789728313684,,,10.991026878356934,10.331276996254728,False,22.236389798031514,64000594.0,True,1,0.6363636363636364,True,True,1,True,1,,,0.9995657801628113,0.9999344348907471,False,0.9999344348907471,False,"[1, 0, -1]",0.9999512434005737,False,9.475296829123613,False,False,False,False,1 frame,D3 field above threshold but no peak kept (ridge into a neighbour)
6bba_cf35214c,6bba,68000642,67,39,250,199,63.375,1.1547967195510864,0.32607898116111755,7.9787897843769295,22928,4.390859619746869,6.661939524114132,,,7.685707092285156,15.793742693795679,False,29.59218250864576,68000639.0,True,1,0.6767676767676768,,True,1,False,1,,,0.9877211451530457,0.9971919655799866,False,0.9989585876464844,False,"[2, -2, -1]",0.9993614554405212,False,7.44668550430324,False,False,False,True,1 frame,D3 field above threshold but no peak kept (ridge into a neighbour)
6bba_cf35214c,6bba,69000648,68,13,132,116,21.125,2.4441604614257812,0.685105562210083,8.337661530089841,23020,5.682122275715706,6.1016461905092,,,10.765971183776855,10.221961678640707,False,24.280023295911395,69000647.0,True,1,0.6868686868686869,True,True,1,True,1,,,0.9998924732208252,0.9999222755432129,False,0.999925971031189,False,"[2, 0, -1]",0.9999368190765381,False,9.334914300624297,False,False,False,False,1 frame,D3 field above threshold but no peak kept (ridge into a neighbour)
6bba_cf35214c,6bba,70000666,69,39,245,203,63.375,1.3368245363235474,0.3691919147968292,8.21243589296126,23558,5.17919979848002,6.373381578363478,,,8.912914276123047,16.91174084650317,False,30.139260110361036,70000663.0,True,1,0.696969696969697,True,False,2,True,1,,,0.9992043375968933,0.9995715022087097,False,0.9998016953468323,False,"[2, -1, -1]",0.9998127818107605,False,8.285906709588275,False,False,False,True,2 frames,D3 field above threshold but no peak kept (ridge into a neighbour)
6bba_cf35214c,6bba,71000671,70,3,138,248,4.875,0.9007260799407959,0.2506152391433716,10.745180187773839,24120,3.153761032956019,10.271936945617199,,,7.642882823944092,18.726175684282538,False,45.033320996790806,71000675.0,True,0,0.7070707070707071,True,,1,True,0,,,0.8479341864585876,0.9875806570053101,False,0.9945827126502991,False,"[2, 1, -2]",0.9956845045089722,False,10.405076885828379,False,False,False,True,1 frame,D3 field above threshold but no peak kept (ridge into a neighbour)
6bba_cf35214c,6bba,71000679,70,36,243,206,58.5,1.1691089868545532,0.325289249420166,10.899387938248337,24025,6.821356563775127,8.500926541164517,,,8.420026779174805,17.60066963845958,False,29.70907111052111,71000676.0,True,0,0.7070707070707071,False,True,2,True,1,,,0.9984840750694275,0.9992874264717102,False,0.999426007270813,False,"[2, -2, 0]",0.9997349381446838,False,10.531203634912773,False,False,False,True,2 frames,D3 field above threshold but no peak kept (ridge into a neighbour)
6bba_cf35214c,6bba,76000727,75,7,126,121,11.375,2.344921827316284,0.6540588140487671,7.4909180803199895,25812,6.798106165071745,3.1463639736175537,,,10.673524856567383,10.26671554855315,False,23.719573437616873,76000725.0,True,1,0.7575757575757576,True,True,1,True,1,,,0.9999133348464966,0.9999189376831055,False,0.9999189376831055,False,"[0, 0, -1]",0.9999656677246094,False,7.44668550430324,False,False,False,False,1 frame,D3 field above threshold but no peak kept (ridge into a neighbour)
6bba_cf35214c,6bba,78000747,77,5,126,121,8.125,2.123957872390747,0.6012029051780701,7.227027502938669,26658,6.646640712868597,2.83762114495039,,,9.970084190368652,11.192252733095092,False,23.789050954430696,78000746.0,True,1,0.7777777777777778,True,True,1,True,1,,,0.9998422861099243,0.9998736381530762,False,0.9998736381530762,False,"[0, 0, -1]",0.9999321699142456,False,7.44668550430324,False,False,False,False,1 frame,D3 field above threshold but no peak kept (ridge into a neighbour)
6bba_cf35214c,6bba,79000764,78,28,247,147,45.5,1.129205584526062,0.31651973724365234,7.535449817911947,27285,6.655104491908454,3.5344855580478907,,,8.253205299377441,15.47038669447151,False,39.17733121653388,79000765.0,True,1,0.7878787878787878,True,False,2,True,1,,,0.9890544414520264,0.9975730776786804,False,0.9994275569915771,False,"[1, -1, -2]",0.9997395873069763,True,6.080193253507654,False,False,False,True,2 frames,D3 field above threshold but no peak kept (ridge into a neighbour)
6bba_cf35214c,6bba,80000771,79,3,120,124,4.875,2.109346389770508,0.5927088856697083,8.003869118732963,27483,6.949145013261576,3.971310168504715,,,10.267422676086426,11.518615583406634,False,24.078667458198346,80000770.0,True,1,0.797979797979798,True,True,1,True,1,,,0.9996858835220337,0.999846339225769,False,0.999868631362915,False,"[2, -1, -2]",0.9999396800994873,False,7.960841664045329,False,False,False,False,1 frame,D3 field above threshold but no peak kept (ridge into a neighbour)
6bba_cf35214c,6bba,80000776,79,26,246,147,42.25,1.1784967184066772,0.33114784955978394,9.280897277110201,27811,5.8516437492599005,7.203701805323362,,,7.317256450653076,13.90750102989048,False,40.71630364869213,80000777.0,True,1,0.797979797979798,False,True,2,True,1,,,0.9983215928077698,0.9990180730819702,False,0.9990180730819702,False,"[1, -1, 0]",0.9993155002593994,False,8.75089281159357,False,False,False,True,2 frames,D3 field above threshold but no peak kept (ridge into a neighbour)
6bba_cf35214c,6bba,84000819,83,32,188,251,52.0,1.1502310037612915,0.32003673911094666,9.760349629605413,29577,7.22234509976145,6.565223237033933,,,7.241436004638672,15.772774100960717,False,39.58176120781515,84000817.0,True,1,0.8383838383838383,True,True,1,True,1,,,0.9912011623382568,0.9972694516181946,False,0.9974368810653687,False,"[1, -2, -1]",0.9984009861946106,False,9.75,False,False,False,True,1 frame,D3 field above threshold but no peak kept (ridge into a neighbour)
6bba_cf35214c,6bba,90000877,89,9,33,218,14.625,2.074199914932251,0.5549770593643188,9.389692696257118,32147,8.205237134080756,-4.56513006426394,,,8.143086433410645,9.805014106898609,False,33.855520806251086,90000874.0,True,2,0.898989898989899,True,True,1,True,1,,,0.9993420243263245,0.999569833278656,False,0.9996048808097839,False,"[1, -2, 0]",0.9997490048408508,False,9.475296829123613,False,False,False,False,1 frame,D3 field above threshold but no peak kept (ridge into a neighbour)
6bba_cf35214c,6bba,97000946,96,13,12,253,21.125,2.011507272720337,0.5361248850822449,7.479016726748124,35390,6.2320261401453605,-4.134917337447405,,,7.9792046546936035,9.727216541264552,False,30.262216670503502,97000943.0,True,2,0.9696969696969697,True,,1,True,0,,,0.9903026223182678,0.9986686706542969,False,0.9986686706542969,False,"[-1, -1, -1]",0.9994913339614868,False,8.125,False,False,False,False,1 frame,D3 field above threshold but no peak kept (ridge into a neighbour)
6bba_d1acb6ff,6bba,17000169,16,23,193,40,37.375,6.044592380523682,0.7442042231559753,8.58052414329589,3488,2.8088080914672098,-8.107773534022272,,,10.697354316711426,16.108340672823665,False,35.85372027854989,17000172.0,True,1,0.16161616161616163,True,False,2,True,1,,,0.9998573064804077,0.9998824596405029,False,0.999937891960144,False,"[-2, -1, -1]",0.999954342842102,False,8.900491559458949,False,False,False,False,2 frames,D3 field above threshold but no peak kept (ridge into a neighbour)
6bba_d1acb6ff,6bba,18000176,17,22,196,35,35.75,6.309662818908691,0.7682079076766968,8.737027042489224,3712,4.118181498152343,-7.705596841871738,,,10.02569580078125,13.84595126349302,False,37.64120550092013,18000179.0,True,1,0.1717171717171717,False,True,2,True,1,,,0.9997801184654236,0.9999243021011353,False,0.9999243021011353,False,"[-1, -1, 0]",0.9999520778656006,False,9.334914300624297,False,False,False,False,2 frames,D3 field above threshold but no peak kept (ridge into a neighbour)
6bba_d1acb6ff,6bba,20000196,19,22,200,24,35.75,6.081048488616943,0.7403739094734192,9.320860541486168,4109,4.387392477115309,-8.223699197173119,,,11.559444427490234,15.1261538943833,False,37.90554152264547,20000200.0,True,1,0.1919191919191919,True,True,1,True,1,,,0.9997813105583191,0.9998741149902344,False,0.9998948574066162,False,"[-2, -1, -1]",0.9999582767486572,False,10.017172754824587,False,False,False,False,1 frame,D3 field above threshold but no peak kept (ridge into a neighbour)
6bba_d1acb6ff,6bba,27000282,26,45,213,16,73.125,6.056117534637451,0.7539079189300537,7.05692470231258,5640,2.678342050276914,-6.528910331428051,,,8.426634788513184,11.756991570235817,False,33.667317702038574,27000284.0,True,1,0.26262626262626265,True,False,2,True,1,,,0.9987033605575562,0.999584972858429,False,0.999584972858429,False,"[-1, 0, -1]",0.9997257590293884,False,6.894291116568838,False,False,False,False,2 frames,D3 field above threshold but no peak kept (ridge into a neighbour)
6bba_d1acb6ff,6bba,28000295,27,44,216,13,71.5,5.862271308898926,0.7297765612602234,6.114341422796752,5775,3.1200414219809183,-5.258375467732549,,,9.228177070617676,9.886427299365357,False,25.128459028062185,28000299.0,True,2,0.2727272727272727,False,True,2,True,1,,,0.9988340735435486,0.9994420409202576,False,0.9998260140419006,False,"[-2, 1, -1]",0.9999017715454102,True,5.3895152843275245,True,False,False,False,2 frames,"D5 local-metric truncation artefact (detection 5.6-7 um away, mostly in z)"
6bba_d1acb6ff,6bba,31000341,30,52,182,52,84.5,4.579555511474609,0.5638303756713867,8.811009999509807,6549,8.810752963572718,-0.06730101304128766,,,6.5763630867004395,9.318311218792873,False,23.743913693828993,31000335.0,True,3,0.30303030303030304,True,True,1,True,1,,,0.9995194673538208,0.9995535016059875,False,0.9995951056480408,False,"[2, 0, 0]",0.9995951056480408,False,8.75089281159357,False,False,False,False,1 frame,D3 field above threshold but no peak kept (ridge into a neighbour)
6bba_d1acb6ff,6bba,32000353,31,40,178,85,65.0,6.896117687225342,0.858476996421814,9.572712715924919,6645,3.019023123554794,-9.084180101752281,,,8.582450866699219,10.976685430955941,False,24.25622101260829,32000355.0,True,1,0.31313131313131315,True,True,1,True,1,,,0.9997847676277161,0.9997847676277161,False,0.9998076558113098,False,"[-2, 1, 0]",0.9998086094856262,False,10.277402395547233,False,False,False,False,1 frame,D3 field above threshold but no peak kept (ridge into a neighbour)
6bba_d1acb6ff,6bba,35000384,34,18,65,207,29.25,7.011086463928223,0.8536069393157959,10.346428817070253,7166,1.8002176965305245,10.188611559569836,,,9.388079643249512,13.317205580790084,False,43.831720552158345,35000389.0,True,0,0.3434343434343434,True,True,1,True,1,,,0.9997397065162659,0.9997397065162659,False,0.9998420476913452,False,"[2, 0, 1]",0.9998719692230225,False,10.017172754824587,False,False,False,False,1 frame,D3 field above threshold but no peak kept (ridge into a neighbour)
6bba_d1acb6ff,6bba,37000403,36,32,195,30,52.0,5.540536403656006,0.6594071984291077,7.695906732349202,7601,3.9830728765050414,-6.5849913358688354,,,8.892763137817383,10.011940286336865,False,31.731739950915077,37000408.0,True,1,0.36363636363636365,True,False,2,True,1,,,0.9992086291313171,0.9994109869003296,False,0.9996721744537354,False,"[-2, 0, -1]",0.9997984766960144,False,7.44668550430324,False,False,False,False,2 frames,D3 field above threshold but no peak kept (ridge into a neighbour)
6bba_d1acb6ff,6bba,38000415,37,31,198,19,50.375,5.07829475402832,0.5974464416503906,6.682295571828715,7750,2.441133917273077,-6.220445265993476,,,10.233379364013672,10.024374220762377,False,61.820785908240445,38000417.0,True,1,0.37373737373737376,False,True,2,True,1,,,0.9990567564964294,0.9997108578681946,False,0.999911904335022,False,"[-2, 0, -1]",0.9999516010284424,False,6.700046641628698,True,False,False,False,2 frames,"D5 local-metric truncation artefact (detection 5.6-7 um away, mostly in z)"
6bba_d1acb6ff,6bba,55000670,54,55,89,216,89.375,7.034999847412109,0.692913830280304,9.144194024242573,10705,0.25680467218171216,9.140587273985147,,,10.112695693969727,10.29071375665226,False,41.37571987666801,55000665.0,True,1,0.5454545454545454,True,True,1,True,1,,,0.9988879561424255,0.9993367791175842,False,0.999420166015625,False,"[2, 0, 0]",0.9997631907463074,False,9.75,False,False,False,False,1 frame,D3 field above threshold but no peak kept (ridge into a neighbour)
6bba_d1acb6ff,6bba,66000842,65,35,161,82,56.875,10.37417984008789,0.8940811157226562,8.979628389094854,12321,2.9590602957201404,8.478071017190814,,,11.946481704711914,10.589439630347773,False,29.922180971020477,66000850.0,True,1,0.6565656565656566,True,False,8,True,1,,,0.9997051358222961,0.9998747110366821,False,0.9999198913574219,False,"[2, 0, 0]",0.9999790191650391,False,8.75089281159357,False,False,True,False,>=3 frames,D3 field above threshold but no peak kept (ridge into a neighbour)
6bba_d1acb6ff,6bba,67000857,66,35,162,79,56.875,11.018412590026855,0.949603259563446,9.638813504937774,12466,3.7114457924388904,8.895611047744751,,,10.800230026245117,10.550478768261147,False,28.54177311415673,67000865.0,True,1,0.6666666666666666,False,False,8,True,1,,,0.9996159076690674,0.9998488426208496,False,0.9998937845230103,False,"[2, 0, 0]",0.9999611377716064,False,9.475296829123613,False,False,True,False,>=3 frames,D3 field above threshold but no peak kept (ridge into a neighbour)
6bba_d1acb6ff,6bba,67000860,66,53,81,210,86.125,6.7663493156433105,0.5831463932991028,7.80902654009595,12541,1.6714098504990527,-7.628059033304453,,,7.894008636474609,12.292592087581074,False,27.100255130256617,67000862.0,True,1,0.6666666666666666,True,True,1,True,1,,,0.9989780187606812,0.9995043277740479,False,0.9995043277740479,False,"[-1, 0, 0]",0.9995625615119934,False,8.285906709588275,False,False,False,False,1 frame,D3 field above threshold but no peak kept (ridge into a neighbour)
6bba_d1acb6ff,6bba,68000872,67,34,161,75,55.25,9.657567024230957,0.832321047782898,9.40599591255809,12591,3.511377560812172,8.725994884967804,,,11.712827682495117,9.802787586879203,False,29.17089999040139,68000880.0,True,2,0.6767676767676768,False,False,8,True,1,,,0.9992241859436035,0.9995638728141785,False,0.9998282194137573,False,"[2, 0, 1]",0.9999082088470459,False,8.900491559458949,False,False,True,False,>=3 frames,D3 field above threshold but no peak kept (ridge into a neighbour)
6bba_d1acb6ff,6bba,68000873,67,38,111,157,61.75,8.598518371582031,0.7410488128662109,9.582035194148288,12630,5.525717842706658,-7.8282718900591135,,,8.601503372192383,11.229438026416055,False,32.05000975038853,68000875.0,True,1,0.6767676767676768,True,False,2,True,1,,,0.9996848106384277,0.9997182488441467,False,0.999733030796051,False,"[-2, -1, 2]",0.9997970461845398,False,9.334914300624297,False,False,True,False,2 frames,D3 field above threshold but no peak kept (ridge into a neighbour)
6bba_d1acb6ff,6bba,69000889,68,32,164,69,52.0,9.791956901550293,0.8439033031463623,9.814817768276829,12750,9.388167865130898,2.862333307042718,,,8.876781463623047,12.813669013955861,False,30.92307113022573,69000891.0,True,1,0.6868686868686869,False,False,8,True,1,,,0.999471127986908,0.9996826648712158,False,0.9998646974563599,False,"[2, 0, 0]",0.9998672008514404,False,10.900831390311474,False,False,True,False,>=3 frames,D3 field above threshold but no peak kept (ridge into a neighbour)
6bba_d1acb6ff,6bba,69000890,68,37,115,151,60.125,8.577142715454102,0.7392065525054932,10.006953758916993,12736,6.680499218426073,-7.450506944209337,,,9.379980087280273,11.703880992860336,False,32.948853593486376,69000893.0,True,0,0.6868686868686869,False,True,2,True,1,,,0.9994992017745972,0.9996405839920044,False,0.9997333884239197,False,"[-2, -1, 2]",0.9997876286506653,False,10.65583760199075,False,False,True,False,2 frames,D3 field above threshold but no peak kept (ridge into a neighbour)
6bba_d1acb6ff,6bba,70000905,69,31,163,65,50.375,8.871110916137695,0.764541745185852,8.359067798301957,12874,8.102225393841808,2.056199923157692,,,8.973734855651855,12.75037565420941,False,30.620041052593315,70000907.0,True,1,0.696969696969697,False,False,8,True,1,,,0.9915015697479248,0.9997790455818176,False,0.9998742341995239,False,"[2, 1, 0]",0.9999223947525024,False,8.285906709588275,False,False,True,False,>=3 frames,D3 field above threshold but no peak kept (ridge into a neighbour)
6bba_d1acb6ff,6bba,71000920,70,30,165,61,48.75,9.421720504760742,0.799106240272522,9.344768367932433,13060,8.853029694367708,2.991414561867714,,,8.003668785095215,11.196010182680212,False,29.902870106814163,71000922.0,True,1,0.7070707070707071,False,False,8,True,1,,,0.9992920160293579,0.9995772242546082,False,0.9998395442962646,False,"[2, 0, 0]",0.9998852014541626,False,9.75,False,False,True,False,>=3 frames,D3 field above threshold but no peak kept (ridge into a neighbour)
6bba_d1acb6ff,6bba,72000936,71,30,166,56,48.75,9.407431602478027,0.7850250601768494,9.07535553793119,13204,8.476578673904033,3.2418655315996148,,,7.642218589782715,11.577646459012474,False,38.90678965489186,72000937.0,True,1,0.7171717171717171,False,False,8,True,1,,,0.9980888962745667,0.9993641972541809,False,0.9997292160987854,False,"[2, 1, 0]",0.9997957348823547,False,10.017172754824587,False,False,True,False,>=3 frames,D3 field above threshold but no peak kept (ridge into a neighbour)
6bba_d1acb6ff,6bba,73000951,72,28,166,52,45.5,8.478469848632812,0.7075056433677673,9.587161814518678,13322,6.679141859436336,-6.877698428928852,,,7.6496381759643555,9.651857025452083,False,39.397872820908745,73000952.0,True,2,0.7272727272727273,False,True,8,True,1,,,0.9978680610656738,0.9993793964385986,False,0.9994944334030151,False,"[2, 1, -1]",0.9994944334030151,False,9.192388155425117,False,False,True,False,>=3 frames,D3 field above threshold but no peak kept (ridge into a neighbour)
6bba_d1acb6ff,6bba,73000954,72,53,28,207,86.125,4.443060398101807,0.370761513710022,8.314321899829283,13317,5.682598820979916,-6.069268431514502,,,7.830114364624023,13.81640004133426,False,31.183491726392667,73000956.0,True,1,0.7272727272727273,True,False,6,True,1,,,0.9993621706962585,0.9997724890708923,False,0.9997724890708923,False,"[-1, -1, 1]",0.9997952580451965,False,8.125,False,False,False,False,>=3 frames,D3 field above threshold but no peak kept (ridge into a neighbour)
6bba_d1acb6ff,6bba,74000968,73,31,125,123,50.375,9.759333610534668,0.8010396957397461,8.353893245173957,13414,7.997839313038596,2.4129025414586067,,,8.118326187133789,11.184489457153223,False,33.195870531023886,74000974.0,True,1,0.7373737373737373,True,False,3,True,1,,,0.9995138645172119,0.9996880292892456,False,0.9996880292892456,False,"[1, 0, 1]",0.9997456669807434,False,8.443747686898277,False,False,True,False,>=3 frames,D3 field above threshold but no peak kept (ridge into a neighbour)
6bba_d1acb6ff,6bba,74000972,73,50,29,203,81.25,4.924666881561279,0.40421342849731445,9.976454881649882,13360,5.156611068507624,-8.540434081107378,,,10.011190414428711,12.104950285032354,False,17.20697759994474,74000977.0,True,1,0.7373737373737373,False,False,6,True,1,,,0.9995911717414856,0.999824583530426,False,0.9998633861541748,False,"[-2, -2, 2]",0.9999105930328369,False,10.017172754824587,False,False,False,False,>=3 frames,D3 field above threshold but no peak kept (ridge into a neighbour)
6bba_d1acb6ff,6bba,75000986,74,30,127,119,48.75,9.61288070678711,0.7758686542510986,9.507133199571733,13539,9.466711715084196,0.8757573738694191,,,8.006584167480469,9.91867736039746,False,32.66462213255344,75000991.0,False,2,0.7474747474747475,False,False,3,True,1,,,0.999289870262146,0.9996562004089355,False,0.9996594190597534,False,"[2, 1, 1]",0.9998185038566589,False,8.900491559458949,False,False,True,False,>=3 frames,D3 field above threshold but no peak kept (ridge into a neighbour)
6bba_d1acb6ff,6bba,75000988,74,48,30,199,78.0,5.156610012054443,0.4161969721317291,8.05813442193247,13511,6.222019325545875,-5.120547419413924,,,8.512106895446777,10.062764917061267,False,20.20251473362908,75000994.0,True,1,0.7474747474747475,False,False,6,True,1,,,0.9995638728141785,0.999908447265625,False,0.999908447265625,False,"[-1, -1, 1]",0.9999544620513916,False,8.125,False,False,False,False,>=3 frames,D3 field above threshold but no peak kept (ridge into a neighbour)
6bba_d1acb6ff,6bba,75000991,74,44,102,171,71.5,8.220112800598145,0.6634564399719238,7.568618195185139,13468,3.121384242154447,6.894993966445327,,,10.998090744018555,10.272587462952124,False,32.05000975038853,75000988.0,False,1,0.7474747474747475,True,False,2,True,1,,,0.9997847676277161,0.9998559951782227,False,0.9999384880065918,False,"[2, 1, 1]",0.9999783039093018,False,7.44668550430324,False,False,True,False,2 frames,D3 field above threshold but no peak kept (ridge into a neighbour)
6bba_d1acb6ff,6bba,76001002,75,28,128,113,45.5,8.963448524475098,0.7111901640892029,9.986106644119614,13651,9.620101377362747,2.6788011118769646,,,8.169581413269043,11.7441106132759,False,33.073840210202384,76001004.0,False,1,0.7575757575757576,False,True,3,True,1,,,0.9991043210029602,0.9993302822113037,False,0.9995177984237671,False,"[2, 0, 0]",0.9996187686920166,False,10.017172754824587,False,False,True,False,>=3 frames,D3 field above threshold but no peak kept (ridge into a neighbour)
6bba_d1acb6ff,6bba,76001004,75,42,104,167,68.25,8.727816581726074,0.6924943327903748,6.8595247995062225,13619,4.694670322804388,5.001314930617809,,,9.06613540649414,8.068486534934653,False,31.82781433942645,76001006.0,False,3,0.7575757575757576,False,True,2,True,1,,,0.9987033605575562,0.9996331930160522,False,0.9998440742492676,False,"[2, 0, 1]",0.9999291896820068,True,6.700046641628698,True,False,True,False,2 frames,"D5 local-metric truncation artefact (detection 5.6-7 um away, mostly in z)"
6bba_d1acb6ff,6bba,76001006,75,46,33,196,74.75,5.2395405769348145,0.4157227575778961,9.712296251759138,13589,5.512663946496705,-7.9962012665346265,,,11.176680564880371,11.30541510046733,False,21.741018260421935,76001008.0,True,1,0.7575757575757576,False,False,6,True,1,,,0.999409556388855,0.99986732006073,False,0.9999234676361084,False,"[-2, -2, 1]",0.9999780654907227,False,9.613629647536875,False,False,False,False,>=3 frames,D3 field above threshold but no peak kept (ridge into a neighbour)
6bba_d1acb6ff,6bba,79001047,78,37,113,145,60.125,7.8840250968933105,0.5716187953948975,8.090997455696117,13990,5.322664916549219,6.093724478036165,,,8.273560523986816,9.16638648331708,False,33.33478675216777,79001044.0,True,2,0.7878787878787878,True,True,1,True,1,,,0.9962726831436157,0.9995535016059875,False,0.9995535016059875,False,"[-1, -1, 1]",0.9997041821479797,False,8.285906709588275,False,False,False,False,1 frame,D3 field above threshold but no peak kept (ridge into a neighbour)
6bba_d1acb6ff,6bba,80001057,79,39,47,172,63.375,5.866405487060547,0.4092840850353241,12.303772406583,14101,3.250494628902129,-11.866638112813234,,,8.095341682434082,13.008181603969227,False,20.434011552433848,80001062.0,True,0,0.797979797979798,,True,1,False,1,,,0.9992383718490601,0.999620795249939,False,0.9998444318771362,False,"[-2, -2, 1]",0.9998723268508911,False,11.941262496067994,False,False,False,False,1 frame,D3 field above threshold but no peak kept (ridge into a neighbour)
6bba_d1acb6ff,6bba,82001080,81,31,125,121,50.375,7.028299331665039,0.47111716866493225,7.6200038746738015,14303,4.984868032793626,5.76329330727458,,,8.02692699432373,9.792197486496669,False,33.048880701545706,82001078.0,True,2,0.8181818181818182,True,True,1,True,1,,,0.9784246683120728,0.9993265867233276,False,0.9995144605636597,False,"[1, -2, 0]",0.9996671676635742,False,8.285906709588275,False,False,False,False,1 frame,D3 field above threshold but no peak kept (ridge into a neighbour)
6bba_d1acb6ff,6bba,82001083,81,37,57,160,60.125,5.7893877029418945,0.38807111978530884,11.628721121483094,14316,11.500124407749174,-1.7246140227653086,,,7.5137553215026855,15.147154065818366,False,19.41942990441532,82001084.0,True,0,0.8181818181818182,True,False,5,True,1,,,0.9994508624076843,0.9995864033699036,False,0.9997445940971375,False,"[-2, -2, 1]",0.9998000264167786,False,11.604821196382131,False,False,False,False,>=3 frames,D3 field above threshold but no peak kept (ridge into a neighbour)
6bba_d1acb6ff,6bba,83001092,82,34,59,158,55.25,6.9877777099609375,0.4588417708873749,10.811861763553747,14337,6.731332113560815,-8.460822818800807,,,12.589326858520508,11.030776406322232,False,20.750588282323466,83001096.0,True,0,0.8282828282828283,False,False,5,True,1,,,0.9993849992752075,0.9997689127922058,False,0.9998704195022583,False,"[-2, -2, 1]",0.9999860525131226,False,10.531203634912773,False,False,False,False,>=3 frames,D3 field above threshold but no peak kept (ridge into a neighbour)
6bba_d1acb6ff,6bba,84001102,83,28,137,103,45.5,9.086241722106934,0.5842043161392212,7.188455698920496,14521,2.944893424508768,6.557552748825401,,,7.154212951660156,8.869237726397893,False,34.08870838067204,84001099.0,True,2,0.8383838383838383,True,True,1,True,1,,,0.9988555908203125,0.9993394017219543,False,0.9993394017219543,False,"[0, -1, 0]",0.9995774626731873,False,7.267220926874317,False,False,True,False,1 frame,D3 field above threshold but no peak kept (ridge into a neighbour)
6bba_d1acb6ff,6bba,84001103,83,30,59,152,48.75,7.644822597503662,0.49152758717536926,6.452362714644538,14436,4.092681420679087,-4.988280604593456,,,12.971427917480469,9.343483973443341,False,25.334500469961906,84001106.0,True,2,0.8383838383838383,False,False,5,True,1,,,0.9998995065689087,0.9999877214431763,False,0.999993085861206,False,"[-2, -2, 0]",0.999997615814209,True,5.859020822628983,True,False,False,False,>=3 frames,"D5 local-metric truncation artefact (detection 5.6-7 um away, mostly in z)"
6bba_d1acb6ff,6bba,48000555,47,38,83,204,61.75,6.643499851226807,0.7270587682723999,8.520096676965181,9565,6.477725142229531,5.534539218991995,,,10.747563362121582,12.281845759154296,False,11.67571263884993,48000554.0,True,1,0.47474747474747475,True,False,2,True,1,,,0.999882698059082,0.999942421913147,False,0.999942421913147,False,"[1, 0, -1]",0.9999721050262451,False,8.75089281159357,False,False,False,False,2 frames,D3 field above threshold but no peak kept (ridge into a neighbour)
6bba_d1acb6ff,6bba,49000567,48,38,83,204,61.75,6.643499851226807,0.7270587682723999,8.550689836814133,9732,6.483641606858114,5.574646912515163,,,10.5709867477417,12.288578262936833,False,11.67571263884993,49000566.0,True,1,0.48484848484848486,False,True,2,True,1,,,0.9998694658279419,0.9999333620071411,False,0.9999333620071411,False,"[1, 0, -1]",0.9999663829803467,False,8.75089281159357,False,False,False,False,2 frames,D3 field above threshold but no peak kept (ridge into a neighbour)
6bba_d1acb6ff,6bba,62000791,61,49,202,27,79.625,7.905489921569824,0.7353944182395935,8.32037984693719,11822,3.3857806635412864,7.600342761725187,,,8.37498950958252,9.78851139049183,True,10.091040658054053,62000792.0,True,2,0.6161616161616161,,False,2,False,1,,,0.9966141581535339,0.9991310238838196,False,0.99936443567276,False,"[2, 2, -1]",0.9997182488441467,False,8.75089281159357,False,False,False,False,2 frames,D3 field above threshold but no peak kept (ridge into a neighbour)
6bba_d1acb6ff,6bba,63000806,62,47,206,19,76.375,9.27761173248291,0.8503419756889343,6.968119165618832,11912,2.457469909866422,6.5203931130236015,,,9.893871307373047,9.756346811226427,False,10.938616014491961,63000805.0,True,2,0.6262626262626263,False,True,2,True,1,,,0.9987413287162781,0.9997926354408264,False,0.9998809099197388,False,"[2, 1, 0]",0.9999393224716187,False,6.700046641628698,True,False,True,False,2 frames,"D5 local-metric truncation artefact (detection 5.6-7 um away, mostly in z)"
6bba_d1acb6ff,6bba,67000864,66,41,207,6,66.625,7.236613750457764,0.6236753463745117,8.077028749644704,12505,7.821912914541631,2.013969160616398,67000865.0,2.0719030285930566,8.541618347167969,9.2869146237123,False,8.225935547097363,67000865.0,True,2,0.6666666666666666,True,True,1,True,1,,,0.9974195957183838,0.9990183115005493,False,0.9990183115005493,False,"[1, 1, 0]",0.9991021156311035,False,8.443747686898277,False,False,False,False,1 frame,D3 field above threshold but no peak kept (ridge into a neighbour)
6bba_d1acb6ff,6bba,78001039,77,43,45,182,69.875,5.5920000076293945,0.42073869705200195,12.46394240402951,13898,12.329288525160209,1.8271575504913926,,,7.636481761932373,12.941106984813912,False,20.466292791441248,78001038.0,True,0,0.7777777777777778,False,,6,True,0,,,0.9993957281112671,0.9994558691978455,False,0.9997534155845642,False,"[-2, -2, 1]",0.9998778104782104,False,11.604821196382131,False,False,False,False,>=3 frames,D3 field above threshold but no peak kept (ridge into a neighbour)
6bba_d1acb6ff,6bba,86001132,85,31,72,141,50.375,6.588444709777832,0.40558141469955444,10.734846074607939,14695,9.498541787153302,-5.001462202519178,,,7.957825183868408,11.594713592650303,False,22.706431495283447,86001129.0,True,0,0.8585858585858586,False,,5,True,0,,,0.9984768033027649,0.9992895126342773,False,0.9998364448547363,False,"[-2, -2, 1]",0.9999552965164185,False,10.405076885828379,False,False,False,False,>=3 frames,D3 field above threshold but no peak kept (ridge into a neighbour)
6bba_d1acb6ff,6bba,85001122,84,31,67,147,50.375,7.324347972869873,0.4609028995037079,9.779838988910987,14537,7.066735816004249,-6.760657923296094,,,12.849491119384766,11.61321783880759,False,23.22741258324956,85001119.0,True,1,0.8484848484848485,False,False,5,True,1,,,0.9995349645614624,0.9998925924301147,False,0.9999771118164062,False,"[-2, -2, 1]",0.9999876022338867,False,9.75,False,False,False,False,>=3 frames,D3 field above threshold but no peak kept (ridge into a neighbour)
6bba_d1acb6ff,6bba,77001025,76,45,43,187,73.125,5.280701637268066,0.4117647111415863,11.05387806848941,13768,3.1179557939563805,-10.605025790631771,,,8.11252498626709,13.53315876599975,False,21.892314576124654,77001024.0,True,0,0.7676767676767676,False,False,6,True,1,,,0.999131977558136,0.9994069337844849,False,0.9998074173927307,False,"[-2, -2, 2]",0.999901533126831,False,11.941262496067994,False,False,False,False,>=3 frames,D3 field above threshold but no peak kept (ridge into a neighbour)
